6.7925,10.566,6.7925,8.3019,6.0377,8.3019,5.283,5.283,10.566,5.283,0.7547,1.5094,1.5094,0,0.7547,0,0,2.2642,0,0,0,1.5094,0,2.2642,0.7547,1.5094,1.5094,0.7547,1.5094,0.7547,0.7547,0,1.5094,0,0.7547,0,0,2.2642,0.7547,0,0,1.5094,0.7547,0.7547,0,0,1.5094,0,1.5094,2.2642,3.7736,0,0.7547,0.7547,0,0,0,0,0.7547,0,0,1.5094,0,1.5094,0.7547,0.7547,0,0,2.2642,1.5094,0,0.7547,0,1.5094,0,2.2642,0,0,0.7547,0,0,0,1.5094,0,2.2642,0.7547,0.7547,0,0,0,0.7547,3.0189,0.7547,1.5094,0.7547,1.5094,0,0,1.5094,0.7547,0,0.7547,0,0,0,1.5094,1.5094,0,1.5094,0,0.2453
12.4419,13.1737,8.0506,9.5144,1.4637,9.5144,1.4637,8.7825,13.1737,1.4637,2.9275,1.4637,2.1956,0,1.4637,0.7319,0,1.4637,0.7319,0.7319,0,2.1956,1.4637,1.4637,0,2.1956,0.7319,0.7319,4.3912,0,2.9275,1.4637,0.7319,0.7319,0,0,0,1.4637,0.7319,0,0.7319,3.6594,0.7319,1.4637,0,0,0,0.7319,2.1956,0,0.7319,0,0,0,0,0,0,0.7319,0,0,0.7319,2.9275,0.7319,1.4637,0,1.4637,0,0,1.4637,0.7319,0,0,0.7319,0.7319,0,0,0,0,0,0,2.1956,0.7319,0.7319,0.7319,0,1.4637,0,2.1956,0.7319,0,1.4637,0,0.7319,2.9275,0,3.6594,0.7319,1.4637,2.1956,0,0,0.7319,0,0,0,0,0,0,0.7319,0,0.2681
3.5714,12.1429,3.5714,11.4286,1.4286,11.4286,2.1429,10,12.1429,2.1429,0,0,0,0,0,0.7143,0.7143,0.7143,0.7143,0,0.7143,5.7143,0.7143,1.4286,0,0.7143,0,0.7143,1.4286,0.7143,0,0,0,0,0.7143,1.4286,0,0.7143,0.7143,0,1.4286,2.1429,0.7143,4.2857,0,0,0.7143,0.7143,0.7143,0.7143,0,0,0,0,0,0.7143,0,0.7143,0,0,0,2.1429,0.7143,1.4286,0,3.5714,0.7143,0.7143,1.4286,0.7143,0,0,0,0.7143,0,0.7143,0,0,0.7143,0,1.4286,0.7143,1.4286,0.7143,0.7143,0.7143,0,3.5714,0.7143,0,0,1.4286,0,2.1429,0,2.1429,0,0.7143,5.7143,0,0,0,0,0.7143,0,0.7143,0,0.7143,0,0,0.2857
9.685,8.9933,6.9179,14.5276,8.9933,14.5276,3.4589,6.2261,8.9933,3.4589,1.3836,0,1.3836,1.3836,2.0754,2.0754,0,1.3836,0,0,0,0.6918,0,0,2.0754,2.7672,0,0,2.7672,0.6918,2.0754,0.6918,0.6918,0,0.6918,0.6918,0,0.6918,0,0.6918,2.0754,1.3836,2.0754,4.1507,0,1.3836,0,0,2.7672,0.6918,2.7672,0.6918,0.6918,0,0.6918,0.6918,0.6918,1.3836,1.3836,0,0,3.4589,1.3836,2.7672,0.6918,4.1507,0.6918,0.6918,0,0.6918,0,0.6918,0,0.6918,0,0.6918,0,0.6918,0.6918,0,1.3836,0.6918,0,0.6918,2.0754,0.6918,0,0.6918,0,0,0,0,0.6918,3.4589,0.6918,1.3836,0.6918,0.6918,0.6918,0.6918,0,0.6918,0,1.3836,0,0,1.3836,0,0,0,0.3082
10.3462,13.3023,5.1731,11.0852,5.9121,11.0852,4.4341,3.6951,13.3023,4.4341,1.478,1.478,0.739,0,2.217,1.478,0.739,0.739,0.739,0.739,1.478,3.6951,0,1.478,0,2.9561,0.739,0,2.9561,0,1.478,1.478,0.739,0,0,0,0,0.739,0.739,0,1.478,2.217,0,2.9561,0,0,0.739,0.739,2.9561,0,1.478,0.739,0.739,0,0,0,0,0,0.739,1.478,0,1.478,0,2.9561,0,2.9561,0.739,0.739,1.478,0.739,0.739,1.478,0,0.739,1.478,0,0,0,0,0,0.739,0,0.739,0.739,0,0.739,0.739,0,0,0,0.739,0,1.478,1.478,1.478,2.217,0.739,0,3.6951,1.478,0,0.739,0.739,0.739,0.739,0.739,0,0.739,0,0,0.261
6.6929,10.7087,5.3543,14.7244,2.6772,14.7244,6.0236,2.6772,10.7087,6.0236,0.6693,0.6693,0.6693,0.6693,0.6693,2.0079,0.6693,0,0.6693,0,0.6693,3.3465,0,0.6693,0,2.6772,0,0,1.3386,2.0079,1.3386,0.6693,0,2.0079,0,0.6693,0,0.6693,0,0,0.6693,2.0079,2.0079,3.3465,0,0,1.3386,0,3.3465,2.0079,1.3386,0,0,0,0.6693,0,0.6693,0,0,0,2.0079,2.0079,1.3386,2.6772,0,3.3465,1.3386,0.6693,0,1.3386,0,0,0.6693,1.3386,0,2.0079,0,0,2.0079,0,0,0,0.6693,0,0,0,0.6693,0.6693,0,0.6693,0,1.3386,0,2.0079,0,2.6772,0,0.6693,3.3465,0,0,0,0,2.0079,1.3386,1.3386,1.3386,0,0,0,0.3307
8.5987,5.2915,8.5987,19.1816,1.9843,19.1816,3.9686,2.6457,5.2915,3.9686,2.6457,1.3229,1.3229,0.6614,0.6614,0.6614,0.6614,0,0,0.6614,0.6614,0,0,0.6614,0,1.9843,0,0,1.3229,0.6614,0.6614,0,1.3229,2.6457,0,2.6457,0,1.3229,0,0,1.9843,1.3229,1.9843,6.6143,0,3.3072,1.3229,0.6614,1.9843,0,0.6614,0,1.3229,0,0,0,0,0,0,0,1.3229,1.3229,0.6614,3.9686,0.6614,7.2758,1.3229,0.6614,0.6614,0.6614,0,1.3229,0,0.6614,0,0,0.6614,0,1.3229,0,0,0,1.3229,0.6614,0,0.6614,0,0,0,0,0.6614,0,0,1.3229,0.6614,1.3229,0,0,0,1.3229,0,0,0.6614,1.3229,0,1.3229,0,0,0,0.6614,0.3386
8.3721,9.0698,4.186,13.9535,4.8837,13.9535,2.093,8.3721,9.0698,2.093,2.093,0.6977,1.3953,0.6977,1.3953,0.6977,0,1.3953,0,0,0,2.7907,0,0,0.6977,5.5814,0,0,0,0,0,0.6977,1.3953,0.6977,0,0,0,1.3953,0,0,0.6977,0.6977,0,3.4884,0.6977,1.3953,0.6977,0.6977,5.5814,0,0.6977,0.6977,0,1.3953,0,0.6977,0,0,0.6977,0,2.093,2.7907,0,2.093,0.6977,3.4884,0.6977,0,0,2.093,0,0,0,2.093,0,0,0,0,0,0,1.3953,0.6977,0.6977,0,0.6977,0.6977,0.6977,3.4884,0,0,0.6977,0,0.6977,2.7907,0.6977,0.6977,0,0.6977,2.7907,0,0,0,0,0.6977,0,0.6977,0,0.6977,0,0,0.3023
14.952,10.4664,2.9904,9.7188,10.4664,9.7188,3.738,5.9808,10.4664,3.738,4.4856,0.7476,0,0.7476,4.4856,1.4952,0.7476,1.4952,0.7476,0,2.2428,2.2428,0,2.2428,0.7476,0.7476,0.7476,0,1.4952,0,0.7476,0,0.7476,0,0.7476,0,0,0,0,0,0.7476,3.738,0.7476,1.4952,0,0,0,1.4952,0.7476,0.7476,4.4856,0.7476,0.7476,0,1.4952,0,0.7476,0,2.2428,0,0,0.7476,0,2.9904,0,1.4952,0.7476,0,2.2428,1.4952,0,1.4952,0,1.4952,0,0.7476,0,0,0,0,1.4952,0,0.7476,0,0.7476,0.7476,0,2.2428,0,0,0,0,0,0.7476,1.4952,3.738,0.7476,0,2.2428,1.4952,0.7476,0.7476,0,0,0.7476,0.7476,0,0,0.7476,0,0.2524
7.0866,17.7165,2.126,6.378,4.9606,6.378,4.252,6.378,17.7165,4.252,0.7087,0.7087,0.7087,0,0.7087,2.126,0,0.7087,1.4173,0,1.4173,7.0866,0,2.126,0.7087,0.7087,1.4173,0.7087,2.8346,0.7087,1.4173,0,0,0.7087,0,0,0,0,0,0,0.7087,3.5433,0,0.7087,0,0,0,0,0.7087,0.7087,0.7087,1.4173,0,0,0.7087,0,0,0.7087,1.4173,0,0,0.7087,0.7087,0,0,0,0.7087,2.126,2.126,0,0,1.4173,0.7087,0,0,0.7087,0.7087,0,0.7087,0,0,0.7087,0,1.4173,1.4173,0,0.7087,0.7087,0.7087,0.7087,1.4173,1.4173,0,0.7087,1.4173,2.8346,0.7087,0.7087,6.378,1.4173,0,0.7087,0,0.7087,0,0,0,0.7087,1.4173,0.7087,0.2913
11.2448,11.2448,4.4979,10.4952,6.7469,10.4952,5.2476,5.9972,11.2448,5.2476,4.4979,0.7497,0.7497,0.7497,1.4993,0.7497,0.7497,0,0.7497,0.7497,0.7497,1.4993,0,2.249,0,4.4979,0.7497,0.7497,0,0.7497,0.7497,0,0.7497,0,0,0,0,1.4993,0.7497,0.7497,0,2.249,0.7497,1.4993,0.7497,0,0,0,4.4979,0.7497,1.4993,0,0,0,1.4993,0.7497,0.7497,1.4993,0,0,1.4993,3.7483,0,0,0,1.4993,0,0.7497,2.249,0.7497,0.7497,0.7497,0.7497,0.7497,0,0.7497,0.7497,0,0.7497,0,0,0,0.7497,0,2.9986,0.7497,0.7497,0.7497,0,0,0.7497,0,0,4.4979,0,1.4993,1.4993,0.7497,1.4993,0.7497,0.7497,2.249,0,0.7497,0,0,0,0,0.7497,0.7497,0.2503
10.5039,7.0026,4.2016,13.305,5.6021,13.305,4.2016,6.3024,7.0026,4.2016,1.4005,0,1.4005,1.4005,1.4005,2.801,0,1.4005,0,0.7003,0,0,0,1.4005,0,2.1008,1.4005,0,1.4005,0.7003,2.1008,0,0,0,0,0.7003,0.7003,0.7003,0,0,2.1008,1.4005,0.7003,4.9018,0,0,0,0.7003,2.1008,1.4005,2.1008,0.7003,0.7003,0,0.7003,0.7003,0.7003,0,0,0,1.4005,1.4005,0.7003,2.801,0,4.2016,0,0.7003,1.4005,0.7003,0.7003,0.7003,0,0.7003,0,1.4005,0,0,0.7003,0,0.7003,0.7003,0,0,2.1008,0,0,2.801,0,0,0,0,0.7003,2.1008,0.7003,1.4005,1.4005,0,0,0.7003,0,2.1008,0,0,0,0,0,0,1.4005,0,0.2997
11.9772,19.1635,7.9848,11.9772,3.9924,11.9772,3.1939,8.7833,19.1635,3.1939,3.1939,0.7985,1.597,0,3.1939,0.7985,0,1.597,0.7985,0,0,2.3954,0.7985,2.3954,0,0.7985,0.7985,0,11.1787,0.7985,2.3954,0.7985,2.3954,0,0,0,0,2.3954,0,0,1.597,6.3878,0.7985,0,0,0,0.7985,0,0.7985,1.597,0.7985,0,0,0,0,0.7985,0,2.3954,0,0,0,2.3954,0.7985,4.7909,0,0,0,0,2.3954,0.7985,0,0,0,0.7985,0,1.597,0,0,0.7985,0,2.3954,0,1.597,0.7985,0.7985,0,0.7985,2.3954,0,0,1.597,4.7909,0,3.1939,0,7.1863,0.7985,0,1.597,0,0,1.597,0,0,0,0.7985,0,0,0.7985,0,0.2015
16.0105,16.811,8.8058,8.0052,4.0026,8.0052,4.8031,10.4068,16.811,4.8031,3.2021,0.8005,4.8031,0.8005,0.8005,0,0,4.0026,1.601,0,0.8005,2.4016,1.601,3.2021,0,0.8005,0,2.4016,3.2021,2.4016,4.8031,0.8005,0,0,0.8005,0,0.8005,0.8005,0.8005,0,0,7.2047,0,0,0,0,0,0,0.8005,0,1.601,0,0.8005,0,0.8005,0,0,0.8005,0,0,0.8005,0.8005,0,1.601,0,0,0,0,3.2021,1.601,0,0.8005,0,1.601,0,0,0,0,2.4016,0,4.0026,0,0,0,0.8005,0,0.8005,1.601,2.4016,0,0.8005,0.8005,0,0.8005,0.8005,7.2047,3.2021,0.8005,1.601,0.8005,0,3.2021,0.8005,0,0,0,0,0,0.8005,0,0.1995
6.0453,18.136,6.801,12.0907,3.7783,12.0907,2.267,9.8237,18.136,2.267,0,0.7557,0,0.7557,0.7557,0,0,3.7783,0,0,0,0,1.5113,6.801,0,0,0,1.5113,6.801,1.5113,0.7557,0.7557,1.5113,0.7557,0.7557,0,0,1.5113,0,0,0,9.068,0.7557,0,0,0.7557,0,1.5113,0,0,1.5113,0,0.7557,0,1.5113,0,0,0,0,0,0,0,0.7557,3.0227,0,0,0,0.7557,6.801,0.7557,0,0,0,0.7557,0,0,0,0,1.5113,0,2.267,0,0.7557,0,0.7557,2.267,0.7557,0.7557,2.267,0,1.5113,6.0453,0,0,0,9.068,1.5113,0,0,0,0,1.5113,0,0,0,0,0,0,0.7557,0,0.2443
15.2735,23.7588,6.7882,8.4853,1.6971,8.4853,1.6971,11.8794,23.7588,1.6971,3.3941,0.8485,0.8485,0,0.8485,0,0.8485,5.0912,2.5456,0,0,5.0912,2.5456,8.4853,0,0.8485,0,0.8485,5.0912,0.8485,2.5456,0.8485,1.6971,0,0.8485,0,0,0.8485,0,0,0,7.6367,0,0,0,0,0,0,0.8485,0,0.8485,0,0,0,0,0,0,0.8485,0,0,0,0,0,0,0,0,0,0,8.4853,0,0,0.8485,0,0,0,0,0,0,0.8485,0,6.7882,0,0.8485,0,0,0,0,2.5456,1.6971,0,1.6971,6.7882,0.8485,0,0,7.6367,0.8485,0.8485,4.2426,0.8485,0,1.6971,0,0,0,0,0,0,0,0,0.1515
8.6681,6.1915,6.8106,16.0978,4.9532,16.0978,1.2383,6.8106,6.1915,1.2383,1.2383,1.2383,1.2383,0.6191,1.8574,1.8574,0,0.6191,0,0,0.6191,0,0,2.4766,0,2.4766,0,0.6191,0,0,1.2383,0,1.2383,1.8574,0,0,0,1.8574,0.6191,0,1.2383,3.0957,2.4766,3.0957,1.2383,0,0,1.2383,3.0957,0.6191,1.2383,0,1.2383,0,0,0.6191,0,1.2383,0,0,1.2383,1.8574,0.6191,3.7149,1.2383,3.0957,0.6191,0.6191,2.4766,0.6191,0,0,0,0.6191,0,0.6191,0,0,0,0,0.6191,0,0,0.6191,0.6191,3.7149,0.6191,0.6191,0,0,0.6191,0,0,2.4766,0,3.0957,0,0,0,0,0,0,0,0.6191,0,0.6191,0,0,0,0,0.3809
3.3941,16.9705,0,5.0912,11.8794,5.0912,16.122,11.8794,16.9705,16.122,0,0.8485,0,0,0.8485,0,0.8485,0.8485,0,0,0,0,0,2.5456,0,0,0,0,5.0912,9.3338,0,0,0,0,0,0,0,0,0,0,0,5.0912,0,0,0,0,0,0,0,0,2.5456,0,0,0,0,0,0,6.7882,0,2.5456,0,0,0,0,0,0,0,0,2.5456,2.5456,0,0,0,2.5456,0,0,0,2.5456,9.3338,1.6971,0.8485,0,0,0,7.6367,0,1.6971,0.8485,0,0,0,1.6971,0,0,1.6971,5.0912,8.4853,0,0,0,0,8.4853,0,0,1.6971,0,5.0912,0.8485,0,0,0.1515
13.2714,14.746,11.0595,14.0087,2.2119,14.0087,1.4746,1.4746,14.746,1.4746,5.1611,0,2.9492,0.7373,0.7373,2.2119,0,0,1.4746,0,2.9492,0,0.7373,1.4746,1.4746,5.1611,0,0,2.9492,0,3.6865,1.4746,1.4746,1.4746,0,0,0,1.4746,1.4746,0,0,2.9492,2.2119,2.9492,0,0,0,0,5.1611,0.7373,0,0,1.4746,0.7373,0,0,0,0,0,0,0.7373,2.2119,0.7373,4.4238,0,2.9492,0,0,2.9492,0,0,0.7373,0,0,0,0.7373,0,0,0,0,0,0,1.4746,0,0,0,0,0,0,0,0.7373,5.8984,0,2.2119,0,2.9492,1.4746,0,0,0.7373,0,1.4746,0,0,0,0,0,0,0,0,0.2627
2.1951,20.4878,5.122,10.9756,2.9268,10.9756,2.1951,10.9756,20.4878,2.1951,0,0,0,0.7317,0,0.7317,0,0.7317,0,0,0.7317,9.5122,2.1951,2.1951,0.7317,2.1951,0,1.4634,1.4634,0,0,1.4634,0,0.7317,0,0,0.7317,0,2.1951,0,0,5.8537,0,1.4634,0,0,0,0.7317,2.1951,0,0,0,0,0,0,0,0,2.1951,0,0.7317,0.7317,1.4634,1.4634,1.4634,0,2.1951,0,1.4634,1.4634,0.7317,0,0.7317,0,0.7317,0,0,0,0,0.7317,0,0.7317,0.7317,0.7317,1.4634,2.1951,0,0.7317,2.1951,2.1951,0,0,0,0,1.4634,0,5.8537,0.7317,1.4634,10.2439,0.7317,0,0.7317,0.7317,0,0,0,0,0.7317,0,0,0.2683
6.6372,11.2832,6.6372,14.6018,3.9823,14.6018,1.3274,8.6283,11.2832,1.3274,0.6637,0,0.6637,1.3274,0,1.3274,0,1.9912,0.6637,0,1.3274,0,0.6637,5.3097,0.6637,0.6637,0.6637,0.6637,1.3274,0,0.6637,0,0,0.6637,0.6637,1.3274,0,1.3274,1.9912,0,0.6637,5.3097,1.3274,4.646,0.6637,0,0,0.6637,0.6637,0.6637,1.3274,0,0,0,0,1.3274,0,0,0.6637,0,0.6637,1.9912,1.3274,0.6637,0,3.9823,0,1.9912,3.9823,0,0,0.6637,0,0,0,0.6637,0,0,0,0,0.6637,0,1.3274,0,1.9912,1.3274,0,1.9912,1.3274,0,0.6637,2.6549,0.6637,1.9912,0,3.9823,0.6637,0,0,0.6637,0,0.6637,0,0,0,0,0,0,0.6637,0,0.3363
9.9762,10.6888,7.8385,12.114,5.7007,12.114,3.5629,9.9762,10.6888,3.5629,1.4252,0.7126,2.8504,1.4252,0.7126,0,0.7126,2.1378,0,0,0,2.1378,0.7126,0,0.7126,3.5629,1.4252,0.7126,0.7126,0.7126,2.1378,0,0.7126,0,0,0,0,2.8504,1.4252,0.7126,0.7126,1.4252,1.4252,1.4252,0,0,0.7126,2.1378,3.5629,0.7126,1.4252,0,0.7126,0.7126,1.4252,0,0,0,0.7126,0,1.4252,3.5629,0,4.2755,0,2.1378,0,0,0,0.7126,0.7126,0.7126,0,0.7126,0,0.7126,0,0.7126,0,0,1.4252,0,1.4252,0,1.4252,3.5629,0,1.4252,0.7126,0,0,1.4252,0,3.5629,0.7126,1.4252,0.7126,0,2.1378,0.7126,0,0.7126,0,0,0.7126,0.7126,0,0,1.4252,0,0.2874
3.9164,15.6658,1.5666,7.0496,5.483,7.0496,10.9661,16.4491,15.6658,10.9661,0.7833,0,0,0,0,0,0,3.1332,0,0,0.7833,0.7833,0,3.1332,0,0.7833,0,1.5666,2.3499,6.2663,0,0,0,0,0,0,0,1.5666,0,0,0,5.483,0,0,0.7833,0,0,0,0.7833,0,0,0,0,0,0.7833,0,0.7833,3.1332,0,0.7833,0,0,0,0,0,0,0,0.7833,3.9164,2.3499,0,0.7833,0,2.3499,0,0,0.7833,0.7833,6.2663,0,2.3499,0.7833,0.7833,1.5666,2.3499,0.7833,2.3499,3.1332,1.5666,0,0,1.5666,0,0,0,5.483,6.2663,0.7833,0.7833,0.7833,0,6.2663,0.7833,0,1.5666,0,0.7833,0.7833,0,0.7833,0.2167
13.6428,6.8214,3.4107,12.9606,4.0928,12.9606,2.0464,2.0464,6.8214,2.0464,2.7286,0,1.3643,0.6821,3.4107,3.4107,0.6821,0,1.3643,0,1.3643,0.6821,0,1.3643,0,3.4107,0,0,0,0,2.0464,0,0,0.6821,0,0,0,0.6821,0,0,2.7286,2.7286,0.6821,2.0464,0.6821,0,0,0,3.4107,0.6821,2.7286,0,0,0,0,0.6821,0,0,0,0,0.6821,3.4107,0.6821,2.7286,0,2.0464,0.6821,0,1.3643,1.3643,0,0,0,1.3643,0,0.6821,0,0,0,0,1.3643,0,0.6821,0,0,0,0,0,0,0,0,0,0,3.4107,0,2.7286,0,0,0.6821,0,0,0,0,0.6821,0,0,0.6821,0.6821,0,0,0.3179
10.5336,11.3439,3.2411,6.4822,4.0514,6.4822,1.6206,10.5336,11.3439,1.6206,2.4308,0,1.6206,0,0.8103,0,0,3.2411,1.6206,0.8103,1.6206,2.4308,0,2.4308,0,2.4308,0.8103,0,1.6206,0,0.8103,0.8103,0,0,0,0,0,1.6206,0,0,0,2.4308,0,0.8103,0,0,0,0,2.4308,0.8103,0.8103,0.8103,0.8103,0,0.8103,0,0,0.8103,0,0,0,1.6206,0,0,0,0.8103,0.8103,0.8103,2.4308,0,0,0,0,0,0.8103,0.8103,0,0,0,0,4.0514,1.6206,0.8103,0,0.8103,0,0,2.4308,0,0,0.8103,1.6206,0,2.4308,0,2.4308,0,1.6206,2.4308,0,0,0,0,0.8103,0,0,0,0,0.8103,0,0.1897
7.9018,12.5112,4.6094,13.1696,3.2924,13.1696,1.9754,7.2433,12.5112,1.9754,1.9754,0.6585,0.6585,0,0.6585,1.317,0,1.317,0.6585,0,1.317,3.9509,0,0,0.6585,3.2924,0,0.6585,2.6339,0,0.6585,0.6585,0.6585,0.6585,0,0.6585,0,0.6585,0.6585,0,1.317,2.6339,0,1.9754,0,0,0.6585,1.9754,3.9509,0.6585,0.6585,0,0.6585,1.9754,0,0,0,0,0,0,1.317,1.9754,0.6585,5.2679,1.317,1.317,0,1.317,0,0,0,0.6585,0,0,0,0.6585,0,0,0.6585,0,0,0,1.317,0.6585,0.6585,2.6339,0,1.317,0,0.6585,0.6585,0,0.6585,2.6339,0,2.6339,1.317,0,3.9509,0.6585,0,1.317,0,0,0,0.6585,0,0,0,0,0.3415
14.2126,10.4724,12.7165,13.4646,4.4882,13.4646,2.9921,14.9606,10.4724,2.9921,3.7402,1.4961,1.4961,2.2441,1.4961,0,0,2.2441,0.748,0,0.748,1.4961,0.748,2.2441,0,2.2441,1.4961,0,1.4961,0,3.7402,1.4961,2.2441,0,0,0.748,0,3.7402,0.748,0,0.748,3.7402,0.748,2.2441,0,1.4961,0,0,2.2441,2.2441,1.4961,0,0.748,0,0.748,0,0.748,0.748,0,0,0,1.4961,2.2441,2.9921,0.748,2.2441,0.748,0,2.2441,0.748,0,0,0,0.748,0,2.2441,0,0,0,0,2.2441,0.748,2.9921,0,0.748,0.748,0,7.4803,0,0,0.748,0,1.4961,2.2441,0,3.7402,0,0.748,1.4961,0,0,0,0,0.748,0.748,0,0,0,1.4961,0,0.252
11.525,14.5984,4.61,16.9034,11.525,16.9034,3.0733,5.3783,14.5984,3.0733,3.0733,0,0,0.7683,3.8417,0,0.7683,1.5367,1.5367,0,0,4.61,1.5367,1.5367,0.7683,2.305,1.5367,0,1.5367,0.7683,0.7683,0,0.7683,0,0,1.5367,0,1.5367,0,0,3.0733,3.8417,0,4.61,0,0,0.7683,0.7683,2.305,1.5367,2.305,0.7683,1.5367,0,3.8417,0.7683,0,1.5367,0,0,0,3.0733,0.7683,6.1467,0,4.61,0,0,1.5367,0.7683,0,0,0,0.7683,0,1.5367,0,0,0.7683,0,2.305,0.7683,0,0,1.5367,0.7683,0,0,0,0,0,1.5367,0,3.0733,0.7683,3.8417,0,0,5.3783,0,0,0,0,0,0.7683,0.7683,0,0,1.5367,0,0.2317
6.631,11.7885,9.5782,15.4724,8.8414,15.4724,2.9471,11.7885,11.7885,2.9471,0.7368,0,0.7368,0,1.4736,2.2103,0.7368,0.7368,0,0,0,1.4736,0,2.2103,0,2.2103,1.4736,1.4736,2.9471,0,1.4736,0,3.6839,0,1.4736,0,0,1.4736,0.7368,0,1.4736,2.9471,0.7368,2.2103,2.2103,2.9471,0,0.7368,2.2103,0,0.7368,0,1.4736,0.7368,0.7368,2.2103,0,2.2103,0,0.7368,0.7368,2.9471,0,5.8943,0,1.4736,0,0.7368,2.2103,1.4736,0,0.7368,0,1.4736,0.7368,0,0,0,0,0,1.4736,0,1.4736,0,2.2103,1.4736,0,4.4207,0.7368,0,0,2.9471,0,2.9471,0,2.9471,0.7368,0,1.4736,0.7368,0,0.7368,0.7368,0,0,0,0,0,1.4736,0,0.2632
6.3941,12.7882,9.9464,7.815,2.8418,7.815,3.5523,8.5255,12.7882,3.5523,0.7105,0,2.1314,0,0.7105,0,0,2.8418,0,0,1.4209,1.4209,1.4209,1.4209,0,2.1314,0.7105,1.4209,1.4209,1.4209,1.4209,1.4209,0.7105,0.7105,0,0,0,1.4209,3.5523,0,0,2.8418,1.4209,0.7105,0,0,0,0,2.1314,0.7105,0,0.7105,1.4209,0,0,0,0,0,0.7105,0,0,2.1314,0.7105,1.4209,0,0.7105,0.7105,0.7105,1.4209,0,0,0.7105,0,0,0,0.7105,0.7105,0,1.4209,0,1.4209,1.4209,0.7105,0.7105,2.1314,1.4209,0,0.7105,0,0,1.4209,0,1.4209,2.1314,0,2.8418,1.4209,1.4209,1.4209,0.7105,0,1.4209,0,0.7105,0,0,0,0,0.7105,0.7105,0.2895
6.9754,9.7656,12.5558,15.346,2.7902,15.346,3.4877,8.3705,9.7656,3.4877,2.7902,0.6975,1.3951,0,0,0.6975,0,0,1.3951,0,0,2.0926,1.3951,2.0926,0,2.7902,0,0,1.3951,0,1.3951,0.6975,3.4877,0,0.6975,0.6975,0,5.5804,0,0,1.3951,1.3951,1.3951,3.4877,0,0,0.6975,2.7902,2.7902,1.3951,0,0,0.6975,0.6975,0.6975,0,0,0,0,0,0,3.4877,0.6975,4.1853,0,3.4877,0,0,1.3951,2.0926,0,0,0,2.0926,0,1.3951,0,0,0,0,1.3951,0,2.7902,0,0,3.4877,0,0,0.6975,0,0,0,0.6975,2.7902,1.3951,1.3951,1.3951,0,2.0926,0,0,1.3951,0,0,0,0.6975,1.3951,0,0,0,0.3025
6.0325,15.0812,5.2784,12.819,3.7703,12.819,5.2784,17.3434,15.0812,5.2784,0,1.5081,0,0,0.7541,0,0.7541,2.2622,0,0,0,2.2622,0,0.7541,0,6.0325,2.2622,1.5081,1.5081,0.7541,0.7541,1.5081,1.5081,0.7541,0,0,0,0.7541,0,0,0,2.2622,0,2.2622,0,0,0,2.2622,6.0325,0,0.7541,0.7541,0,0,0,0,0,2.2622,0,0,0,2.2622,0,3.0162,0,3.0162,0,0.7541,0.7541,3.0162,0,1.5081,0,3.0162,0,0,0,0,0.7541,0,3.0162,0.7541,3.0162,0.7541,0.7541,0.7541,2.2622,4.5244,1.5081,0,0.7541,1.5081,0,2.2622,2.2622,2.2622,0,1.5081,3.0162,1.5081,0.7541,0,0.7541,0,0,0.7541,0,1.5081,1.5081,0,0.2459
21.3914,4.1403,4.1403,15.181,7.5905,15.181,5.5204,2.0701,4.1403,5.5204,11.0407,0,1.3801,2.0701,2.0701,0.69,0,2.0701,0,1.3801,0.69,0,0,0.69,0.69,1.3801,0,0,0,0.69,2.0701,0,0,0.69,0,0,0.69,0,0,0.69,0.69,2.7602,0,5.5204,0,1.3801,2.0701,0,1.3801,1.3801,2.0701,0,0.69,1.3801,1.3801,0.69,0,0,1.3801,0,1.3801,0.69,1.3801,0.69,2.0701,4.8303,2.0701,0,0.69,1.3801,1.3801,0,0,1.3801,0.69,1.3801,0,0,0.69,0,0.69,0,0.69,0.69,0,0,0,0,0,0,0,0,0,0.69,0,2.7602,0.69,0,0,0,0.69,0.69,0,1.3801,0.69,2.0701,0,0,0,0,0.31
15.828,10.3226,8.2581,11.6989,5.5054,11.6989,2.0645,11.0108,10.3226,2.0645,4.8172,2.0645,0.6882,1.3763,1.3763,2.0645,0,3.4409,0,0,1.3763,0.6882,0,1.3763,0,4.129,0.6882,0,1.3763,0.6882,0.6882,0.6882,2.0645,1.3763,0.6882,0,0,2.7527,0,0,1.3763,0.6882,2.0645,2.7527,0,0,0,0.6882,4.129,0,2.0645,0.6882,0.6882,0,0.6882,0.6882,0,0,0.6882,0,1.3763,2.0645,0.6882,2.0645,0,2.7527,0,1.3763,1.3763,0,0,1.3763,0,0,0,0,0,0,0.6882,0,2.7527,0.6882,1.3763,0.6882,1.3763,1.3763,0,2.0645,0,0,1.3763,0,0,2.0645,1.3763,0.6882,1.3763,0.6882,1.3763,1.3763,0,1.3763,0,0,0,0,0,0,0.6882,0,0.3118
16.3765,8.8706,6.8235,11.6,4.7765,11.6,2.7294,5.4588,8.8706,2.7294,8.1882,2.0471,1.3647,0,0.6824,0.6824,0.6824,0.6824,0.6824,1.3647,2.7294,0.6824,0,2.7294,0,1.3647,0.6824,0,0,0.6824,1.3647,0,1.3647,2.0471,0,0.6824,0,0,1.3647,0,0,3.4118,1.3647,0.6824,0,2.0471,0.6824,1.3647,1.3647,0.6824,1.3647,0.6824,0.6824,0.6824,0,0,0,0.6824,0.6824,0,2.7294,2.0471,0,2.7294,0,0.6824,0.6824,0,2.7294,0,0,0,0,0,1.3647,0.6824,0,0,0.6824,0,0,0,0,0,1.3647,1.3647,0,2.0471,0,0,0,0,1.3647,2.0471,1.3647,3.4118,0,0,0.6824,0,0,0,0.6824,0.6824,0,0.6824,0,0,0.6824,0,0.3176
7.5765,15.1531,2.7551,7.5765,4.8214,7.5765,4.1327,6.199,15.1531,4.1327,1.3776,0.6888,1.3776,0,0,2.0663,0.6888,0.6888,0.6888,0,0.6888,3.4439,0,1.3776,0.6888,2.0663,0,1.3776,4.1327,1.3776,0.6888,0,0.6888,0,0,0,0,0.6888,0.6888,0,2.0663,2.0663,0.6888,0.6888,0,0,0,0,1.3776,0.6888,1.3776,0.6888,0,0,0,0,0,0.6888,0.6888,0.6888,0,2.0663,0,0,0.6888,0.6888,0.6888,0.6888,1.3776,1.3776,0,0,0,1.3776,0.6888,0.6888,0,0,1.3776,0,0,2.0663,0,0.6888,1.3776,0.6888,0,0,1.3776,0,1.3776,1.3776,0,2.7551,0.6888,1.3776,2.7551,1.3776,3.4439,0,0,2.7551,0,0.6888,0.6888,0,0,0,0,0,0.3112
4.8262,5.4294,5.4294,14.4785,4.2229,14.4785,3.6196,10.2556,5.4294,3.6196,0.6033,0,0,0,0.6033,2.4131,0,1.2065,0,0,0.6033,0.6033,0,0.6033,0,1.8098,0.6033,1.2065,0,0,1.8098,0,0.6033,0,0,0.6033,0,1.8098,0.6033,0,1.8098,1.2065,1.8098,2.4131,1.2065,1.2065,0.6033,3.0164,1.2065,0,0,0,0.6033,1.2065,0,1.2065,0,1.2065,0,0,0,3.0164,0,3.6196,1.2065,2.4131,1.2065,0.6033,0.6033,1.8098,0,0.6033,0.6033,1.2065,0.6033,0,0.6033,0,0,0,0,0,1.2065,1.2065,0.6033,3.0164,0.6033,1.2065,1.8098,0,0,0,0,3.0164,0,1.2065,0,0,0.6033,0.6033,0,0,0,1.2065,0,0.6033,0,0,0.6033,1.2065,0.3967
11.6788,14.5985,6.5693,8.7591,5.8394,8.7591,5.8394,5.8394,14.5985,5.8394,2.9197,0.7299,0.7299,1.4599,0.7299,1.4599,0.7299,2.9197,0,0,0,3.6496,0,1.4599,0.7299,1.4599,1.4599,0,2.9197,2.9197,1.4599,0.7299,1.4599,0,0,0,0,1.4599,0.7299,0,1.4599,2.9197,0,1.4599,0,0,0,0,1.4599,1.4599,2.1898,1.4599,0,0.7299,0,0.7299,0,0,0.7299,0,0.7299,1.4599,0.7299,1.4599,1.4599,0.7299,0.7299,0,1.4599,0,0,0.7299,0.7299,0,0,1.4599,0,0,2.9197,0,1.4599,0,1.4599,0,1.4599,0,0.7299,0,0,0.7299,1.4599,1.4599,0.7299,1.4599,0.7299,2.9197,2.1898,0,2.9197,0.7299,0,1.4599,0.7299,0.7299,0.7299,0,0,0.7299,1.4599,0,0.2701
11.4815,9.4553,6.7538,11.4815,4.7277,11.4815,6.0784,7.4292,9.4553,6.0784,2.7015,0,0,2.0261,1.3508,2.0261,0.6754,1.3508,0.6754,0,0.6754,0,0,0.6754,0,2.7015,2.0261,1.3508,1.3508,0.6754,3.3769,0,0.6754,0,0,0,0,0.6754,1.3508,0.6754,1.3508,2.7015,0.6754,1.3508,0,0,1.3508,1.3508,2.0261,0.6754,1.3508,0.6754,0.6754,0,1.3508,0,0,0.6754,0,0,0.6754,2.7015,1.3508,1.3508,0,1.3508,1.3508,0.6754,0.6754,1.3508,0.6754,2.7015,0,1.3508,0,0.6754,0,0,0.6754,0,0,0,2.0261,0.6754,1.3508,1.3508,0,1.3508,0.6754,0,0,0,0,2.7015,0.6754,2.7015,0.6754,0,0,2.7015,0.6754,0.6754,0.6754,1.3508,0,0.6754,0,0,2.0261,0,0.3246
8.3007,11.0675,4.842,11.7593,4.1503,11.7593,6.2255,13.1427,11.0675,6.2255,2.0752,0,1.3834,1.3834,1.3834,0,0.6917,0.6917,0.6917,0,0,2.7669,0,2.0752,1.3834,3.4586,0.6917,0,0,0.6917,1.3834,0.6917,0.6917,0,0,0,0,1.3834,0,0,0.6917,2.7669,0.6917,0.6917,0,0,0,2.7669,3.4586,0.6917,0,0,0,0,0,0,0.6917,1.3834,1.3834,0.6917,0.6917,1.3834,0.6917,1.3834,0,1.3834,0.6917,1.3834,2.0752,2.0752,0,0.6917,0,2.0752,0.6917,0.6917,0.6917,0.6917,0.6917,0,1.3834,0,1.3834,1.3834,0,2.7669,1.3834,4.1503,0,0.6917,0.6917,1.3834,0,1.3834,0,2.7669,1.3834,0,2.7669,0.6917,1.3834,1.3834,0,1.3834,0.6917,0,0,0.6917,0,0.6917,0.3083
11.1146,12.5965,1.4819,14.0785,10.3736,14.0785,2.9639,6.6687,12.5965,2.9639,3.7049,0.741,0.741,0,2.9639,0.741,0.741,0.741,0,0,0,2.2229,0,4.4458,0,3.7049,0,0.741,1.4819,0,1.4819,0,0,0,0,0,0,0,0,0,0,3.7049,0,3.7049,0.741,0,0.741,0.741,3.7049,0.741,0.741,0.741,0,1.4819,3.7049,0.741,0.741,1.4819,0.741,0,2.2229,0.741,0,1.4819,0,3.7049,0.741,0,4.4458,0.741,0,0.741,0,0.741,0,0.741,0,0.741,0,0,1.4819,0.741,0,0.741,0.741,0.741,0,1.4819,0,0.741,1.4819,2.9639,0,0.741,0.741,2.9639,0,0.741,2.2229,0.741,0,0,0.741,0.741,0.741,0.741,0,0,0,0,0.259
4.9876,11.4002,3.5626,13.5378,5.7001,13.5378,4.2751,9.9752,11.4002,4.2751,0.7125,0.7125,0,0.7125,0.7125,0,0,1.425,0,0.7125,1.425,0.7125,0,2.1375,0.7125,3.5626,1.425,0,1.425,0,0,0.7125,1.425,0,0,0,0,1.425,0,0,0.7125,2.1375,0.7125,3.5626,0,0,0,1.425,4.2751,0.7125,0.7125,1.425,0,0,0,0,0.7125,1.425,0.7125,0,0.7125,3.5626,0,2.1375,0.7125,3.5626,0,0.7125,2.1375,0,0,2.1375,0,0,0,1.425,0.7125,0,0,0,0,0,1.425,1.425,2.1375,2.8501,1.425,0.7125,0,0,0.7125,0,0,3.5626,0.7125,2.1375,0,0.7125,1.425,2.1375,0,0,0,0,0.7125,0,0,1.425,1.425,0.7125,0.2875
10.4533,13.44,0.7467,9.7067,9.7067,9.7067,5.9733,5.2267,13.44,5.9733,2.9867,0.7467,0,0,2.9867,0.7467,0,1.4933,1.4933,0,0.7467,0.7467,0,2.24,2.24,2.24,2.9867,0,1.4933,0.7467,0,0,0,0,0,0,0,0.7467,0,0,0,2.24,0.7467,2.9867,0,0,0.7467,0,2.24,0.7467,2.24,1.4933,0,1.4933,0,0,0,0,2.24,1.4933,0.7467,1.4933,0,0.7467,0.7467,2.9867,0,0.7467,2.24,0,0.7467,0.7467,0,0,0.7467,0.7467,0.7467,0,0.7467,1.4933,2.24,0,0,0.7467,0.7467,0,0,1.4933,0,0,0.7467,4.48,0,1.4933,1.4933,2.24,1.4933,0,0.7467,0.7467,0,1.4933,0,0,0,0.7467,0,0.7467,2.24,0.7467,0.2533
4.192,9.0826,3.4933,13.2746,6.9866,13.2746,5.5893,10.48,9.0826,5.5893,0.6987,0,0,0.6987,0.6987,0,1.3973,0.6987,0,0,0,0.6987,0,2.096,0,3.4933,2.096,0.6987,0,0,1.3973,0,0,0.6987,0,0,0,1.3973,0,0,0.6987,2.096,0,3.4933,0,0,0,1.3973,3.4933,2.096,0.6987,0.6987,2.096,0,0.6987,0.6987,0,2.096,0,0,0.6987,2.7947,0,0,0.6987,3.4933,0.6987,1.3973,2.096,1.3973,0,1.3973,0,1.3973,0,2.096,0.6987,0,0,0,0,0,1.3973,2.096,1.3973,1.3973,0.6987,2.096,0.6987,0,0,1.3973,0,2.096,1.3973,2.096,0,0,0.6987,1.3973,0,0,0,0.6987,2.096,0,0,0,2.096,0.6987,0.3013
8.968,9.6578,1.3797,13.7969,10.3477,13.7969,6.2086,6.8985,9.6578,6.2086,0.6898,0.6898,0,0,2.0695,2.0695,1.3797,0.6898,0.6898,0.6898,1.3797,0.6898,0,1.3797,0.6898,2.7594,1.3797,0.6898,0,0.6898,0.6898,0.6898,0,0,0,0,0,0,0,0,2.0695,4.1391,0,2.0695,0,0,0,1.3797,2.7594,1.3797,0.6898,0,0,1.3797,1.3797,0,2.0695,1.3797,2.0695,1.3797,0.6898,2.0695,0,4.1391,0.6898,2.7594,1.3797,0.6898,1.3797,0,0,0,0.6898,0,1.3797,1.3797,0,0.6898,0.6898,1.3797,2.0695,0.6898,0,1.3797,1.3797,0,0,0,0,0.6898,0.6898,0,0.6898,2.0695,0,4.1391,0,1.3797,0.6898,0,0,0.6898,0,1.3797,2.7594,0,0,0,1.3797,0,0.3102
4.4062,9.4418,1.8884,8.8124,6.924,8.8124,6.2945,5.0356,9.4418,6.2945,0,0,0,0.6295,0.6295,1.2589,0,0.6295,1.2589,0,0,1.8884,0.6295,1.2589,1.8884,0.6295,0.6295,1.2589,1.2589,0,0,0.6295,0,0,0,0,0,0,1.2589,0,1.2589,2.5178,0,0.6295,0,0,0,1.8884,0.6295,1.8884,1.8884,0.6295,0,0.6295,1.2589,0,1.2589,0,0.6295,0,0,1.2589,0,0,1.2589,0.6295,1.8884,0,1.2589,2.5178,0,1.2589,0,2.5178,0,1.8884,0,0.6295,0,0,0,0.6295,0,0,0.6295,1.8884,0.6295,0,0.6295,0.6295,0,0,1.2589,1.2589,0.6295,2.5178,0.6295,0,1.8884,1.2589,0.6295,0.6295,0,1.8884,0.6295,0,1.2589,0.6295,0.6295,0,0.3705
4.0696,12.8872,9.4958,10.8523,1.3565,10.8523,2.0348,10.8523,12.8872,2.0348,1.3565,0,1.3565,0,0,0,0,1.3565,0,0,0.6783,3.3914,2.0348,2.0348,0,2.0348,0.6783,0,1.3565,0.6783,0,0.6783,0.6783,1.3565,0,0.6783,0,3.3914,2.0348,0,0,2.0348,0.6783,1.3565,0.6783,0.6783,0,2.7131,2.7131,0,0,0,0,0.6783,0,0,0,0.6783,0,0,0.6783,3.3914,0,1.3565,0,2.0348,0.6783,0.6783,2.0348,0,0,1.3565,0,0,0,0,0,0,0.6783,0,1.3565,0,1.3565,0.6783,0.6783,4.0696,0,2.0348,0.6783,0,0,1.3565,2.7131,2.7131,0,1.3565,0.6783,0,2.7131,1.3565,0,0.6783,0,0.6783,0,0,0,0,0.6783,0,0.3217
10.93,12.9793,2.0494,10.2468,11.6131,10.2468,2.0494,6.8312,12.9793,2.0494,2.7325,0,0.6831,0.6831,3.4156,0,0,1.3662,2.0494,0,0.6831,2.0494,0,1.3662,0.6831,3.4156,0.6831,1.3662,2.7325,0,0,0.6831,0,0.6831,0,0,0,0.6831,0,0,1.3662,4.0987,0,0,0,0,0,0,4.7819,0,2.0494,2.0494,0.6831,1.3662,2.7325,1.3662,0,0.6831,0,0.6831,0.6831,2.0494,0.6831,1.3662,1.3662,0,1.3662,1.3662,0.6831,0.6831,0.6831,0.6831,0,0.6831,0,0,0,0,0,0,1.3662,0,0,0.6831,2.0494,1.3662,0,0.6831,0,0,1.3662,1.3662,0,2.0494,1.3662,4.0987,0,0,2.0494,0.6831,0,0,0,1.3662,0,0,0,0,0.6831,0,0.3169
4.8491,9.6982,5.5418,8.3128,0,8.3128,6.9273,10.3909,9.6982,6.9273,0.6927,0.6927,0,0.6927,0,0.6927,0,0.6927,0.6927,0,0,0.6927,0,1.3855,0,0.6927,2.0782,0,4.1564,0.6927,0.6927,0.6927,0.6927,0.6927,0,0,0,1.3855,0.6927,0.6927,0.6927,2.0782,0,2.0782,0,0,0,0.6927,0.6927,2.0782,0,0,0,0,0,0,0,0,0,0,1.3855,0,0.6927,0,0,2.0782,2.0782,0.6927,0.6927,0.6927,0.6927,2.0782,0.6927,0.6927,0,2.0782,0,0,0.6927,0,0,0.6927,1.3855,0.6927,0,0.6927,1.3855,4.8491,0,0.6927,0,2.7709,1.3855,0,0,2.0782,0,1.3855,0,2.0782,0,0,0.6927,2.0782,0,0,1.3855,0.6927,2.0782,0,0.3073
9.0341,16.5625,3.7642,7.5284,8.2812,7.5284,3.0114,5.2699,16.5625,3.0114,4.517,1.5057,1.5057,0.7528,0,0,0,0,0.7528,0,0.7528,4.517,0,1.5057,3.0114,3.7642,0.7528,0,2.2585,0,0.7528,0.7528,0.7528,0,0,0,0,0,1.5057,0,0,0.7528,0,1.5057,0.7528,0,0,0,3.7642,0.7528,0.7528,0,0.7528,0.7528,1.5057,0.7528,0,1.5057,1.5057,0,0.7528,2.2585,0,0,0.7528,1.5057,0,0,1.5057,0.7528,0,0,0,0.7528,0.7528,0,0,1.5057,0,0,0.7528,0,0.7528,0,0,0.7528,0,1.5057,0,1.5057,0.7528,4.517,0,2.2585,0.7528,0.7528,2.2585,0.7528,4.517,0,0,2.2585,0,0,0,0,0,0,0.7528,0,0.2472
11.1111,12.5,11.8056,12.5,0.6944,12.5,6.25,4.8611,12.5,6.25,2.0833,0.6944,1.3889,0,0,2.7778,1.3889,0,2.0833,0.6944,0.6944,1.3889,2.0833,2.0833,0,0.6944,2.0833,0,1.3889,2.0833,4.8611,1.3889,2.7778,0,0,0,0,1.3889,0.6944,0,1.3889,2.7778,2.0833,1.3889,0,0.6944,0.6944,0.6944,0.6944,2.0833,0,0,0.6944,0,0,0,0,0,0,0,0.6944,3.4722,0,3.4722,0,1.3889,0,0.6944,2.0833,0.6944,0,0.6944,0.6944,0.6944,0,2.0833,0,0,2.0833,0,0.6944,0.6944,0,1.3889,0.6944,0.6944,0,0.6944,0,0,0.6944,0,0.6944,3.4722,0,3.4722,1.3889,0.6944,1.3889,0.6944,0,1.3889,1.3889,0,0,0.6944,0.6944,0,2.0833,0,0.3056
2.7527,17.2046,6.8819,6.8819,4.8173,6.8819,3.4409,8.9464,17.2046,3.4409,0.6882,0,0.6882,0,0,0,0,0.6882,0,0,0,4.1291,2.7527,0.6882,1.3764,2.0646,1.3764,1.3764,2.0646,1.3764,0,2.0646,0.6882,0,0,0.6882,0,1.3764,2.0646,0,0.6882,2.7527,0,0,0.6882,0,0.6882,0,1.3764,0.6882,0,1.3764,0,0,0.6882,0,0,0.6882,2.0646,0,0,2.7527,0,1.3764,0,0,0,2.0646,0.6882,0,0,0.6882,0,0,0,0.6882,0.6882,0,1.3764,0,0.6882,1.3764,0.6882,2.0646,0.6882,0,0,1.3764,2.0646,0,0.6882,1.3764,1.3764,2.7527,1.3764,2.7527,0.6882,1.3764,4.1291,0.6882,0,0.6882,0,0,0,0.6882,0,0,1.3764,0.6882,0.3118
12.5931,11.8935,3.4981,9.7946,2.7985,9.7946,3.4981,7.6958,11.8935,3.4981,4.1977,0.6996,1.3992,2.7985,0.6996,0.6996,0,1.3992,0,0,0,2.7985,0,0.6996,0,2.7985,1.3992,0.6996,2.7985,0.6996,2.0988,0.6996,0,0,0,0,0,0.6996,0,0,2.0988,2.7985,0,0.6996,0,0,0,0.6996,2.7985,0.6996,0,0,0,1.3992,0,0,0,1.3992,0,0,2.0988,2.7985,0,0,0.6996,2.0988,0,0,0.6996,1.3992,0,0,0.6996,1.3992,0,0.6996,0,0,0.6996,0,0.6996,0.6996,1.3992,0,0.6996,0,0.6996,2.0988,0.6996,0.6996,0.6996,0,0,2.7985,0.6996,2.7985,1.3992,0.6996,2.7985,0,0,1.3992,0,0,0,0.6996,0,0,1.3992,0,0.3004
7.9962,12.3578,7.9962,10.177,5.8154,10.177,5.0885,7.2693,12.3578,5.0885,1.4539,0.7269,0,0,2.9077,0.7269,0,0,1.4539,0.7269,1.4539,1.4539,0.7269,4.3616,0,2.1808,0.7269,0,1.4539,0,1.4539,0.7269,2.1808,0.7269,0,0,0,2.1808,0.7269,0,0.7269,5.0885,0,0,0.7269,0,0,0.7269,2.1808,0.7269,0.7269,0,1.4539,0,0,1.4539,0,1.4539,0,0.7269,0,2.1808,0,0,0,0,0.7269,0,4.3616,2.9077,0,0,0.7269,2.1808,0.7269,0.7269,0.7269,0,0,0,1.4539,0.7269,1.4539,0,0.7269,0.7269,0,1.4539,0,0,0.7269,0,0.7269,2.1808,0,4.3616,1.4539,1.4539,1.4539,0,0,1.4539,0,0.7269,0.7269,0,1.4539,0,0.7269,0,0.2731
8.3514,8.3514,0.6959,11.8311,5.5676,11.8311,4.8716,7.6554,8.3514,4.8716,1.3919,0,0,1.3919,2.7838,0.6959,0.6959,1.3919,0,0,0,1.3919,0,0.6959,0,2.7838,1.3919,0,1.3919,0.6959,0.6959,0,0,0,0,0,0,0,0,0,2.0878,2.7838,0,1.3919,0,0,0,1.3919,2.7838,1.3919,0.6959,0.6959,0,1.3919,0,2.0878,0,0.6959,0,0,0.6959,1.3919,0,4.1757,0.6959,2.0878,0.6959,0,0.6959,0.6959,0,1.3919,0,0.6959,0.6959,1.3919,0,0,0.6959,0,2.7838,0,0,0.6959,0.6959,0,0.6959,2.7838,0,0,0,0,0,0.6959,0.6959,2.7838,0.6959,0.6959,1.3919,1.3919,0,0.6959,0.6959,0.6959,0,0,0.6959,0,1.3919,0.6959,0.3041
8.5523,17.1047,5.7016,11.4031,5.7016,11.4031,4.2762,6.4143,17.1047,4.2762,1.4254,0.7127,1.4254,0,0.7127,1.4254,0,1.4254,0.7127,0.7127,1.4254,2.8508,1.4254,1.4254,0,3.5635,1.4254,0.7127,4.2762,0,1.4254,2.1381,0,0,0,0.7127,0,0.7127,0,0,0.7127,2.8508,0.7127,2.1381,0,0,0.7127,0,3.5635,0.7127,0.7127,1.4254,0,0.7127,0,0,1.4254,1.4254,0,0,1.4254,3.5635,0,1.4254,0.7127,1.4254,0,0,0.7127,2.1381,0.7127,0.7127,0,2.1381,0,0.7127,0,0,0,0,0.7127,0.7127,0.7127,0,1.4254,0,0,0,2.8508,0,0,1.4254,0.7127,3.5635,2.1381,2.8508,0.7127,1.4254,3.5635,0.7127,0,0.7127,0,0,0.7127,0.7127,0,0.7127,1.4254,0,0.2873
5.7305,11.461,1.4326,7.1631,5.7305,7.1631,7.8794,7.1631,11.461,7.8794,0.7163,1.4326,0.7163,0.7163,0.7163,0,0,0.7163,0.7163,0,0,2.1489,0,0,0.7163,1.4326,2.1489,0,2.1489,2.8652,0.7163,0,0,0.7163,0,0,0,0,0,0,0.7163,1.4326,0,1.4326,0,0,0,0,1.4326,2.1489,0,0,0,0.7163,2.8652,0.7163,0,0,0.7163,0,1.4326,2.1489,0,0,0.7163,1.4326,1.4326,0,0,0,0,0.7163,0,0,0,2.1489,1.4326,0.7163,2.8652,0,0.7163,1.4326,0,0,0,0,0.7163,3.5816,0,0.7163,0.7163,0,0.7163,2.1489,0.7163,1.4326,2.1489,1.4326,1.4326,0.7163,0,2.1489,0,1.4326,0,0,0,0.7163,2.1489,1.4326,0.2837
7.2878,6.6253,13.2505,17.2257,3.9752,17.2257,3.3126,6.6253,6.6253,3.3126,1.3251,0.6625,0.6625,1.3251,1.3251,0,0,1.3251,0,0,0.6625,0,1.3251,0,0.6625,3.3126,0,0.6625,0,0,1.9876,0,5.3002,0.6625,0,1.3251,0.6625,0.6625,2.6501,0,0.6625,5.3002,1.9876,3.9752,0,0.6625,0.6625,1.3251,2.6501,0,0.6625,0,1.9876,0,1.3251,0,0,0,0,0,0.6625,0.6625,0.6625,5.3002,0.6625,3.9752,1.3251,1.3251,0,2.6501,0,0,0,2.6501,0,0,0.6625,0,0,0,0.6625,0,0.6625,1.3251,0,1.9876,0,0.6625,1.3251,0,0,0,0.6625,0.6625,0,5.3002,0,0,0,0,0,0,0,1.3251,0,0.6625,0,0.6625,0,0.6625,0.3375
5,12.1429,3.5714,17.1429,6.4286,17.1429,3.5714,7.8571,12.1429,3.5714,0,0,0,0,2.1429,0.7143,0.7143,0,0.7143,0.7143,0.7143,2.8571,0.7143,2.1429,0.7143,3.5714,0.7143,0,0,0.7143,0.7143,0,0.7143,1.4286,0,0,0,0,0,0,2.1429,4.2857,0,5.7143,0,0,0,1.4286,2.8571,0.7143,1.4286,0.7143,0,0,0.7143,0.7143,0.7143,1.4286,0.7143,0,0,2.8571,0.7143,3.5714,0,5.7143,0.7143,1.4286,2.1429,0,0,1.4286,0,0,0.7143,0.7143,0,0,0.7143,0,0,0,0.7143,1.4286,1.4286,1.4286,0.7143,1.4286,0.7143,0,0,0,0,2.1429,0.7143,4.2857,0,0.7143,2.8571,1.4286,0,0,0.7143,0.7143,0,0,0,0.7143,1.4286,0,0.2857
18.4211,11.7895,3.6842,11.7895,7.3684,11.7895,1.4737,3.6842,11.7895,1.4737,5.8947,0.7368,1.4737,1.4737,2.9474,0.7368,0,2.2105,2.2105,0,1.4737,0.7368,0,3.6842,1.4737,4.4211,0,0,0,0,1.4737,0,0,0,0.7368,0,0,0,0.7368,0.7368,0.7368,7.3684,0,0,0,0,0,0,3.6842,0,3.6842,0,0,0.7368,0.7368,0,0,0,2.2105,0,2.2105,2.2105,0.7368,2.9474,0.7368,0,0,0.7368,2.2105,0,0,0.7368,0.7368,0,0,0,0,0,0,0,1.4737,0,0.7368,0,0.7368,0,0,0.7368,0,0,0.7368,0,0,2.9474,0,6.6316,0,0,0.7368,0.7368,0,0,0,0,0,0,1.4737,0,0,0,0.2632
24.521,11.865,6.328,8.701,3.164,8.701,1.582,8.701,11.865,1.582,11.865,0.791,2.373,1.582,0.791,0,0.791,3.955,1.582,0,3.164,1.582,0.791,0.791,0.791,2.373,0.791,0,1.582,0,1.582,0,1.582,0,0,0,0,0.791,2.373,0,0,3.955,0,2.373,0,0,0,0,2.373,0,0.791,0,0.791,0,0,0,0,0.791,0.791,0,1.582,0.791,0,1.582,0.791,2.373,0,0,0,1.582,0,0,0,1.582,0,0,0,0,0,0,3.955,0,0.791,0,0.791,0,0,2.373,0.791,0,0.791,4.746,0,0.791,0,3.955,0,0,1.582,0,0.791,0,0,0,0,0,0,0,0.791,0,0.209
22.3666,5.2189,14.9111,10.4378,1.4911,10.4378,1.4911,8.9466,5.2189,1.4911,5.2189,0.7456,8.2011,0,1.4911,3.7278,0.7456,1.4911,0.7456,0,0.7456,0,0,2.2367,0,1.4911,0.7456,0,0,0,6.71,0.7456,3.7278,0,0,0,0,2.9822,0,0,1.4911,1.4911,0.7456,3.7278,0,0,0,0.7456,1.4911,0.7456,0.7456,0,0.7456,0,0,0,0,0,0,0,1.4911,0.7456,0,2.9822,0,1.4911,0,0.7456,2.2367,0.7456,0,0,0,0.7456,0,0.7456,0,0,0,0,3.7278,0,1.4911,0,0,1.4911,0,2.2367,0,0,1.4911,1.4911,0,0.7456,0,1.4911,0,0,0,0,0.7456,0,0,0,0,0,0,0,0.7456,0,0.2544
3.6835,11.0505,5.8936,11.0505,4.4202,11.0505,4.4202,13.2606,11.0505,4.4202,0.7367,0,0.7367,0,0.7367,0,0,1.4734,0,0,0,1.4734,0.7367,2.2101,0,2.2101,0,1.4734,1.4734,1.4734,0.7367,0,0.7367,1.4734,0,0,0,2.9468,0,0,0,3.6835,0.7367,2.2101,0,0,0,0.7367,3.6835,0,0,1.4734,1.4734,0,0.7367,0,0.7367,0,0,0,0,1.4734,0,1.4734,0,2.9468,0,2.2101,2.2101,0,0,1.4734,0.7367,0,0,0,0.7367,0,1.4734,0,1.4734,0,0.7367,2.2101,1.4734,2.2101,0.7367,2.9468,0.7367,0.7367,0,0,0,1.4734,0.7367,3.6835,2.2101,0,1.4734,1.4734,0,1.4734,0,0,0.7367,0,0,1.4734,0,0.7367,0.2633
5.7023,13.543,7.8407,16.3941,5.7023,16.3941,6.4151,5.7023,13.543,6.4151,1.4256,0,0,0.7128,1.4256,0,0,0.7128,1.4256,0,2.1384,0.7128,1.4256,1.4256,1.4256,3.5639,0.7128,0,1.4256,0.7128,0.7128,0,0,0.7128,0,0,0,3.5639,2.1384,0.7128,0,2.8512,1.4256,2.8512,0,1.4256,0,0,3.5639,4.2767,0,0,2.1384,0,0,0,0.7128,0.7128,1.4256,0,1.4256,4.2767,0.7128,3.5639,0,2.8512,2.1384,0,1.4256,0,0,0.7128,0.7128,0,0,4.2767,0,0,0.7128,0,0,1.4256,0.7128,0.7128,1.4256,0.7128,0.7128,0,0,0,0,1.4256,0.7128,4.2767,0,3.5639,2.1384,0,0.7128,0.7128,0,2.1384,0,2.1384,0.7128,0,0,0.7128,0.7128,0,0.2872
9.365,17.2892,7.9242,18.0096,1.4408,18.0096,1.4408,5.7631,17.2892,1.4408,1.4408,0.7204,0.7204,2.1612,0,2.1612,0,1.4408,0.7204,0,0,4.3223,0.7204,0.7204,0.7204,6.4835,0.7204,1.4408,1.4408,0.7204,1.4408,0.7204,1.4408,0.7204,0,0.7204,0,1.4408,1.4408,0,0.7204,5.7631,1.4408,3.6019,0,0,0,0,6.4835,0,0,0,0,0,0.7204,0,0,0.7204,0,0,2.1612,4.3223,1.4408,5.7631,0,2.8815,0,0,0.7204,0.7204,0,0,0,0.7204,0,0,0,0,0.7204,0,2.1612,1.4408,1.4408,0,0,0,0,0,0,0,0.7204,0,0.7204,4.3223,0,5.7631,0.7204,0.7204,4.3223,0,0.7204,0,0,0,0,0,0,0,0.7204,0,0.2796
7.4773,10.1964,8.1571,15.6344,6.7976,15.6344,2.0393,14.2749,10.1964,2.0393,0,1.3595,1.3595,0,0.6798,0.6798,0.6798,2.0393,0,0,0,0.6798,0,2.0393,1.3595,5.4381,0,0,0,0.6798,2.719,0.6798,2.0393,0.6798,0,0,0,2.0393,0,0,0,3.3988,0,3.3988,1.3595,1.3595,0,0.6798,5.4381,0,0,0,1.3595,2.0393,0,0.6798,0,1.3595,1.3595,0,2.0393,2.0393,0,1.3595,0.6798,2.719,0.6798,2.719,2.0393,1.3595,0,0,0,1.3595,0,0,0,0,0.6798,0,2.0393,2.0393,2.719,1.3595,0.6798,1.3595,0.6798,3.3988,0,0,0.6798,0,0.6798,2.719,0.6798,3.3988,0,1.3595,0.6798,0,0,0,0,0.6798,0.6798,0,0,0.6798,0,0,0.3202
4.0023,16.0093,4.8028,12.007,8.0046,12.007,12.8074,12.8074,16.0093,12.8074,0.8005,0.8005,0.8005,0,0.8005,0,0,0.8005,0,0,0.8005,0.8005,0,1.6009,1.6009,2.4014,4.8028,0.8005,0,3.2019,0.8005,1.6009,0.8005,0,0,0,0,1.6009,0,0,0,3.2019,0,4.0023,0.8005,0,0,0,1.6009,2.4014,0.8005,0,0,0,1.6009,0,1.6009,2.4014,0.8005,0.8005,0,3.2019,0,0,0,4.0023,0.8005,0,1.6009,2.4014,0,1.6009,0,2.4014,0.8005,2.4014,1.6009,0.8005,3.2019,0,0,0,3.2019,0,0.8005,0,2.4014,4.8028,0,0.8005,0,3.2019,0,3.2019,0.8005,3.2019,1.6009,0.8005,1.6009,1.6009,0.8005,1.6009,0,0.8005,0.8005,0,0,0.8005,6.4037,1.6009,0.1995
4.7222,8.0952,2.6984,17.5397,9.4444,17.5397,7.4206,9.4444,8.0952,7.4206,0.6746,0,0.6746,0,2.6984,0,0.6746,0,0,0,0,0,0,0.6746,0,5.3968,0.6746,0,0,1.3492,0,0.6746,0.6746,0.6746,0,0,0,0.6746,0,0,0,2.6984,0.6746,4.7222,0.6746,0,0,1.3492,4.7222,2.6984,1.3492,2.0238,0,0.6746,0.6746,0.6746,2.0238,1.3492,0,0,0,2.6984,0,2.6984,0.6746,3.373,1.3492,2.6984,0.6746,3.373,0.6746,0,0,2.6984,0,2.6984,0,0,1.3492,0,0.6746,0,0.6746,1.3492,0.6746,2.0238,1.3492,2.0238,0.6746,0,0.6746,0,0,2.6984,1.3492,2.6984,0,0.6746,0,0,0,0,0,1.3492,2.6984,0.6746,1.3492,0.6746,0.6746,0,0.3254
10.3819,11.074,6.2291,11.7661,7.6134,11.7661,4.1527,2.7685,11.074,4.1527,0.6921,0.6921,2.0764,1.3842,2.0764,0.6921,0,0,2.0764,0,2.7685,1.3842,0,2.0764,0.6921,3.4606,0.6921,0,0,0,2.0764,0,0.6921,0.6921,1.3842,0,0,0.6921,0.6921,0,0,2.7685,0,0.6921,1.3842,1.3842,1.3842,0,3.4606,0.6921,1.3842,0,0.6921,1.3842,0.6921,0.6921,0,0.6921,0.6921,1.3842,1.3842,4.1527,0,0,0.6921,0.6921,0.6921,0.6921,2.7685,0.6921,0.6921,0.6921,0,0.6921,0.6921,0.6921,0.6921,0,0,0,0,0.6921,1.3842,0,0,0,0,0.6921,0,0,0.6921,0,0.6921,4.8449,0,2.7685,0.6921,0,0.6921,0.6921,0.6921,0.6921,0,0,0,1.3842,0,0,0.6921,0.6921,0.3079
9.392,8.0503,2.0126,14.7589,8.7212,14.7589,4.696,11.4046,8.0503,4.696,1.3417,0.6709,0,1.3417,1.3417,2.0126,0,2.6834,0,0,0.6709,0,0,0.6709,0,4.696,0,0.6709,0,1.3417,0.6709,0,0,0.6709,0.6709,0,0,0,0,0,0.6709,2.6834,0.6709,4.0252,0,0,0,1.3417,4.696,0.6709,0.6709,0.6709,0,0.6709,1.3417,0,0,4.0252,0.6709,0,4.0252,2.0126,0,1.3417,1.3417,2.6834,1.3417,0,0.6709,1.3417,0,0,0.6709,2.0126,0,0.6709,0,0,1.3417,0,1.3417,0.6709,0,0.6709,2.6834,0.6709,1.3417,2.6834,0.6709,0.6709,0,0,0,2.0126,0.6709,3.3543,2.0126,0,0,0,0,1.3417,0,1.3417,0.6709,0.6709,0,0,0,0.6709,0.3291
8.8254,10.8621,9.5043,15.6142,6.1099,15.6142,1.3578,6.1099,10.8621,1.3578,0.6789,2.0366,2.0366,0.6789,2.0366,0.6789,0,0.6789,0,0,1.3578,0.6789,0.6789,2.0366,0,6.1099,0,0,0,0,2.7155,0,2.0366,1.3578,0,0.6789,0,1.3578,1.3578,0,0,2.7155,0.6789,2.7155,2.0366,0,0,1.3578,5.431,0.6789,0,0.6789,2.0366,0,0,0.6789,0,0.6789,1.3578,0,2.0366,3.3944,0,3.3944,0,2.7155,0.6789,0.6789,2.0366,0.6789,0,0,0,0.6789,0,0.6789,0,0,0,0,0.6789,0,1.3578,0,0.6789,2.0366,0.6789,0.6789,0,0,0.6789,1.3578,0,4.0733,1.3578,2.0366,0,0.6789,0.6789,0,0,0,0.6789,0.6789,0,0,0,0,0,0,0.3211
6.3669,11.3189,7.7818,12.7338,4.2446,12.7338,3.5372,10.6115,11.3189,3.5372,2.1223,0,1.4149,0.7074,0.7074,0,0,0.7074,0.7074,0,0,3.5372,0,0.7074,1.4149,2.8297,0,2.1223,0,0.7074,1.4149,0,0.7074,0.7074,1.4149,0.7074,0,0.7074,2.1223,0,0,3.5372,0.7074,2.8297,0,1.4149,0.7074,0.7074,2.8297,0,0.7074,0,1.4149,0,0,0,0,0.7074,0.7074,0,0.7074,0.7074,0.7074,2.8297,0,2.8297,0.7074,2.1223,0,2.1223,0,0.7074,0,2.1223,0,0,0,0,0.7074,0,1.4149,0.7074,1.4149,1.4149,0.7074,0.7074,0,2.8297,1.4149,0,0,1.4149,1.4149,0.7074,0,3.5372,0.7074,0,2.8297,0.7074,0,0.7074,0,0.7074,0,0.7074,1.4149,0,0,0,0.2926
6.342,7.0466,8.456,21.8446,9.1606,21.8446,4.228,6.342,7.0466,4.228,0,0.7047,0.7047,0,1.4093,1.4093,0,1.4093,0.7047,0,0,2.114,0.7047,0,1.4093,2.8187,0,0,0,0,1.4093,0,1.4093,0.7047,1.4093,1.4093,0.7047,1.4093,0,0,0,4.228,0.7047,6.342,0,3.5233,1.4093,0,3.5233,1.4093,2.8187,0,2.114,1.4093,1.4093,0,0.7047,0,0,0.7047,0.7047,0,1.4093,8.456,1.4093,5.6373,0.7047,1.4093,0,2.114,0,0,0,2.114,0.7047,1.4093,0,0,0,0,0.7047,0,0.7047,1.4093,0.7047,0.7047,0.7047,1.4093,0,0,0.7047,0,0.7047,0,0,3.5233,0,0,2.114,0,0,0,0,1.4093,0,1.4093,0,0.7047,0.7047,0,0.2953
11.377,9.2438,9.2438,14.2212,5.6885,14.2212,4.2664,8.5327,9.2438,4.2664,2.8442,0,0.7111,1.4221,2.8442,2.1332,0.7111,0,0,0,0.7111,1.4221,0,2.8442,0,2.1332,1.4221,0.7111,0,0,2.8442,1.4221,1.4221,0,0,0.7111,0,1.4221,0.7111,0.7111,0,2.8442,2.1332,3.5553,0,1.4221,0,0,2.1332,2.1332,2.1332,0,0,0,0.7111,0,0,1.4221,0.7111,0.7111,0,1.4221,2.1332,2.1332,0.7111,2.8442,0.7111,0.7111,2.8442,0.7111,0.7111,0,0,0.7111,0.7111,2.1332,0,0,0,0,2.1332,0,2.1332,1.4221,0,0,0.7111,2.1332,0,0,0,1.4221,0.7111,1.4221,0,2.8442,0.7111,0.7111,1.4221,0,0,0.7111,0,0.7111,0.7111,0,0,0.7111,1.4221,0,0.2889
8.8139,6.2956,11.9617,20.146,7.5547,20.146,1.8887,2.5182,6.2956,1.8887,1.8887,0,1.8887,1.2591,0.6296,2.5182,0,0.6296,0,0,1.2591,0.6296,1.8887,0,0,1.8887,0.6296,0,0,0,1.8887,0,2.5182,0.6296,1.2591,2.5182,0,0.6296,2.5182,0,0.6296,1.8887,3.1478,6.2956,2.5182,1.2591,0,0.6296,1.8887,1.8887,0.6296,0.6296,0.6296,1.8887,1.2591,1.2591,0,0.6296,0.6296,0,1.2591,3.1478,1.2591,5.6661,0.6296,6.9252,1.2591,0,0,0,0.6296,0,0,0,0,1.2591,0,0,0,0,0.6296,0,0.6296,0,0,0.6296,0,0,0,0,0,0,0,3.1478,0.6296,1.8887,0,0,0.6296,0,0,0,0,1.2591,0,0,0,0,0.6296,0,0.3704
15.901,18.0693,5.7822,12.2871,7.9505,12.2871,1.4455,13.0099,18.0693,1.4455,5.7822,2.8911,0.7228,0.7228,0,0.7228,0,2.1683,2.8911,0,2.1683,2.1683,0.7228,2.1683,0.7228,3.6139,1.4455,1.4455,2.8911,0.7228,0,0,0,1.4455,0,0,0,2.8911,1.4455,0,1.4455,4.3366,0.7228,0.7228,0,0,0,1.4455,3.6139,0,2.1683,1.4455,0.7228,0,2.1683,0,0,0.7228,0,0,1.4455,5.0594,0.7228,1.4455,0,0.7228,0,0,2.1683,0.7228,0,0,0,0.7228,0,0,0,0,0.7228,0,1.4455,0.7228,1.4455,0,4.3366,1.4455,0,3.6139,0,0,1.4455,1.4455,0.7228,5.0594,0.7228,5.7822,0,0,2.8911,0,0,0,0,0,0,0,0,0,1.4455,0,0.2772
8.9417,20.1188,4.4708,13.4125,6.7063,13.4125,5.216,5.9611,20.1188,5.216,0.7451,0,0.7451,0.7451,2.2354,0,2.9806,0,1.4903,0,0.7451,5.9611,0,3.7257,0,4.4708,0,0.7451,4.4708,0,0.7451,1.4903,0,0.7451,0,0,0,0.7451,0,0.7451,0.7451,5.9611,0,0.7451,0,0,0.7451,0.7451,3.7257,0.7451,3.7257,0,0.7451,0,0.7451,0,0,0.7451,0,0,0.7451,2.2354,2.2354,0,0,1.4903,0,0.7451,3.7257,2.2354,0,1.4903,0,2.2354,0,0.7451,0,0.7451,0,0,1.4903,0,0,1.4903,0.7451,0,0,1.4903,0.7451,0,0,1.4903,0.7451,2.9806,0,5.9611,1.4903,0,5.9611,1.4903,0,1.4903,0,0.7451,2.2354,0.7451,0,0,0,0,0.2549
8.2243,6.729,5.2336,10.4673,8.2243,10.4673,5.2336,5.9813,6.729,5.2336,2.9907,0,0,0,1.4953,0,0,1.4953,0.7477,0.7477,0,2.9907,0.7477,0,0.7477,0.7477,1.4953,0,0,0,1.4953,0,0.7477,0.7477,0,0,0,2.243,0,0,0,0.7477,0.7477,4.486,0,1.4953,0,0,0.7477,2.243,1.4953,0.7477,2.243,0.7477,0.7477,0,0.7477,0,1.4953,0,0,0,0,2.9907,0.7477,3.7383,0.7477,1.4953,0,0.7477,0,0.7477,0,0.7477,0.7477,2.243,0.7477,0,0,0,1.4953,0,0.7477,0,1.4953,1.4953,0,0.7477,0,0,0,0,0,0,1.4953,0.7477,1.4953,0,2.243,0.7477,0,1.4953,0,0.7477,0.7477,0,0,0,1.4953,0.7477,0.2523
9.1981,13.1401,5.913,19.0531,1.971,19.0531,1.971,4.599,13.1401,1.971,1.971,0,0,3.285,0.657,0.657,0,0.657,1.314,0.657,0,1.314,1.314,3.285,0,4.599,0,0,2.628,0,0,1.314,0.657,0.657,0,1.971,0,0.657,0,0,3.285,3.285,0.657,5.256,0,1.314,0,1.314,3.942,0,0,0.657,0.657,0,0,0.657,0,0,0,0,1.314,2.628,2.628,2.628,0.657,5.256,0,0,3.285,0.657,0,0.657,0,0.657,0.657,0,0,0,0,0,0.657,0,0,0,0,1.314,0,1.971,0.657,0,1.971,1.314,0,2.628,0,3.285,1.971,0,1.314,0.657,0,1.971,0,0,0,0,0,0,0,0,0.343
1.9006,3.1676,16.4717,22.1735,3.1676,22.1735,1.2671,8.2359,3.1676,1.2671,0,0,0.6335,1.2671,0,0,0,0,0,0,0,0,0.6335,0,0,2.5341,0,0,0,0,0,0,6.3353,1.9006,0.6335,3.8012,1.2671,2.5341,0,0,1.2671,1.9006,1.2671,7.6023,0,3.8012,0,2.5341,2.5341,1.2671,0.6335,0,0.6335,0,0,0,0,1.2671,0,0,0,1.2671,4.4347,6.3353,1.2671,7.6023,0,1.2671,0,0,0,0,0,0,0,1.2671,0,0,0,0,0,0,1.9006,2.5341,1.2671,1.2671,0,0.6335,0.6335,0,0,0,0,1.2671,0,1.9006,0,0,0,0,0,0,0,1.2671,0,0,0,0,0,0,0.3665
5.6889,11.3778,9.2444,14.9333,0.7111,14.9333,7.8222,7.8222,11.3778,7.8222,2.1333,1.4222,0.7111,0,0,0,0,1.4222,0,0,0,0.7111,0,1.4222,0,6.4,1.4222,0,0,1.4222,0.7111,1.4222,1.4222,1.4222,0,0.7111,0,2.8444,0,0,0.7111,2.1333,0.7111,3.5556,0,0,0,0,6.4,1.4222,0.7111,0,0,0,0,0,0,0,0,0,0,2.8444,0.7111,0,0,3.5556,3.5556,2.1333,1.4222,0.7111,0,1.4222,0,0.7111,0,1.4222,0,0,1.4222,2.8444,1.4222,0,2.1333,1.4222,0,0.7111,1.4222,0.7111,0,0,0,0,2.8444,2.8444,0,2.1333,1.4222,0,0.7111,1.4222,0,1.4222,0.7111,3.5556,0,0,0,0.7111,1.4222,0,0.2889
9.5824,10.2668,8.8979,12.3202,5.4756,12.3202,4.1067,4.1067,10.2668,4.1067,0.6845,0,2.7378,0.6845,1.3689,1.3689,0.6845,0.6845,0.6845,0,4.7912,1.3689,0.6845,1.3689,0.6845,0.6845,0,0,0,0.6845,1.3689,0,2.7378,0,0,0,0,2.0534,2.7378,0,1.3689,3.4223,0.6845,2.7378,0.6845,0,0,0,1.3689,2.0534,1.3689,0,0,1.3689,0,0.6845,0,0,2.0534,0,0,2.7378,0,2.7378,1.3689,2.7378,0.6845,0.6845,1.3689,0,0,0.6845,0,0,0,2.0534,0.6845,0,0.6845,0,0,0,1.3689,0,0.6845,1.3689,0,0.6845,0,0,0,0,0,2.7378,0,3.4223,2.0534,0,1.3689,0.6845,0,2.0534,0,0.6845,0.6845,0,0,0,0,0.6845,0.3155
19.3705,13.9467,6.9734,13.9467,9.2978,13.9467,0.7748,6.9734,13.9467,0.7748,6.9734,0.7748,3.0993,0,3.8741,3.0993,0,1.5496,0,0,0,2.3245,0,4.6489,0,2.3245,0,0,4.6489,0,5.4237,0,0,0,0,0,0,1.5496,0,0,0.7748,4.6489,1.5496,2.3245,0,0,0.7748,0.7748,2.3245,0.7748,3.0993,0.7748,0.7748,0.7748,2.3245,0,0,0.7748,0,0,0,3.0993,0.7748,3.0993,0.7748,1.5496,0,0,4.6489,0,0,0,0,0,0,0.7748,0,0,0,0,1.5496,0.7748,0.7748,0,1.5496,0.7748,0,1.5496,0,0,0.7748,1.5496,0,3.0993,0.7748,4.6489,0,0.7748,2.3245,0,0,0,0,0,0,0.7748,0,0,0,0,0.2252
13.5593,8.8136,8.1356,14.2373,7.4576,14.2373,2.7119,6.7797,8.8136,2.7119,4.0678,0,0.678,1.3559,2.7119,2.7119,0,0,2.0339,0,0.678,2.0339,0,0.678,2.0339,2.0339,0.678,0.678,0,0,1.3559,0.678,2.0339,0.678,0,0,0,2.0339,1.3559,0,0.678,2.0339,0.678,5.4237,0.678,0,1.3559,0,1.3559,2.0339,1.3559,0.678,0.678,1.3559,1.3559,0,0,0.678,0.678,0,3.3898,2.7119,1.3559,1.3559,0,4.0678,0.678,0,0.678,0,0,0.678,0,0,0,2.0339,0,0,0,0,0,0,2.7119,0,0.678,0,0,3.3898,0,0,1.3559,0,0,2.7119,0,2.0339,0,0,2.0339,0.678,0,0,0,0.678,0,1.3559,0,0,0.678,0,0.322
6.1976,7.5749,12.3952,21.3473,3.4431,21.3473,2.7545,10.3293,7.5749,2.7545,1.3772,0,1.3772,0.6886,0,2.0659,0,0.6886,0,0,0.6886,2.0659,0,0.6886,0.6886,2.0659,0.6886,0,0,0.6886,0,0,4.1317,1.3772,0.6886,0.6886,0.6886,4.8204,0,0,0.6886,1.3772,0.6886,7.5749,0,5.509,0.6886,1.3772,2.0659,1.3772,0.6886,0.6886,0,0.6886,0,0,0,0.6886,0.6886,0,2.0659,2.0659,2.0659,5.509,0.6886,5.509,0,1.3772,0.6886,0.6886,0,0,0,0.6886,0,1.3772,0,0,0.6886,0,0.6886,0.6886,3.4431,0.6886,0.6886,2.0659,0,1.3772,0.6886,0,0,0,0,2.7545,0.6886,1.3772,0.6886,0,2.0659,0,0,0.6886,0.6886,0,0,0.6886,0,0,0.6886,0,0.3114
7.702,3.5009,4.9013,15.4039,2.8007,15.4039,0,2.1005,3.5009,0,2.8007,0,0.7002,1.4004,0,2.8007,0,0,0,0,0,0,0,0,0,3.5009,0,0,0,0,2.1005,0,1.4004,0.7002,0,0,0,0.7002,0,0,1.4004,0.7002,1.4004,6.3016,0.7002,2.1005,0,0,2.8007,0,0.7002,0,0.7002,0,0.7002,0,0,0.7002,0,0,0.7002,2.8007,0,3.5009,0.7002,6.3016,0,0.7002,0,0,0,0,0,0,0,0,0,0,0,0,0,0,0.7002,0.7002,0,0,0,0,0.7002,0,0,0,0,2.8007,0,0.7002,0,0,0,0,0,0,0,0,0,0,0,0,0,0,0.2998
10.5814,9.8256,4.5349,13.6047,3.7791,13.6047,2.2674,9.0698,9.8256,2.2674,4.5349,0.7558,0,0,1.5116,1.5116,0,0.7558,0.7558,0.7558,0,1.5116,0,2.2674,0.7558,1.5116,0,2.2674,1.5116,0,2.2674,0.7558,0,0,0,0,0,0.7558,0.7558,0,0.7558,3.7791,0.7558,6.0465,0,0,0,0,1.5116,0.7558,1.5116,0,0.7558,0.7558,0.7558,0,0,0,0,0,0,1.5116,0.7558,1.5116,0.7558,6.0465,0,0,2.2674,0.7558,0,0.7558,0,0.7558,0,0.7558,0,0,0,0,0.7558,0,1.5116,1.5116,0,0,0,4.5349,0,0,0.7558,0,0.7558,0.7558,0,3.7791,0.7558,0.7558,2.2674,0,0,0.7558,0,0,0,0,1.5116,0,0,0,0.2442
10.5942,5.6087,4.9855,20.5652,4.9855,20.5652,1.8696,4.3623,5.6087,1.8696,2.4928,0,0,0,1.2464,5.6087,0,0,1.2464,0,0.6232,0,1.2464,1.2464,0.6232,1.8696,0,0,0,0,1.8696,0.6232,0,0.6232,0.6232,0.6232,0,0.6232,0,0,2.4928,3.1159,1.8696,6.2319,1.2464,0.6232,0.6232,1.8696,2.4928,0,0.6232,0,0.6232,0,0.6232,1.2464,0.6232,0.6232,0,0,0.6232,1.2464,0.6232,9.971,0,4.9855,0,1.2464,1.2464,0.6232,0,0.6232,0,0.6232,0,0,0.6232,0,0,0,0.6232,0,0,0.6232,0,2.4928,0,0,0.6232,0,0,0,0.6232,1.2464,0.6232,2.4928,0,0,0,0.6232,0.6232,0,0,0,0,0.6232,0,0,0,0.6232,0.3768
4.8511,13.7447,4.8511,6.4681,3.234,6.4681,3.234,2.4255,13.7447,3.234,1.617,0.8085,0.8085,0,0.8085,0,0,0,0.8085,0,0,2.4255,0.8085,1.617,0,1.617,0.8085,0.8085,4.8511,0.8085,0,0.8085,0.8085,0.8085,0,0,0,1.617,0.8085,0,0,2.4255,0,0.8085,0,0,0,0,1.617,0.8085,0.8085,0,2.4255,0,0,0,0,0,0,0,0.8085,0.8085,0,1.617,0,0.8085,0.8085,0,1.617,0,0,0.8085,0,0,0,0.8085,0.8085,0,0.8085,0,0.8085,0,0,0,1.617,0,0,0,0,0,0.8085,4.8511,0,0.8085,0.8085,2.4255,0.8085,0,2.4255,0.8085,0,0.8085,0,0.8085,0,0,0,0,0.8085,0.8085,0.1915
3.7657,9.7908,3.0126,7.5314,0.7531,7.5314,4.5188,3.7657,9.7908,4.5188,0,0.7531,0,0.7531,0.7531,0,0,1.5063,0,0,0,1.5063,0,0.7531,0,1.5063,1.5063,0,3.0126,1.5063,1.5063,0,0,0.7531,0,0,0,0.7531,0,0,0,3.0126,0,1.5063,0,0,0,0.7531,1.5063,0.7531,0,0,0.7531,0,0,0,0,0,0,0,1.5063,0.7531,0,0,0,2.2594,0,0.7531,0.7531,0.7531,0,0,0,1.5063,0,0.7531,0.7531,0,1.5063,0,0.7531,0,1.5063,0.7531,0,0,0,0,0,0.7531,0,3.0126,0.7531,0.7531,0,3.0126,0.7531,0,1.5063,0,0,0.7531,0,0,0,0,1.5063,0,1.5063,0.7531,0.2469
2.6052,9.118,4.559,11.0719,1.9539,11.0719,3.2564,7.1642,9.118,3.2564,0,0.6513,0,0,0,0.6513,0,0.6513,0,0,0,1.9539,0.6513,1.9539,0,1.9539,0.6513,0,0,1.9539,0,1.3026,0,1.3026,0.6513,0,0,1.3026,0,0,1.3026,3.2564,1.3026,2.6052,0,0,0.6513,0,1.9539,0,0,0,0,0.6513,0,0.6513,0,0.6513,0,0,0.6513,1.3026,0,1.3026,0,1.9539,1.3026,1.9539,1.9539,0.6513,0,0,0,0.6513,0,0,0,0.6513,1.9539,0,0,0.6513,1.3026,0,0.6513,1.9539,0.6513,0.6513,0.6513,0.6513,0.6513,0,0.6513,1.3026,0.6513,2.6052,0,1.3026,1.9539,0,0,0,0.6513,1.3026,0,0.6513,0,0,0.6513,0,0.3487
0.7231,9.4,2.1692,13.7385,2.1692,13.7385,5.0615,7.2308,9.4,5.0615,0,0,0,0.7231,0,0,0,0,0,0,0,2.1692,0,2.1692,0,2.1692,0.7231,0,1.4462,0.7231,0,0,0,0,0,0,0,1.4462,0,0,0,0.7231,0,4.3385,0,2.8923,0,1.4462,2.1692,2.1692,0,0.7231,0,0,0,0,0.7231,0.7231,0,0,0,0,0.7231,4.3385,0.7231,3.6154,1.4462,0.7231,2.1692,0,0,0.7231,0,0,0,1.4462,0,0.7231,0.7231,1.4462,0,0.7231,1.4462,0.7231,0,2.8923,0.7231,0.7231,0,0,0,2.8923,0,0,0.7231,0.7231,1.4462,0.7231,2.1692,0.7231,0,1.4462,0,1.4462,0.7231,0,0,0.7231,0.7231,0,0.2769
3.8182,9.9273,2.2909,12.2182,3.0545,12.2182,3.8182,3.8182,9.9273,3.8182,0.7636,0,0,0,0,1.5273,0,0.7636,0,0,0,1.5273,0,3.0545,0,3.0545,0.7636,0.7636,0,0.7636,0,0,0.7636,0,0.7636,0,0,0.7636,0,0,0.7636,2.2909,0.7636,4.5818,0,0,0,0,3.0545,0.7636,1.5273,0,0,0.7636,0,0,0,0,0,0.7636,0.7636,0.7636,0,1.5273,0,4.5818,0,0.7636,3.0545,0.7636,0,0.7636,0,0.7636,0,0.7636,0,0.7636,0.7636,0,0,0.7636,0.7636,0,1.5273,0,0.7636,0,0,0,0,1.5273,0,0.7636,0,2.2909,2.2909,0,2.2909,0.7636,0,2.2909,0,0.7636,0,0,0,0,0.7636,0,0.2364
4.3274,13.7034,5.0486,9.376,3.6062,9.376,2.1637,1.4425,13.7034,2.1637,0,0.7212,1.4425,0,0.7212,0.7212,0,0,0,0,0.7212,3.6062,0,0.7212,0.7212,4.3274,0,0,2.8849,0.7212,1.4425,0,0.7212,0.7212,0.7212,0,0,0,0.7212,0.7212,0.7212,0.7212,1.4425,0.7212,0,0,1.4425,0,4.3274,0,0.7212,0,0,0,0,0.7212,0,0.7212,1.4425,0,0.7212,2.8849,0,2.8849,0,0.7212,0.7212,0.7212,0.7212,0,0,0.7212,0.7212,0,0,0,0,0,0.7212,0,0,0.7212,0,0,0,0.7212,0,0,0,0,0,4.3274,0.7212,3.6062,0.7212,0.7212,0,0,2.8849,0.7212,0,0,0,0.7212,0,1.4425,0,0,0,0,0.2788
7.6011,14.4421,6.841,9.1213,6.0809,9.1213,2.2803,11.4017,14.4421,2.2803,2.2803,1.5202,0.7601,0.7601,0.7601,0,0,0.7601,0,0,0,2.2803,0.7601,2.2803,0,1.5202,0.7601,0.7601,6.0809,0,0.7601,0,1.5202,0.7601,0.7601,0,0,1.5202,1.5202,0,0,3.0404,0,1.5202,0,1.5202,0,0.7601,1.5202,0.7601,1.5202,0,0.7601,0,1.5202,0,0,1.5202,0.7601,0,0.7601,2.2803,0,0,0,1.5202,0,2.2803,2.2803,0,0,0,0,0,0,0.7601,0,0,0,1.5202,1.5202,0.7601,1.5202,1.5202,1.5202,0.7601,0,3.8006,0,0,0.7601,3.0404,1.5202,2.2803,0,3.0404,1.5202,0,2.2803,0,0,1.5202,0,0,0.7601,0,0,0,0,0,0.2399
4.4568,11.1419,2.2284,7.4279,1.4856,7.4279,1.4856,2.2284,11.1419,1.4856,0,0.7428,0.7428,0.7428,0.7428,0,0,0.7428,0.7428,0,0,1.4856,0.7428,1.4856,0,0.7428,1.4856,0,4.4568,0,0,0.7428,0,1.4856,0,0,0,0,0,0,0.7428,1.4856,0,2.2284,0,1.4856,0,0,0.7428,0.7428,0,0,0,0,0,0,0,0.7428,0.7428,0,1.4856,1.4856,0,0,0,2.2284,0,0.7428,1.4856,0,0,0.7428,0,0,0,0.7428,0,0,0,0,1.4856,0,0.7428,0,0,0,0,0,0,0,0.7428,4.4568,0,1.4856,0,2.2284,0,0,1.4856,0.7428,0,0,0,0,0.7428,0,0,0,0.7428,0,0.2572
2.806,9.8209,7.7164,12.6269,1.403,12.6269,2.806,4.209,9.8209,2.806,0,0,0.7015,0.7015,0,0.7015,0.7015,0,0,0,0.7015,2.806,0,0.7015,0.7015,2.806,1.403,0.7015,0,0,0.7015,0,3.5075,0.7015,0,0.7015,0,1.403,0,0,0,2.806,1.403,2.1045,0,0,0,2.1045,4.209,0,0.7015,0,0,0,0,0,0,0,0,0.7015,0,2.1045,1.403,5.6119,0,2.1045,0,0,0.7015,0.7015,0,0,0,0.7015,0,0,0,0,0.7015,1.403,0,0,0,0,0.7015,3.5075,0,0,0,0,0,1.403,0,2.1045,0,2.806,0.7015,0,2.806,0,0,0.7015,0.7015,0,0,0,0,0,1.403,0,0.2985
8.2642,9.7668,2.2539,8.2642,3.7565,8.2642,3.0052,9.7668,9.7668,3.0052,2.2539,0,0,0.7513,1.5026,0,0,2.2539,0.7513,0,0,1.5026,0,1.5026,0.7513,0.7513,1.5026,0.7513,3.0052,0,0.7513,0.7513,0,0,0,0,0,0.7513,0,0,0,1.5026,0,3.0052,0,0,0.7513,1.5026,0.7513,0.7513,1.5026,1.5026,0,0,0.7513,0,0,0,0,0,0.7513,2.2539,0,0,0,3.0052,0,0,1.5026,0.7513,0,0.7513,0,0.7513,0,0.7513,0,0.7513,0,0,1.5026,0,1.5026,0,0,1.5026,0,3.7565,0.7513,0.7513,0.7513,0.7513,0.7513,2.2539,0.7513,1.5026,0.7513,0,1.5026,0.7513,0,0.7513,0,0,0,0.7513,0,0,1.5026,0,0.2487
2.2539,11.2694,3.7565,9.0155,4.5078,9.0155,3.0052,9.0155,11.2694,3.0052,0,0,0,0,0,0,0,0.7513,0.7513,0,0,1.5026,0,3.0052,1.5026,0.7513,1.5026,0.7513,2.2539,0,0,0.7513,0.7513,0,0,0,0,0.7513,1.5026,0,0,3.0052,0,1.5026,0,1.5026,0,0.7513,0.7513,1.5026,0.7513,0,0.7513,0,0.7513,0,0,1.5026,0.7513,0,0.7513,2.2539,0,0,0.7513,1.5026,0.7513,0,2.2539,0.7513,0,0.7513,0,0.7513,0,1.5026,0,0,0,0,0,0,1.5026,0.7513,1.5026,0.7513,0,4.5078,0,0,0,2.2539,0.7513,2.2539,0,3.0052,0.7513,0,1.5026,0.7513,0,0.7513,0,0.7513,0,0,0,0,1.5026,0,0.2487
0.7813,12.5,3.125,7.8125,2.3438,7.8125,3.9063,8.5938,12.5,3.9063,0,0,0,0,0,0,0,0.7813,0,0,0,2.3438,0.7813,0.7813,0,3.9063,0.7813,0,3.125,0.7813,0.7813,0.7813,0.7813,0,0,0,0,0.7813,0,0,0,3.125,0,0.7813,0,0,0,0,3.9063,0,0,0,0,0.7813,0,0,0,0.7813,0.7813,0,0,1.5625,0,0.7813,0.7813,0.7813,1.5625,0,0.7813,0.7813,0,1.5625,0,0.7813,0,0,0.7813,0,0.7813,0,0,1.5625,1.5625,0,0.7813,0,0,3.9063,0.7813,0,0,0.7813,0,1.5625,0,3.125,0.7813,2.3438,2.3438,1.5625,0,0.7813,0,1.5625,0.7813,0,0,0,0,0.7813,0.2187
6.6204,10.5927,3.9723,13.2409,2.6482,13.2409,1.9861,5.2963,10.5927,1.9861,1.3241,0,1.3241,1.3241,0.662,0.662,0,0,0.662,0.662,1.3241,1.3241,0,1.3241,0.662,2.6482,0.662,0,2.6482,0,0,0.662,0,0.662,0,0,0,1.3241,1.3241,0,0.662,3.3102,0.662,1.9861,0,0,0.662,2.6482,2.6482,0.662,1.3241,1.3241,0,0,0,0,0,0,0,0,0,1.9861,1.3241,5.2963,0,1.9861,0.662,0.662,1.3241,0,0.662,0.662,0,0,0,0.662,0,0,0,0,0.662,0,0,0,0.662,3.3102,0,0,0,0,0.662,1.3241,0.662,1.9861,0.662,3.3102,0,0,1.3241,0.662,0,0,0,0.662,0,0.662,0,0,0.662,0,0.338
2.8571,6.4286,2.1429,8.5714,0,8.5714,4.2857,5.7143,6.4286,4.2857,0.7143,0,0,0.7143,0,0.7143,0,0.7143,0,0,0,0.7143,0,1.4286,0,0,0.7143,0,1.4286,2.1429,0.7143,0.7143,0,0,0,0,0,0.7143,0,0,0,5,0.7143,0.7143,0,0,0.7143,0,0,1.4286,0,0,0,0,0,0,0,0,0,0,0,0,0.7143,2.8571,0,0.7143,0.7143,0.7143,1.4286,0.7143,0,0,0,0.7143,0,0.7143,0,0.7143,2.1429,0,0.7143,0,0.7143,0.7143,0,0.7143,0.7143,2.1429,0,0,0.7143,0,0,0,0,5,0,0,0.7143,0,0,0,0,0.7143,0,0.7143,1.4286,0.7143,0.7143,0,0.2857
6.7857,11.5357,2.7143,8.1429,1.3571,8.1429,0.6786,0.6786,11.5357,0.6786,0.6786,0.6786,0,0,1.3571,2.7143,0.6786,0.6786,0,0,1.3571,2.0357,0.6786,4.0714,0,2.0357,0,0,1.3571,0,0,0.6786,0,0.6786,0,0,0,0,1.3571,0,2.0357,2.0357,0.6786,0.6786,0,0,0,0,2.0357,0.6786,0,0,0,0,0,0,0,0,1.3571,0,0,1.3571,1.3571,1.3571,0,0.6786,0,0,3.3929,0,0,0,0,0,0,0.6786,0,0,0,0,0.6786,0,0,0,0,0,0,0,0,0,1.3571,4.0714,0,1.3571,0,2.0357,0,0,2.0357,0,0.6786,0,0,0,0,0,0,0,0,0,0.3214
5.2532,11.2568,4.5027,9.7559,4.5027,9.7559,1.5009,3.7523,11.2568,1.5009,1.5009,0.7505,0,0,0,0.7505,0.7505,0.7505,0.7505,0,0,3.0018,0.7505,3.7523,0,2.2514,0,0,1.5009,0,0.7505,0,0,0.7505,1.5009,0,0,0.7505,0.7505,0,1.5009,3.7523,0,0.7505,0,0,0,0,2.2514,0.7505,0,0.7505,0.7505,0,0.7505,0.7505,0,1.5009,0,0,0,0.7505,0.7505,3.0018,0,0.7505,0,0.7505,3.0018,0.7505,0,0,0,0.7505,0,0.7505,0,0,0,0,1.5009,0,1.5009,0,0,0,0.7505,0,0,0,0,2.2514,0,0.7505,1.5009,3.7523,0,0,3.0018,0,0,0,0.7505,0,0.7505,0,0,0,0,0,0.2495
5.0142,12.8936,2.1489,10.7447,4.2979,10.7447,4.2979,5.7305,12.8936,4.2979,0.7163,0.7163,0,0,0.7163,0.7163,0.7163,0.7163,0.7163,0,0.7163,2.1489,0,1.4326,0.7163,4.2979,1.4326,0,0,2.1489,0,0,0,0.7163,0,0,0,0.7163,0.7163,0,0,5.0142,0.7163,0.7163,0,0,0,0,4.2979,0,0.7163,0.7163,0,0.7163,0.7163,0,0,0.7163,0.7163,0,0,1.4326,0,2.8652,0,0.7163,0.7163,1.4326,1.4326,2.1489,0,0,0.7163,2.1489,0,0,0,0,1.4326,0,0.7163,1.4326,0,0,0.7163,0.7163,0,1.4326,0,0,1.4326,0,0,1.4326,1.4326,4.2979,1.4326,0.7163,2.1489,0,0.7163,1.4326,0,0.7163,0,0,0,0,1.4326,0,0.2837
2.9703,10.396,4.4554,10.396,4.4554,10.396,4.4554,5.198,10.396,4.4554,0,0,0,0,0,0.7426,0.7426,0.7426,0,0,0,0.7426,0.7426,3.7129,0,2.2277,0,0,2.9703,0,0.7426,0.7426,0,0.7426,0,0,0,1.4851,0.7426,0,0,4.4554,0,0.7426,1.4851,0,0,0,2.2277,1.4851,1.4851,0.7426,0.7426,0,0.7426,0,0,0.7426,0,0,0,0,0.7426,2.9703,0,0.7426,0,0,3.7129,2.2277,0,0.7426,0,2.2277,0,1.4851,0,0,0,0,0,0,0.7426,0,2.2277,0.7426,0.7426,0.7426,0,0,0,1.4851,0,0,0,4.4554,1.4851,1.4851,0.7426,0.7426,0.7426,1.4851,0.7426,0,0,0,1.4851,0,0,0,0.2574
6.7416,9.4382,4.7191,12.809,4.0449,12.809,4.0449,5.3933,9.4382,4.0449,1.3483,0,0.6742,0.6742,1.3483,2.0225,0,0,0.6742,0,0.6742,0.6742,0,2.0225,0.6742,3.3708,0,0.6742,1.3483,0,0.6742,1.3483,0.6742,0,0,0,0,0.6742,0,1.3483,0,4.7191,1.3483,0.6742,0,0,0,0.6742,4.0449,0.6742,0.6742,0.6742,0,1.3483,0,0,0,0.6742,0.6742,0,0.6742,0.6742,1.3483,4.0449,0.6742,0.6742,1.3483,0,2.0225,1.3483,0,0,0.6742,1.3483,0,0.6742,0.6742,0.6742,0,0,0.6742,0,0,0.6742,0.6742,0.6742,0.6742,2.0225,0,0,1.3483,1.3483,0,0.6742,0.6742,4.7191,0,0,0.6742,0,0,0,0,1.3483,0,0.6742,1.3483,0,0,0.6742,0.3258
2.0326,6.0978,5.4202,10.8405,4.0652,10.8405,2.0326,4.7427,6.0978,2.0326,0,0,0,0,0.6775,1.3551,0,0,0,0,0,0,0.6775,2.0326,0,2.7101,0.6775,0,0,0,0.6775,0,0.6775,0.6775,0,0,0.6775,1.3551,0.6775,0,0,4.0652,0.6775,2.0326,0.6775,0,0,0.6775,2.0326,0.6775,0,0,0.6775,0.6775,1.3551,0,0,1.3551,0,0,0,0.6775,0.6775,4.0652,0.6775,2.0326,0,0.6775,1.3551,0.6775,0,0,0,0.6775,0,0.6775,0.6775,0,0,0,0,0.6775,1.3551,0,0,1.3551,0,0,1.3551,0,1.3551,0,0,0.6775,0.6775,2.7101,0,0.6775,0,0,0,0,0.6775,0,0,0,0,0,0.6775,0.6775,0.3225
0.7611,6.8497,3.8054,8.3719,3.0443,8.3719,5.3276,12.1773,6.8497,5.3276,0,0,0.7611,0,0,0,0,0,0,0,0,0.7611,0,1.5222,0,1.5222,0,0,1.5222,1.5222,0,0.7611,0,0,0,0.7611,0,2.2832,0,0,0,2.2832,0,2.2832,0,0,0.7611,0.7611,1.5222,0.7611,0,0.7611,0,0,0.7611,0,0,0,0,0.7611,0,0.7611,0,1.5222,0,2.2832,0,0.7611,1.5222,1.5222,0,0,0,1.5222,0,0.7611,0.7611,0.7611,1.5222,0,0,0,1.5222,0.7611,2.2832,0.7611,0.7611,6.0886,0,0,0.7611,0,0.7611,0.7611,0,1.5222,1.5222,0.7611,0.7611,0,0,1.5222,0,0,0,0.7611,1.5222,0.7611,0,0.7611,0.2389
2.0751,11.7589,6.2253,11.7589,4.1502,11.7589,3.4585,6.917,11.7589,3.4585,0.6917,0.6917,0,0,0,0,0,0,0,0.6917,0,2.0751,0.6917,1.3834,0.6917,2.7668,0,1.3834,2.7668,0,0.6917,0.6917,0.6917,1.3834,0,0,0,1.3834,0.6917,0,0,4.1502,0,1.3834,0.6917,0,1.3834,0.6917,2.7668,0.6917,0,0.6917,0,1.3834,0.6917,0.6917,0,0.6917,0,0,0.6917,0,0.6917,4.1502,0,1.3834,0.6917,0.6917,2.0751,1.3834,0,0.6917,0.6917,1.3834,0,0.6917,0,0,0,0,0,0.6917,2.7668,0,0.6917,0,0.6917,0.6917,1.3834,0,0,1.3834,0,0,1.3834,4.1502,0.6917,1.3834,2.0751,0.6917,0,0.6917,0,0.6917,0,2.0751,0,0,0,0,0.3083
7.649,6.9536,5.5629,9.0397,2.7815,9.0397,3.4768,4.1722,6.9536,3.4768,1.3907,0.6954,0.6954,1.3907,0,0.6954,0.6954,2.0861,0,0,0.6954,2.0861,0,0.6954,0,1.3907,0,0,1.3907,0.6954,2.0861,0.6954,1.3907,0,0,0.6954,0,0,0.6954,0,0.6954,0.6954,0.6954,1.3907,0.6954,1.3907,0,0.6954,1.3907,1.3907,0.6954,0,0,0,0,0.6954,0,0.6954,0,0,0,1.3907,0.6954,2.7815,0.6954,1.3907,0.6954,0,0.6954,0.6954,0,0.6954,0,0.6954,0,1.3907,0,0,0.6954,0,1.3907,0,1.3907,0,0.6954,0.6954,0,0,0,0,0,0,0.6954,1.3907,0,0.6954,0.6954,0.6954,2.0861,0.6954,0,0.6954,0,0.6954,0.6954,0,1.3907,0,0,0,0.3046
2.7629,4.8351,2.7629,8.9794,3.4536,8.9794,4.1443,2.0722,4.8351,4.1443,0,0.6907,0,0.6907,0,0.6907,0.6907,0,0,0,0,0,0.6907,1.3814,0.6907,2.0722,0,0,0,0,0.6907,0,0.6907,1.3814,0,0,0,0,0,0,0,1.3814,0,2.7629,0.6907,0,0,0,2.0722,2.0722,0.6907,0,0,0,1.3814,0,0,0.6907,0.6907,0,0.6907,1.3814,0,0,0.6907,2.7629,0,0.6907,1.3814,0.6907,0,1.3814,0,0.6907,0,2.0722,0,0,0,0,0.6907,0,0.6907,0,0,0,0,0,0.6907,0,0,0,0,1.3814,0,1.3814,0.6907,0,0,1.3814,0,0,0.6907,0,0,0,2.7629,0.6907,0,0,0.3093
10.1406,10.1406,7.9677,10.1406,7.9677,10.1406,0.7243,7.2433,10.1406,0.7243,1.4487,3.6217,0.7243,0,2.173,0,0,1.4487,0,0,0,2.8973,0,1.4487,0,2.173,0,0.7243,2.8973,0,2.8973,0,1.4487,0.7243,1.4487,0.7243,0,0,0.7243,0,0.7243,2.173,0.7243,2.173,0,0,0,2.173,2.173,0,2.173,0,2.8973,0.7243,0,0.7243,0,0.7243,0,0.7243,0.7243,0.7243,0,4.346,0.7243,2.173,0,0,1.4487,0,0.7243,0,0,0,0,0,0,0,0,0,0,0,0.7243,0,2.173,2.173,0,2.173,0,0,0.7243,0,1.4487,0.7243,1.4487,2.173,0.7243,0,2.8973,0,0,0.7243,0,0,0,0,0,0,0,0,0.2757
2.2368,8.9474,3.7281,7.4561,1.4912,7.4561,3.7281,3.7281,8.9474,3.7281,0,0,1.4912,0,0.7456,0,0,0,0,0,0,2.2368,1.4912,0,0,1.4912,2.2368,0,1.4912,0,0,0,0,0,0,0.7456,0,0.7456,1.4912,0.7456,0.7456,1.4912,0,2.9825,0,0,0,0,1.4912,0.7456,0.7456,0,0,0.7456,0,0,0,0,0,0,0.7456,1.4912,0,0,0,2.9825,0.7456,0,0,0.7456,0,0.7456,0,0.7456,0,0,0,2.2368,0,0,0,0.7456,0.7456,0,0.7456,0.7456,0,0,0,0.7456,0,1.4912,0,1.4912,0,1.4912,0.7456,0.7456,2.2368,0.7456,0,0.7456,0,0.7456,0,0,0,0,2.2368,0,0.2544
1.4903,8.9417,2.9806,8.9417,3.7257,8.9417,2.2354,3.7257,8.9417,2.2354,0,0,0,0.7451,0,0,0,0,0.7451,0,0,1.4903,0,1.4903,0.7451,0.7451,0,1.4903,2.9806,0,0,0.7451,0,0.7451,0,0,0,0.7451,0.7451,0,0,1.4903,0,1.4903,0,1.4903,0,0,1.4903,2.2354,0.7451,0,0.7451,0,0.7451,0,0,1.4903,0,0,0,2.2354,0.7451,2.9806,0,1.4903,0,0,1.4903,0,0,0,0,0,0,2.2354,0,0,0,0,0,0.7451,0.7451,0,1.4903,0.7451,0,0,0,0,0.7451,1.4903,0.7451,1.4903,0.7451,1.4903,0.7451,0,1.4903,0,0,0.7451,0,0,0,0,1.4903,0,0,0,0.2549
2.0638,9.6309,5.5034,8.943,1.3758,8.943,3.4396,4.1275,9.6309,3.4396,0,0,0.6879,0.6879,0,0,0,0,0.6879,0,0,1.3758,0,1.3758,0,1.3758,0,2.0638,1.3758,2.0638,1.3758,0,0,1.3758,0,0,0,1.3758,0.6879,0,0,2.0638,0.6879,1.3758,0,0,1.3758,0,2.0638,1.3758,0,0,0.6879,0,0,0,0.6879,0,0,0,0,3.4396,2.0638,0,0,1.3758,0,0.6879,1.3758,0,0,0,0,0,0,1.3758,0,0,2.0638,0,0,0,0,0.6879,1.3758,1.3758,0.6879,0,0,0,0,2.7517,0,3.4396,0,2.0638,0,0,1.3758,0,0.6879,0,0.6879,0,0,1.3758,0.6879,0,0,0,0.3121
5.2848,5.9455,13.2121,15.1939,4.6242,15.1939,1.9818,3.303,5.9455,1.9818,0.6606,0,0.6606,1.9818,1.3212,0,0,0,0,0.6606,0,0,1.3212,1.9818,0,2.6424,0,0,0,0,1.3212,0,2.6424,1.9818,1.9818,1.9818,0,1.3212,1.3212,0,0.6606,5.2848,0.6606,3.9636,0,1.3212,0,0,2.6424,0.6606,0.6606,0,2.6424,0,0,0,0.6606,0.6606,0,0,1.3212,0,2.6424,2.6424,0.6606,3.303,1.3212,1.3212,1.9818,0,0.6606,0.6606,0.6606,0,0,0,0,0,0,0,0,0,1.3212,1.3212,0,0.6606,0,0,0,0,0,0,0,0,0,5.2848,0,0,0,0.6606,0,0,0,1.3212,0.6606,0,0,0,0,0,0.3394
4.3311,6.4967,12.2715,18.0464,3.6093,18.0464,2.8874,4.3311,6.4967,2.8874,1.4437,0.7219,0.7219,0,0,1.4437,0,0,0,0,0.7219,0.7219,0,1.4437,0,1.4437,0.7219,0,0,1.4437,0.7219,0,3.6093,0,1.4437,2.8874,0,2.8874,0.7219,0,0,1.4437,3.6093,5.053,0,5.053,0.7219,0.7219,1.4437,0,0.7219,0,0.7219,0,0.7219,0,0,0,0,0.7219,0.7219,3.6093,0,5.7748,0,4.3311,1.4437,0,1.4437,0.7219,0,0,0,0.7219,0.7219,0,0,0,1.4437,0,0,0,2.1656,0,0.7219,1.4437,0,0,0,0,0,0,0.7219,3.6093,0,1.4437,0,0,0.7219,0,0,0,0,1.4437,0,0,0,0.7219,0.7219,0,0.2781
5.0328,6.9201,3.1455,12.5819,1.2582,12.5819,4.4037,3.7746,6.9201,4.4037,1.2582,0,1.2582,1.2582,0,1.2582,0,0,0,0,0.6291,1.2582,0,1.2582,0,1.2582,0,0,2.5164,0,0,0,0,0.6291,0,1.2582,0.6291,0,0.6291,0,1.2582,2.5164,0,2.5164,0,0.6291,1.2582,1.8873,1.2582,1.2582,0,0,1.2582,0,0,0,0,0,0,0,0.6291,1.8873,0,1.2582,0.6291,1.8873,1.8873,0.6291,1.2582,1.8873,0,1.2582,0,1.8873,0,1.2582,0,0,0,0,0.6291,0,0,0,0.6291,1.8873,0.6291,0,0,0,0,0,0,1.8873,0,1.8873,0,0.6291,1.2582,1.2582,0,0,0.6291,1.8873,0,1.2582,0,0.6291,0,0,0.3709
2.5251,3.1563,5.6814,9.4689,1.8938,9.4689,0.6313,3.7876,3.1563,0.6313,0,0,0.6313,0.6313,0.6313,0.6313,0,0,0,0,0,1.2625,0.6313,0.6313,0,0.6313,0,0,0,0,0,0.6313,1.2625,1.2625,0,0.6313,0,1.2625,0,0,0,0.6313,0.6313,1.8938,0,5.0501,0.6313,0,0.6313,0,1.2625,0,0,0.6313,0,0,0,0,0,0,1.2625,0.6313,1.2625,1.8938,0.6313,1.2625,0,1.2625,0.6313,0.6313,0,0,0,0.6313,0,0,0,0,0,0,0,0,0.6313,1.2625,0.6313,0,0,0.6313,0.6313,0,0,0,0,0.6313,0,0.6313,0,0.6313,1.2625,0,0,0,0,0,0,0.6313,0,0,0,0,0.3687
13.3631,5.9392,2.2272,8.9088,5.1968,8.9088,2.9696,5.9392,5.9392,2.9696,5.9392,0.7424,0.7424,0.7424,1.4848,1.4848,0,1.4848,0,0,0,0.7424,0,0.7424,0,1.4848,0.7424,0.7424,1.4848,0,0,0,0,0.7424,0,0,0,0.7424,0.7424,0,0.7424,4.4544,0.7424,1.4848,0,0,0,0,1.4848,0,2.2272,0,0,0,0.7424,0,0,1.4848,0,0.7424,0.7424,0,0,2.9696,0.7424,1.4848,0,0.7424,0.7424,1.4848,0,0,0,1.4848,0.7424,0,0.7424,0,0,0,2.9696,0,0,0.7424,1.4848,0,0,0.7424,0,0,0.7424,0,0,0,0,4.4544,0,0,0.7424,0,0,0,0,0,0,0,1.4848,0,0.7424,0.7424,0.2576
6.035,10.7289,2.6822,8.7172,4.0233,8.7172,3.3528,4.0233,10.7289,3.3528,1.3411,0.6706,0,0,0.6706,0.6706,0,0.6706,1.3411,0,2.0117,1.3411,0.6706,1.3411,0.6706,1.3411,1.3411,0,1.3411,0.6706,0,0,0,0.6706,0,0.6706,0,0.6706,0.6706,0,0,3.3528,0.6706,0.6706,0.6706,0.6706,0,1.3411,1.3411,0,1.3411,0.6706,0,0,0.6706,0.6706,0,0,0.6706,0,0,0,0.6706,2.6822,0,0.6706,0.6706,0.6706,1.3411,2.0117,0,0.6706,0,2.0117,0,0,0,0,0.6706,0,0,0,0.6706,0.6706,0.6706,0.6706,0,0.6706,0.6706,0,0.6706,2.6822,0,0,0.6706,3.3528,1.3411,0,1.3411,0.6706,0,1.3411,0,0.6706,0,0,0,0,1.3411,0,0.3294
10.3135,11.7868,2.9467,8.8401,2.9467,8.8401,2.21,8.1034,11.7868,2.21,3.6834,1.4734,0,0.7367,0.7367,0,0,2.9467,0,0,0,1.4734,0,2.9467,0,2.21,0.7367,0,4.4201,0,0,0.7367,0,0.7367,0,0.7367,0,0.7367,0,0,0.7367,3.6834,0,0.7367,0,0,0.7367,0,2.21,0.7367,0.7367,0.7367,0,0.7367,0,0,0,0.7367,0,0,0,0,0.7367,2.9467,0.7367,0.7367,0,0.7367,2.9467,0,0,0.7367,0,0,0,0.7367,0,0.7367,0,0,2.9467,1.4734,0,0,0.7367,0,0.7367,1.4734,0,0.7367,2.21,1.4734,0.7367,0,0.7367,3.6834,0,0.7367,1.4734,0.7367,0,0,0.7367,0,0,0.7367,0,0,0.7367,0,0.2633
3.6713,9.5455,4.4056,5.8741,0.7343,5.8741,2.2028,2.9371,9.5455,2.2028,0,0.7343,0.7343,1.4685,0.7343,0,0,0,0,0,0,0.7343,0.7343,0,0,2.9371,0,0,4.4056,0.7343,1.4685,1.4685,0,0,0,0,0.7343,0,0,0.7343,0,2.9371,0,0,0,0,0,0,2.9371,0,0,0,0,0,0,0,0,0.7343,0,0,0,0.7343,0.7343,2.9371,0,0,0.7343,0,0,0,0,0.7343,0,0,0,0,0,0.7343,0.7343,0,0,1.4685,0.7343,0,0,0,0,0,0.7343,0,1.4685,0,1.4685,0,0,2.9371,0.7343,1.4685,0.7343,0.7343,0.7343,0.7343,0,0.7343,0,0,0,0,0,0,0.2657
4.9658,10.641,0.7094,9.2222,5.6752,9.2222,2.1282,4.2564,10.641,2.1282,0,1.4188,0,1.4188,0.7094,0,1.4188,0,0,0,0,1.4188,0,1.4188,1.4188,2.1282,0,0,4.2564,0,0.7094,0,0,0,0,0,0,0,0,0,0,4.9658,0,0,0,0,0,0.7094,2.1282,0.7094,0,0,0,1.4188,0,0,0,2.8376,1.4188,0,1.4188,1.4188,0,2.8376,0.7094,0,0,0.7094,1.4188,0.7094,0,0,0,0.7094,0,0.7094,0.7094,0,0,0,2.1282,0,0,0,1.4188,0.7094,0,0,0,0,0,1.4188,0,1.4188,1.4188,4.9658,0,0,1.4188,0,0.7094,0,0.7094,0,0,0,0,0,0,0.7094,0.2906
5.5352,13.8381,3.4595,11.7624,4.1514,11.7624,2.7676,4.1514,13.8381,2.7676,0.6919,2.0757,0,0.6919,1.3838,0,0,0,0.6919,0,0,0.6919,0.6919,3.4595,0.6919,5.5352,0.6919,0.6919,0,1.3838,0,1.3838,0,0.6919,0,0,0.6919,0.6919,0,0,0,4.1514,0.6919,0.6919,0,0,0,0,6.2272,0,0.6919,0.6919,0.6919,0,0,0,0,0,1.3838,0,0,0.6919,0.6919,4.1514,0.6919,0,0,2.0757,2.7676,0.6919,0,0.6919,0,0.6919,0,0,0,0,1.3838,0,0.6919,0,0.6919,0,0,2.0757,0.6919,0,0,0,2.7676,2.7676,0,0.6919,0.6919,4.1514,0.6919,0.6919,0.6919,0.6919,0.6919,0.6919,0,0.6919,0,0,0,0,0.6919,0,0.3081
4.6897,10.0494,4.0197,8.7094,2.0099,8.7094,4.6897,6.6996,10.0494,4.6897,0.67,0,0.67,0,2.0099,0,0.67,0,0.67,0,0.67,2.0099,0,0.67,0,3.3498,0.67,0.67,0,2.0099,0,0.67,0,0.67,0,0,0,0.67,1.3399,0,0,2.0099,0.67,0.67,0,0,0.67,0.67,3.3498,0.67,0.67,0,0,0.67,0,0,0,0.67,0,0,1.3399,0,0.67,2.6798,0,0.67,0,2.0099,0.67,0.67,0,0.67,0,1.3399,0,0.67,0,0,2.0099,0,1.3399,0,0.67,2.0099,0,1.3399,0.67,0,0,0.67,0,2.6798,0,0,0,2.0099,2.0099,1.3399,1.3399,0.67,0,2.0099,1.3399,0,0,0.67,0,0,0.67,0,0.33
4.4102,11.7604,1.4701,10.2904,2.2051,10.2904,2.2051,3.6751,11.7604,2.2051,1.4701,0,0,0,1.4701,0,0,0.735,0.735,0,1.4701,2.9401,0,2.2051,0.735,2.2051,0,0,1.4701,0.735,0,0,0,1.4701,0,0,0,0,0,0,0,4.4102,0,0.735,0,0,0,0.735,2.9401,0.735,1.4701,0,0,0,0,0,0,0.735,0,0,0,0,1.4701,4.4102,0,0.735,0,0.735,2.9401,0,0,0.735,0,0,0,0.735,0,0,0.735,0,0,0,0,1.4701,0,1.4701,0,0.735,0,0,0,2.9401,0,0,0,4.4102,0.735,0,2.9401,0.735,0,0.735,0,0,0,0,1.4701,0,0,0,0.265
3.8121,10.6738,1.5248,10.6738,2.2872,10.6738,3.8121,8.3865,10.6738,3.8121,0.7624,0,0,0,0,0,0,2.2872,0.7624,0,0,3.8121,0,2.2872,0,2.2872,0,1.5248,0,0.7624,0,0,0,0.7624,0,0,0,0.7624,0,0,0.7624,4.5745,0,0.7624,0,0,0,0.7624,1.5248,2.2872,0,0,0,0,0.7624,0,0,1.5248,0,0,0,0,0,4.5745,0,0.7624,0,0.7624,3.8121,0,0,0.7624,0,0,0,2.2872,0,0,0.7624,0,2.2872,0,1.5248,1.5248,0.7624,0.7624,0.7624,0.7624,0,0,0,0,0,0,0,4.5745,1.5248,0,3.8121,0.7624,0,1.5248,0,0,0.7624,0,1.5248,0,0,0,0.2376
2.8843,11.5372,2.8843,10.8162,0.7211,10.8162,5.0475,5.0475,11.5372,5.0475,0,0,0,0.7211,0,0.7211,0,0.7211,0.7211,0,0.7211,0.7211,0.7211,2.8843,0.7211,1.4422,0,0.7211,1.4422,2.1632,0,0,0.7211,0,0,0,0,0.7211,0.7211,0,0.7211,4.3265,0,0.7211,0,0.7211,0.7211,0,1.4422,2.1632,0,0,0,0.7211,0,0,0,0,0,0,1.4422,3.6054,0,2.1632,0,0.7211,0,0,2.8843,0,0,0,0,0,0,2.1632,0.7211,0,2.1632,0,0,0,0.7211,0,0,0.7211,0.7211,1.4422,1.4422,0,0,1.4422,0,3.6054,0,3.6054,1.4422,0.7211,0.7211,0,0,1.4422,0.7211,0,0,0.7211,1.4422,0,0,0.7211,0.2789
3.7374,6.229,3.1145,8.7205,2.4916,8.7205,3.1145,1.2458,6.229,3.1145,0,0,0,2.4916,0.6229,0,0,0,0.6229,0,0.6229,1.2458,0,0.6229,0,0.6229,0,0.6229,2.4916,0,0.6229,0,0.6229,0,0,0.6229,0,0,0.6229,0,0.6229,3.1145,0.6229,2.4916,0,0,0.6229,0,0.6229,0.6229,0,0,0,0.6229,0,0.6229,0.6229,0.6229,0,0,1.8687,0.6229,1.2458,0,1.2458,2.4916,1.2458,0,0,0,0,1.2458,0,0,0,0.6229,0.6229,0,0.6229,0,0,0,0,0.6229,0,0,0,0,0,0.6229,0,0,0,0.6229,0,3.1145,0,0,1.2458,1.2458,0,0,0,1.2458,0.6229,0.6229,0,0,0,0.6229,0.3771
4.5035,10.5081,3.0023,7.5058,1.5012,7.5058,1.5012,1.5012,10.5081,1.5012,2.2517,0.7506,0.7506,0,0,0,0,0,0.7506,0,0,2.2517,0.7506,2.2517,0,2.2517,0,0.7506,1.5012,0.7506,0.7506,0.7506,0.7506,0.7506,0,0,0,0,0,0,0,3.7529,0,0.7506,0,0,0.7506,0,2.2517,0,0,0.7506,0,0,0.7506,0,0,0,0,0,0,0.7506,0,1.5012,0,0.7506,0,0.7506,3.0023,0.7506,0,0,0,0.7506,0,0,0,0,0.7506,0,0,0,0.7506,0.7506,0,0,0,0,0,0,1.5012,0,0,0.7506,0.7506,3.7529,0.7506,0,2.2517,0,0,0.7506,0,0,0,0.7506,0,0,0,0,0.2494
3.6,10.08,4.32,7.92,2.16,7.92,1.44,3.6,10.08,1.44,0.72,0,1.44,0.72,0,0.72,0,0,0,0,0.72,1.44,0.72,2.88,0,0.72,0,0,2.88,0,0.72,0,0,0,0.72,0.72,0,2.16,0,0,1.44,2.16,0,0.72,0.72,1.44,0.72,0,0.72,0,0,0,0.72,0,0,0.72,0,0,0.72,0,0,1.44,1.44,1.44,0,0.72,0,0,2.88,0,0,0.72,0,0,0,0,0,0.72,0,0,0,0,0,0.72,0.72,0,0.72,0,0.72,0.72,0,4.32,0,1.44,0,2.16,0,0,1.44,0.72,0,0,0,0,0,0.72,0,0.72,0,0,0.28
4.3959,9.5244,2.1979,5.1285,3.6632,5.1285,0.7326,1.4653,9.5244,0.7326,1.4653,0.7326,0.7326,0,0.7326,0.7326,0,0,0,0,0.7326,1.4653,0.7326,2.1979,0,0.7326,0.7326,0,2.9306,0,0.7326,0.7326,0,0,0,0.7326,0,0,0,0,0.7326,0.7326,0,0.7326,0.7326,1.4653,0,0,0.7326,0,0,0,0,0.7326,0,0,0,1.4653,0.7326,0,0.7326,0.7326,0,0,0,0.7326,0,0,2.1979,0.7326,0,0,0,0.7326,0,0,0,0,0,0,0,0,0,0,1.4653,0,0,0,0,0,0,4.3959,0.7326,0.7326,0.7326,0.7326,0,0,2.1979,0,0,0,0,0,0,0,0,0,0.7326,0,0.2674
6.2849,5.5866,2.095,9.7765,4.1899,9.7765,4.1899,1.3966,5.5866,4.1899,1.3966,0.6983,0.6983,0,1.3966,0.6983,0.6983,0.6983,0,0,0,0,0,2.095,0.6983,2.095,0.6983,0,0,0,0.6983,0,0,1.3966,0,0,0,0,0,0,0,2.7933,0,1.3966,0,1.3966,0,0,2.095,2.095,0.6983,0,0.6983,0.6983,0,0,0,0.6983,0.6983,0.6983,2.095,1.3966,0,0,0,1.3966,1.3966,0,2.095,0.6983,0,0,0,0.6983,0.6983,2.095,0.6983,0,0,0,0.6983,0,0,0,0.6983,0,0,0,0,0,0.6983,0,0.6983,1.3966,0,2.095,0.6983,0,0,0,0,0.6983,0,1.3966,0.6983,0,0,0,0.6983,0.6983,0.3017
5.753,9.3486,4.3147,11.5059,1.4382,11.5059,1.4382,5.753,9.3486,1.4382,0.7191,0.7191,1.4382,1.4382,0,0,0.7191,0.7191,0,0,0.7191,0.7191,0,1.4382,0,3.5956,0.7191,0.7191,1.4382,0,0.7191,0.7191,0,0,0.7191,0,0,0.7191,1.4382,0,0,3.5956,0,1.4382,0.7191,1.4382,0,0.7191,3.5956,0,0,1.4382,0,0,0,0,0,0,0,0,0,0.7191,2.1574,4.3147,0,1.4382,0,0,1.4382,0.7191,0,0,0,0.7191,0,0,0,0.7191,0,0,1.4382,0,0,0.7191,0,0.7191,0,2.1574,0,0.7191,1.4382,1.4382,0.7191,0.7191,0,4.3147,0,0,0.7191,0,0.7191,0,0,0,0,0,0,0,0.7191,0,0.2809
3.6682,5.8691,2.2009,10.2709,2.2009,10.2709,2.9345,2.2009,5.8691,2.9345,0.7336,0.7336,0.7336,0.7336,0,0,0.7336,0,0,0,0,0.7336,0,2.2009,0,0.7336,0.7336,0,0,1.4673,0,0.7336,0,0,0,1.4673,0,0,0,0,0.7336,1.4673,0,3.6682,0,0,1.4673,0.7336,0.7336,0.7336,1.4673,0,0,0,0,0,0,0,0,0.7336,0,0.7336,0,2.9345,0.7336,3.6682,0,0,2.2009,0,0,0,0,0,0.7336,0.7336,0,0,1.4673,0,0.7336,0,0.7336,0,0,0,0,0.7336,0,0,0,1.4673,0.7336,0.7336,0,1.4673,0,0.7336,0.7336,0,0,0,0,0,0.7336,1.4673,0,0,0.7336,0,0.2664
1.8367,6.1224,9.7959,12.8571,2.449,12.8571,0.6122,2.449,6.1224,0.6122,0,0,0,1.8367,0,0,0,0,0,0,0,0.6122,0.6122,1.8367,0,3.0612,0,0,0,0,1.2245,0.6122,3.0612,0.6122,0.6122,1.8367,0,0.6122,0.6122,0,0,2.449,0.6122,3.0612,0,2.449,0,1.2245,3.0612,0,0,0,0.6122,1.8367,0,0,0,0,0,0,0.6122,0.6122,3.6735,1.2245,1.8367,2.449,0.6122,0,1.2245,0.6122,0,0,0,0.6122,0,0,0,0,0,0,0,0.6122,0,0.6122,0,0,0,0.6122,0.6122,0,0,1.2245,1.2245,0.6122,0,2.449,0,0,0.6122,0,0,0,0,0.6122,0,0,0,0,0,0,0.3878
2.1862,9.4737,0,7.2874,4.3725,7.2874,5.1012,2.915,9.4737,5.1012,0,0,0,0.7287,0.7287,0,0,0.7287,0,0,0,2.1862,0,2.1862,0,0.7287,0.7287,0,2.915,0.7287,0,0,0,0,0,0,0,0,0,0,0,0,0,0,0.7287,4.3725,0,0,0.7287,1.4575,0.7287,1.4575,0,0.7287,0,0.7287,0,0,0,0.7287,0,1.4575,0,0,1.4575,0,0.7287,0.7287,1.4575,0.7287,0,0,0,0.7287,0.7287,1.4575,0.7287,0.7287,0.7287,0,0.7287,0,0,0,0.7287,0,0,0.7287,0.7287,0,0.7287,2.915,0,1.4575,0,0,1.4575,0,2.1862,0.7287,0,1.4575,0,0.7287,0,0,1.4575,0,0.7287,0.7287,0.2713
1.3814,6.2165,2.7629,8.2887,5.5258,8.2887,2.7629,2.7629,6.2165,2.7629,0,0,0.6907,0.6907,0,0,0,0,0,0,0.6907,0,0,1.3814,0.6907,2.0722,0.6907,0,0,0.6907,0,0,0,0.6907,0.6907,0,0,0.6907,0,0,0.6907,1.3814,0.6907,0.6907,0,1.3814,0.6907,0,2.0722,0.6907,0,0.6907,0.6907,0,1.3814,0,0.6907,0.6907,1.3814,0,0,2.0722,0,1.3814,0,1.3814,0,1.3814,0.6907,1.3814,0,0,0,1.3814,0,0.6907,0,0,0.6907,0,0,0,0.6907,0,0.6907,0.6907,0,0,0.6907,0,0,1.3814,0,2.0722,0.6907,1.3814,0.6907,0,0,0,0,0.6907,0,0,0.6907,0.6907,0,0,0.6907,0,0.3093
3.0065,8.268,2.2549,11.2745,0,11.2745,3.0065,2.2549,8.268,3.0065,0,0,0,0.7516,0,0.7516,0,0.7516,0.7516,0,0,0.7516,1.5033,3.0065,0,2.2549,0.7516,0,0,0,0.7516,0.7516,0,0,0,0.7516,0,0,0,0,0.7516,2.2549,0,4.5098,0,0.7516,0,0,3.0065,0,0,0,0,0,0,0,0,0,0,0,0.7516,0,0,0.7516,0,4.5098,0.7516,0,3.0065,0.7516,0,0.7516,0,0.7516,0,0,0,1.5033,0,0,0,0,0,0,0,0,0.7516,0,0,1.5033,0.7516,3.0065,0,0,0,2.2549,0.7516,0,0.7516,0.7516,0,0.7516,0.7516,0.7516,0,0,0,0,0.7516,0,0.2484
5.3053,7.9579,1.9895,5.9684,3.3158,5.9684,0.6632,2.6526,7.9579,0.6632,0.6632,0.6632,1.3263,0.6632,1.3263,0,0,0.6632,0,0,0,1.9895,0,1.9895,0,1.9895,0.6632,0,1.3263,0,0,0,0,1.3263,0,0,0,0.6632,0,0,1.3263,1.3263,0,0.6632,0,0,0,0.6632,1.9895,0,0,0,0,0.6632,0,1.3263,0,0.6632,0,0,1.9895,0,0,0,0.6632,0.6632,0,0,1.9895,0.6632,0,0,0,0.6632,0,0,0,0,0,0,0.6632,0,0,0,1.3263,0.6632,0,0,0,0,0,3.9789,0.6632,0,0,1.3263,0,0,1.9895,0,0,0,0,0,0,0,0,0,0.6632,0,0.3368
3.6869,14.7477,11.7982,12.5356,4.4243,12.5356,1.4748,7.3739,14.7477,1.4748,0,0.7374,0.7374,0.7374,0.7374,0.7374,0,0,0,0,0.7374,2.2122,1.4748,4.4243,0,3.6869,0,0,1.4748,0.7374,0.7374,0.7374,4.4243,0,0.7374,0.7374,0,2.2122,2.2122,0,0.7374,5.1617,0,1.4748,0,0,0,0.7374,3.6869,0,0.7374,0,1.4748,0,0,0,0,2.2122,0,0,0,0.7374,1.4748,1.4748,0,1.4748,1.4748,1.4748,4.4243,0,0,0.7374,0,0,0,0,0,0,0.7374,0,0.7374,0,2.2122,1.4748,1.4748,0.7374,0,0.7374,0,0,0,4.4243,0,1.4748,0.7374,5.1617,0,0,2.2122,0.7374,0,0,0,1.4748,0,0,0,0,0,0,0.2626
1.3248,6.6239,0,8.6111,4.6368,8.6111,1.3248,2.6496,6.6239,1.3248,0,0.6624,0,0,0.6624,0,0,0,0,0,0,0,0,0.6624,1.3248,3.312,0,0,1.3248,0,0,0,0,0,0,0,0,0,0,0,0.6624,2.6496,0,0.6624,0,0,0,1.3248,3.312,0,0,0,0,1.3248,0.6624,0.6624,0,0.6624,0.6624,0.6624,0.6624,2.6496,0,1.3248,0.6624,0.6624,0.6624,0,0.6624,0.6624,0,0,0,0.6624,0,0,0,0,0.6624,0,0,0,0,0,0.6624,1.3248,0,0.6624,0,0,0,0,0,2.6496,0.6624,2.6496,0.6624,0,0,0,0,0.6624,0,0.6624,0,0,0,0,0,0,0.3376
3.6938,7.3876,2.955,8.8651,2.955,8.8651,1.4775,6.6488,7.3876,1.4775,0.7388,0.7388,0,0,0.7388,0,0,1.4775,0,0,0,1.4775,0.7388,0.7388,0,2.2163,0,0.7388,1.4775,0,0,0,0,1.4775,0,0,0.7388,0.7388,0,0,0,2.2163,0,2.955,0,0,0,0,2.2163,1.4775,1.4775,0,0.7388,0,0.7388,0,0,0,0,0,0.7388,2.2163,0,0,0,2.955,0,1.4775,0.7388,0,0,0,0,0,0,1.4775,0,0,0,0,0.7388,0.7388,0.7388,0.7388,1.4775,0,0.7388,0.7388,0.7388,0,0,0,0.7388,2.2163,0,2.2163,0,0.7388,1.4775,0,0,0,0,0,0,0,0,0.7388,0.7388,0,0.2612
4.898,9.7959,4.0816,6.5306,0.8163,6.5306,3.2653,4.0816,9.7959,3.2653,0.8163,0.8163,0,0,0,0,0.8163,2.449,0,0,0,2.449,0,1.6327,0,3.2653,0,0,1.6327,0.8163,1.6327,0.8163,0,0.8163,0,0,0,0.8163,0,0,0,1.6327,0,0.8163,0,0,0,0,3.2653,0.8163,0,0,0,0,0,0,0,0.8163,0,0,0.8163,1.6327,0,1.6327,0,0.8163,0,0,1.6327,0,0,1.6327,0,0,0,0.8163,0,0,0.8163,0,0.8163,0,1.6327,0,0.8163,0,0.8163,0,0,0,0,0,1.6327,1.6327,0,1.6327,0,0,2.449,1.6327,0.8163,0,0.8163,0,0,0,1.6327,0,0,0,0.1837
8.0397,7.3697,7.3697,12.7295,4.6898,12.7295,2.6799,7.3697,7.3697,2.6799,0.67,0,2.0099,0,2.0099,1.34,0,0.67,1.34,0,0.67,0.67,0.67,2.0099,0,2.6799,0,0.67,0,0,0.67,0,0.67,0.67,0,0.67,0,2.0099,1.34,0.67,1.34,1.34,0.67,3.3499,0,0,0.67,2.0099,2.0099,1.34,3.3499,1.34,0,0,0,0,0,0,0,0,0,1.34,1.34,4.0199,0,2.6799,0.67,1.34,1.34,0,0,0.67,0.67,0,0,1.34,0,0,0,0,1.34,0,1.34,0.67,0.67,2.0099,0,0.67,0.67,0,0,1.34,0,1.34,0.67,1.34,1.34,0,0.67,0.67,0,0.67,0,0.67,0.67,0.67,0,0,0,0,0.33
5.7478,12.2141,2.8739,11.4956,2.1554,11.4956,4.3109,4.3109,12.2141,4.3109,0,0.7185,0,2.1554,0.7185,0,0.7185,0.7185,0,0.7185,0,2.1554,0,2.8739,0.7185,5.7478,0.7185,0,0,0,0.7185,0,0.7185,0,0,0.7185,0,0,0,0,0,3.5924,0,0.7185,0,0,0,0.7185,5.7478,0.7185,0.7185,0,0,0,0,0,0,1.437,0,0,1.437,3.5924,0.7185,0,0,0.7185,0.7185,0,2.8739,1.437,0.7185,0.7185,0,1.437,0,0.7185,0,0,0.7185,0,0.7185,0.7185,0,0,0.7185,0.7185,0,0.7185,0,0.7185,0.7185,0,0.7185,3.5924,0,2.8739,0.7185,0.7185,2.1554,0.7185,0,0.7185,0.7185,0.7185,0,0,1.437,0,0.7185,0,0.2815
1.3559,5.4237,4.0678,10.8475,0.678,10.8475,1.3559,2.7119,5.4237,1.3559,0,0,0.678,0.678,0,0,0,0,0,0,0.678,0,0,1.3559,0,2.7119,0,0,0,0.678,0,0,1.3559,1.3559,0,0,0,0.678,0.678,0,0,2.7119,0.678,4.0678,0,0,0,0,2.7119,0.678,0,0,0.678,0,0,0,0,0,0,0,0.678,0.678,0.678,0.678,0,4.0678,0.678,1.3559,1.3559,0,0,0,0,0,0,0.678,0,0,0.678,0,0,0,0,0.678,0.678,1.3559,0,0,0,0,0,1.3559,0,0.678,0,2.0339,0.678,0.678,0,0,0,0.678,0,0.678,0,0,0,0,0,0,0.322
1.4414,8.6486,2.1622,7.2072,1.4414,7.2072,2.1622,5.7658,8.6486,2.1622,0,0,0,0.7207,0,0,0,0,0.7207,0,0,2.1622,0,2.1622,0,2.1622,0,0,1.4414,0.7207,0,0,0.7207,0,0,0,0,1.4414,0,0,0,1.4414,0,1.4414,0,0,0,1.4414,2.1622,0.7207,0.7207,0,0.7207,0,0,0,0,0,0,0,0.7207,0,0,1.4414,0.7207,0.7207,0.7207,0.7207,1.4414,0,0,0.7207,0,0,0,0.7207,0,0,0.7207,0,0,0,0.7207,0,0.7207,2.1622,1.4414,0.7207,0,0,0,4.3243,0,0,0,1.4414,0,0,2.1622,0.7207,0,0,0,0.7207,0,0,0,1.4414,0,0,0.2793
7.6786,9.7727,2.7922,10.4708,1.3961,10.4708,0.6981,6.9805,9.7727,0.6981,2.7922,1.3961,0,0.6981,0,0.6981,0,2.0942,0,0,0,2.7922,0,3.4903,0,1.3961,0,1.3961,0,0.6981,0.6981,0.6981,0,0.6981,0,0,0,0.6981,0,0,0,2.0942,0.6981,2.0942,0,2.7922,0,0.6981,1.3961,0,0.6981,0,0,0,0.6981,0,0,0,0,0,1.3961,1.3961,0.6981,1.3961,0,0.6981,0.6981,0.6981,3.4903,0,0,0,0,0,0,0,0,0,0.6981,0,0.6981,1.3961,1.3961,0,0,1.3961,0,0.6981,1.3961,0,1.3961,0,0,1.3961,0.6981,2.7922,0,0.6981,2.7922,0,0,0,0,0.6981,0,0,0,0,0,0,0.3019
6.13,7.4923,3.4056,11.5789,6.13,11.5789,2.7245,1.3622,7.4923,2.7245,0.6811,0,0,2.0433,1.3622,1.3622,0,0,0,0,0.6811,2.0433,0,2.0433,0,0,1.3622,0,0,1.3622,1.3622,0,0,0,0,0.6811,0,1.3622,0,0,0,3.4056,1.3622,4.0867,0,1.3622,0.6811,0,0.6811,0,2.0433,0,1.3622,1.3622,0.6811,0,0,0,0,0.6811,1.3622,1.3622,0,0,2.7245,3.4056,0.6811,0,2.0433,0,0,0.6811,0,0,0.6811,0,0,0,1.3622,0,0,0,0.6811,0,0,0.6811,0,0,0,0,0,0,0,1.3622,0,3.4056,0,0,2.0433,0.6811,0,0,0,0.6811,0,0.6811,0,0,1.3622,0,0.3189
9.0411,10.5479,5.274,9.7945,2.2603,9.7945,3.0137,3.7671,10.5479,3.0137,4.5205,0,1.5068,0.7534,0,0,0,0.7534,0.7534,0,2.2603,2.2603,0.7534,1.5068,0,0,0,0,3.0137,0.7534,1.5068,0.7534,0.7534,0,0,0,0,1.5068,0.7534,0,0,5.274,0,0.7534,0.7534,0,0.7534,0,0,2.2603,0.7534,0,0,0,0,0,0.7534,0,0.7534,0,0,2.2603,1.5068,3.0137,0,0.7534,0.7534,0,1.5068,0,0,0,0,0,0,2.2603,0,0,0.7534,0,0,0,0.7534,0,1.5068,0,0.7534,0.7534,0,0,0,0,0,2.2603,0,5.274,0,0,3.0137,0,0,0,0,1.5068,0,1.5068,0,0,0,0,0.2466
7.413,6.5893,3.2947,8.2367,8.2367,8.2367,2.471,5.7657,6.5893,2.471,0.8237,0.8237,1.6473,0,1.6473,0.8237,0.8237,0.8237,0,0,0,0.8237,0,2.471,0,0,0,0,3.2947,0,2.471,0,0,0,0,0,0,0.8237,0,0,0.8237,2.471,0,3.2947,0,1.6473,0,0,0,0,0.8237,0,0.8237,0.8237,1.6473,0,0.8237,2.471,0,0.8237,0.8237,0.8237,0,0,0,3.2947,0.8237,0,2.471,0,0,1.6473,0,0,0.8237,0,0,0,0,0,0.8237,0,0,0,2.471,0,0,1.6473,0,0,0,0,0.8237,0.8237,0,2.471,0,0,0.8237,1.6473,0,0,0,0.8237,1.6473,0,0,0,0,0,0.1763
5.6798,9.7368,3.2456,9.7368,6.4912,9.7368,0,6.4912,9.7368,0,1.6228,0,1.6228,0.8114,0.8114,0,0,0.8114,0,0,0,2.4342,0.8114,2.4342,0.8114,0.8114,0,0.8114,1.6228,0,0.8114,0,0,0.8114,0,0,0,0.8114,0.8114,0,0,3.2456,0,3.2456,0,1.6228,0,0.8114,0.8114,0,1.6228,0,0,0,3.2456,0,0,0.8114,0.8114,0,0,0.8114,0,1.6228,0,4.057,0,0.8114,2.4342,0,0,0,0,0,0,0,0,0,0,0,1.6228,0.8114,0.8114,0,1.6228,0,0,0.8114,0.8114,0,0,1.6228,0,0.8114,0,3.2456,0,0.8114,2.4342,0,0,0,0,0,0,0,0,0,0,0,0.1886
3.5855,7.888,5.7367,10.0393,0.7171,10.0393,2.1513,2.8684,7.888,2.1513,0.7171,0,0.7171,0,0.7171,0.7171,0.7171,0,0,0,0.7171,2.1513,0,0.7171,0,2.1513,0,0.7171,1.4342,0,0.7171,1.4342,0.7171,1.4342,0,0,0,0.7171,0.7171,0,0.7171,2.1513,0.7171,1.4342,0,1.4342,0.7171,0,2.1513,0.7171,0.7171,0,0,0,0,0,0,0,0,0,0,0.7171,0.7171,4.3026,0,1.4342,0.7171,0.7171,0.7171,0.7171,0,0.7171,0,0.7171,0,0.7171,0,0,0,0,0,0,1.4342,0,0,0,0,0.7171,0.7171,0,0,0,0.7171,0.7171,0,2.8684,0,0,2.1513,0.7171,0,0,0.7171,0.7171,0,0.7171,0,0,0,0,0.2829
2.1019,10.5096,9.1083,9.8089,2.1019,9.8089,0.7006,7.0064,10.5096,0.7006,0,0,0.7006,0.7006,0,0,0,0,0.7006,0,0,1.4013,0.7006,2.1019,0.7006,2.8025,0,0,2.8025,0,0,1.4013,0.7006,1.4013,0,0.7006,0,3.5032,0.7006,0,0,4.9045,0.7006,1.4013,0,0,0,0,2.8025,0,0,0,0,0.7006,0,0,0.7006,0,0,0.7006,0.7006,1.4013,1.4013,1.4013,0.7006,1.4013,0,0.7006,2.1019,0,0,0,0,0,0.7006,0,0,0,0,0,0.7006,0,2.8025,1.4013,0,0,0,2.1019,0,0,0,1.4013,1.4013,0.7006,0,4.9045,0,0.7006,1.4013,0,0.7006,0,0,0,0,0,0,0,0,0,0.2994
4.745,10.8456,5.4228,9.4899,4.745,9.4899,4.0671,5.4228,10.8456,4.0671,0.6779,0,0,2.0336,0,0.6779,0.6779,0,0.6779,0,0,2.7114,0,3.3893,0.6779,2.0336,0,0,1.3557,0.6779,0,2.0336,0,0.6779,0,0.6779,0,1.3557,0,0,0.6779,2.7114,1.3557,0.6779,0,0,0.6779,1.3557,2.0336,0,0.6779,0.6779,1.3557,0,1.3557,0,0,0,0,0.6779,0.6779,0.6779,0,1.3557,1.3557,1.3557,0,0,3.3893,0.6779,0.6779,1.3557,0,0.6779,0,0,0.6779,0,0.6779,0,0.6779,0,0.6779,0,0.6779,1.3557,0.6779,1.3557,0,0,0.6779,0,1.3557,0.6779,0,2.7114,0.6779,0.6779,2.7114,1.3557,0,0.6779,0.6779,0,0.6779,0.6779,0.6779,0,0,0.6779,0.3221
3.6972,11.0915,1.4789,8.8732,2.2183,8.8732,5.9155,3.6972,11.0915,5.9155,0,0,0,0,0.7394,0.7394,0.7394,0,1.4789,0,0.7394,2.9577,0,2.9577,0,2.9577,0,0.7394,0.7394,0,0,0,0,0,0,0,0,0,0.7394,0,0.7394,2.9577,0,0.7394,0,0,0.7394,0,2.9577,0.7394,0.7394,0.7394,0,0,0,0,0,0.7394,0,0,0.7394,1.4789,0,0,0,0.7394,0.7394,0,2.2183,2.9577,0,0.7394,0,2.9577,0,0.7394,1.4789,0,0,0,0,0,0.7394,0,0.7394,0,0,2.2183,0,0,0,0,0,1.4789,0.7394,2.9577,2.2183,0,2.9577,0.7394,0,2.2183,0.7394,0.7394,0,0.7394,0,0,0,1.4789,0.2606
0.7216,10.1031,7.2165,7.9381,0.7216,7.9381,5.0515,6.4948,10.1031,5.0515,0,0,0.7216,0,0,0,0,0,0,0,0,0.7216,1.4433,2.8866,0,2.1649,0.7216,0.7216,1.4433,0,0.7216,1.4433,1.4433,0,0,0.7216,0.7216,0.7216,1.4433,0,0,2.1649,0.7216,0.7216,0,0,0.7216,0,2.1649,1.4433,0,0,0,0,0,0,0,0,0,0,0,1.4433,0,0,0,0.7216,1.4433,0,2.8866,1.4433,0,1.4433,0,1.4433,0,1.4433,0,0.7216,0,0,0,0.7216,2.8866,0,0,0,0,2.1649,0.7216,0,0,0,0,1.4433,0.7216,2.1649,1.4433,2.1649,0.7216,1.4433,0,1.4433,0,1.4433,0,0.7216,0,0,0.7216,0.7216,0.2784
7.1796,8.485,4.5689,14.3593,3.9162,14.3593,1.9581,6.5269,8.485,1.9581,1.3054,0.6527,0.6527,0,0.6527,1.9581,0,0.6527,0,0.6527,0,0,0,3.2635,0,3.9162,0.6527,0,0,0.6527,1.3054,0.6527,0.6527,0.6527,0,0.6527,0,0,0.6527,0,1.3054,3.9162,1.3054,2.6108,1.3054,0,0,0.6527,2.6108,0.6527,1.3054,0,0.6527,0.6527,0.6527,0,0,0.6527,0,0,1.3054,1.3054,0.6527,2.6108,0,2.6108,1.3054,1.3054,3.2635,0,0,0,0,0.6527,0,0.6527,0,0,0.6527,0,0.6527,0.6527,0.6527,1.3054,1.3054,0.6527,0,0.6527,0.6527,0,0,1.3054,0,1.3054,0,3.9162,0,1.9581,0,0,0,0,0,1.3054,0,0,0,0,0.6527,0,0.3473
2.7125,9.4937,2.7125,9.4937,1.3562,9.4937,2.0344,2.7125,9.4937,2.0344,0,0,0,0.6781,0.6781,0.6781,0,0,0.6781,0,1.3562,1.3562,0.6781,2.7125,0.6781,1.3562,0.6781,0,0,0.6781,0,1.3562,0,0,0,0.6781,0,0,0.6781,0,0,3.3906,1.3562,2.0344,0,0,0,0.6781,1.3562,0,0,0,0,0.6781,0,0,0,0,0.6781,0,0,1.3562,0,1.3562,0,2.0344,0.6781,0.6781,3.3906,0,0,1.3562,0,0,0,0,0,0,0.6781,0,0.6781,0.6781,0,0,0,0.6781,0.6781,0,0,0,0.6781,0,0.6781,1.3562,0,3.3906,0,0.6781,1.3562,1.3562,0,0,0,0.6781,0,0,0,0.6781,0.6781,0,0.3219
6.5686,6.5686,0.7298,8.7582,3.6492,8.7582,2.1895,3.6492,6.5686,2.1895,1.4597,0,0,0,1.4597,0.7298,0,2.1895,0.7298,0,0.7298,1.4597,0.7298,0.7298,0,1.4597,0,0.7298,0,0,0,0,0,0,0,0.7298,0,0,0,0,0.7298,1.4597,0,2.9194,0,0,0,0.7298,2.1895,0.7298,2.1895,0.7298,0,0,0.7298,0,0,0,0,0,0,1.4597,0,1.4597,0,2.9194,1.4597,0,0.7298,0.7298,0,0.7298,0,0.7298,0,0.7298,0,0,0,0,1.4597,0,0,0,0.7298,0.7298,0,0,0.7298,0,0,0,0,1.4597,0.7298,1.4597,0.7298,0,1.4597,0.7298,0,0.7298,0,1.4597,0,0,0,0,0,0,0.2702
3.5094,9.1243,5.615,14.7393,3.5094,14.7393,4.2112,5.615,9.1243,4.2112,0,0,0,0,0.7019,0.7019,0.7019,0,0.7019,0,0,2.1056,2.1056,1.4037,0.7019,2.8075,0,0,0,0,1.4037,0,0.7019,0,0,0,0,2.8075,0.7019,0,0,3.5094,1.4037,3.5094,0,0,0,1.4037,2.8075,2.1056,0.7019,0.7019,0,0,0,0,0.7019,0.7019,0.7019,0,0.7019,2.1056,0,4.2112,0,3.5094,1.4037,0,1.4037,1.4037,0,0,0,1.4037,0,2.1056,0.7019,0,0,0,0,0,0.7019,0,1.4037,2.8075,0,0,0.7019,0,0.7019,0,0,2.1056,0,2.8075,0.7019,0.7019,2.1056,0,0,0.7019,0.7019,1.4037,0.7019,0,0,0,0,0.7019,0.2981
2.8092,7.0231,4.9161,7.7254,0.7023,7.7254,2.8092,4.2138,7.0231,2.8092,0.7023,0,0.7023,0,0,0.7023,0,0.7023,0,0,0,0.7023,0,0.7023,0,2.1069,2.1069,0,0,1.4046,0.7023,0,0.7023,1.4046,0,0.7023,0,1.4046,0,0,0.7023,2.8092,0.7023,0.7023,0,0,0,0,2.1069,0.7023,0,0,0.7023,0,0,0,0,0,0,0,0,2.8092,0.7023,0,0,0.7023,0.7023,1.4046,0.7023,0,0,0.7023,0,0,0,0.7023,0,0,1.4046,0,0.7023,0,1.4046,0.7023,0.7023,0,0,0.7023,0,0,0,0,0,2.8092,0,2.8092,0,0,0.7023,0.7023,0,0,0,0.7023,0,0,0,0,2.1069,0,0.2977
2.7986,11.1945,3.4983,8.3959,4.8976,8.3959,3.4983,0.6997,11.1945,3.4983,0,0.6997,0.6997,0.6997,0,0.6997,0,0,0,0,0,2.7986,1.3993,1.3993,1.3993,2.099,0.6997,0,1.3993,0,0.6997,0,0,0.6997,0,0.6997,0,0,1.3993,0,0.6997,1.3993,1.3993,0.6997,0.6997,1.3993,0,0,2.099,0,0.6997,0,0,0,0.6997,1.3993,0.6997,0,0.6997,0,0.6997,2.099,0,2.7986,0.6997,0.6997,0,0,1.3993,0,0,1.3993,0,0,0,0,0.6997,0,0,1.3993,0,0,0,0,0,0,0,0,0.6997,0,0,2.7986,0,2.099,0.6997,1.3993,0,0,2.7986,1.3993,0,0,0,0,0.6997,0,1.3993,0,0.6997,0.6997,0.3003
7.4966,11.2448,8.9959,16.4924,2.9986,16.4924,1.4993,4.4979,11.2448,1.4993,0.7497,0,3.7483,0.7497,0.7497,0.7497,0,0.7497,0,0,0,0.7497,0,3.7483,0,4.4979,0.7497,0,1.4993,0,3.7483,0.7497,1.4993,0.7497,0.7497,0,0,1.4993,0,0,0,7.4966,0,2.9986,0,0,0,0.7497,4.4979,0.7497,0.7497,0,1.4993,0,0.7497,0,0,0,0,0,1.4993,1.4993,0.7497,4.4979,0,2.249,0,1.4993,3.7483,0.7497,0,0,0,0.7497,0,0.7497,0,0,0,0,0,0,1.4993,1.4993,0,0.7497,0,0,0,0,0.7497,0,0,1.4993,0,7.4966,0.7497,0,0.7497,0,0,0.7497,0,0,0,0,0,0,0.7497,0,0.2503
9.5228,11.7204,5.8602,10.2554,6.5927,10.2554,3.6626,7.3253,11.7204,3.6626,2.1976,0.7325,0,0.7325,2.1976,1.4651,0,1.4651,0,0,0,2.9301,0.7325,2.9301,0,0.7325,0,0.7325,1.4651,2.1976,0,0.7325,0.7325,0,0.7325,0,1.4651,1.4651,0,0.7325,2.1976,2.9301,0.7325,0.7325,0,1.4651,0,0,1.4651,0.7325,2.9301,0,1.4651,0.7325,0.7325,0,0,0.7325,0,0,0.7325,2.1976,0,2.9301,0.7325,0.7325,0,0,2.9301,0,0.7325,0,0,0,0,0.7325,0,0,2.1976,0,0.7325,1.4651,0.7325,0,1.4651,1.4651,0,0.7325,0.7325,0,0,0,0.7325,2.1976,0.7325,2.9301,0.7325,1.4651,2.9301,0,0,0.7325,0.7325,0,0,0,1.4651,0.7325,0,0,0.2675
7.0505,9.1656,7.7555,12.6908,7.0505,12.6908,2.1151,7.7555,9.1656,2.1151,2.1151,0.705,1.4101,0.705,0,0,0,0.705,0,0.705,0,2.8202,0,2.1151,0,2.1151,0,0,1.4101,0.705,0.705,0,0.705,1.4101,1.4101,1.4101,0,2.1151,0,0,0.705,3.5252,0.705,1.4101,0,1.4101,0.705,2.1151,2.1151,0,3.5252,0,0.705,0,1.4101,0.705,0,0,0,0.705,0,1.4101,1.4101,4.2303,0.705,1.4101,0.705,0.705,2.1151,0,0,0,0,0,1.4101,0,0,0,0.705,0,0,0.705,1.4101,0.705,0.705,1.4101,0.705,2.1151,0,0,0,0,0.705,1.4101,0.705,3.5252,0,0,2.8202,0,0,0,0.705,0.705,0,0.705,0,0,0,0,0.295
3.4407,11.6982,5.5051,12.3864,4.1288,12.3864,3.4407,7.5694,11.6982,3.4407,0,0.6881,0,0,0.6881,0,0,0.6881,0.6881,0.6881,0,2.0644,0,3.4407,0,4.1288,0.6881,0,1.3763,0,1.3763,0,1.3763,0.6881,0,0.6881,0,1.3763,0,0,0.6881,4.8169,2.0644,0,0,0,0.6881,0.6881,3.4407,0,0.6881,0,0,0,0.6881,0.6881,0,1.3763,0,0.6881,0,2.0644,0,1.3763,0,0,1.3763,1.3763,3.4407,2.0644,0,0,0.6881,2.0644,0,0,0,0.6881,0,0,0.6881,0,0.6881,1.3763,2.0644,2.0644,0,0.6881,0,0,0,1.3763,0.6881,2.0644,0.6881,4.1288,0.6881,0,2.0644,0,0,0.6881,0,1.3763,0,0.6881,0,0,0.6881,0,0.3119
6.2091,8.9687,7.5889,11.7283,4.8293,11.7283,2.0697,3.4495,8.9687,2.0697,1.3798,0,1.3798,0,1.3798,1.3798,0,0,0,0,0,1.3798,0.6899,1.3798,0,2.7596,0,0.6899,1.3798,0.6899,3.4495,0,0.6899,1.3798,0.6899,0.6899,0,0.6899,0,0,0.6899,4.1394,2.0697,1.3798,0,0,0,0,3.4495,0,0,0.6899,1.3798,0,0,0.6899,0.6899,0.6899,0,0.6899,0.6899,2.0697,0,4.1394,0,0.6899,1.3798,0.6899,1.3798,0.6899,0,0,0,0.6899,0.6899,0,0,0,0.6899,0,0,0.6899,0,0,0.6899,1.3798,0,0,0.6899,0,0,0,0.6899,1.3798,0.6899,4.1394,0,0.6899,1.3798,0,0,0,0,1.3798,0.6899,0,0,0,0,0,0.3101
3.2947,10.7077,3.2947,9.884,0.8237,9.884,4.1183,2.471,10.7077,4.1183,0,0.8237,0,0,0.8237,0,0,0,0,0.8237,0.8237,2.471,0.8237,3.2947,0,1.6473,0,0,1.6473,0,0.8237,0,0,0,0,0,0,0.8237,0.8237,0.8237,0,1.6473,0,3.2947,0,1.6473,0.8237,0,1.6473,0.8237,0,0,0,0,0,0,0,0.8237,0,0,0,0.8237,0,1.6473,0,3.2947,0.8237,0,3.2947,0,1.6473,0.8237,0.8237,0,0,0.8237,0,0,0,0,0,0,0,0,0,0,0,0.8237,0.8237,0.8237,0,3.2947,0.8237,0.8237,0,1.6473,0.8237,0,2.471,0.8237,0,0.8237,0,0.8237,0,0.8237,1.6473,0,0,0,0.1763
6.1874,10.0545,4.6405,9.281,1.5468,9.281,1.5468,1.5468,10.0545,1.5468,1.5468,0.7734,0.7734,0,0.7734,0.7734,0.7734,0,0,0.7734,0.7734,2.3203,0,3.0937,0,1.5468,0.7734,0,1.5468,0,1.5468,0.7734,0,0.7734,0,0.7734,0,0.7734,0,0,0.7734,1.5468,0.7734,3.0937,0,1.5468,0,0,1.5468,0,0,0,0,0,0,0,0,0,0.7734,0,0.7734,0.7734,0,1.5468,0,3.0937,0,0,3.0937,0,0,0.7734,0.7734,0,0,0,0,0,0,0,0,0,0.7734,0,0.7734,0,0,0,0,0,0.7734,3.0937,0.7734,0.7734,0,1.5468,0,0,2.3203,0.7734,0,0,0.7734,0,0,0,0,0,0.7734,0,0.2266
