0.0,0.0,0.014,0.0,0.0,0.014,0.0,0.0,0.014,0.014,0.0,0.014,0.0,0.0,0.014,0.0,0.0,0.014,0.0,0.014,0.0,0.0,0.0,0.014,0.0,0.0,0.0,0.0,0.0,0.0,0.0,0.014,0.014,0.0,0.0,0.0,0.0,0.0,0.0,0.014,0.0,0.014,0.0,0.0,0.014,0.0,0.0,0.0,0.0,0.014,0.0,0.027,0.0,0.0,0.0,0.0,0.014,0.014,0.014,0.027,0.0,0.0,0.0,0.014,0.0,0.0,0.0,0.0,0.014,0.0,0.0,0.0,0.0,0.0,0.014,0.0,0.027,0.0,0.0,0.0,0.0,0.0,0.0,0.014,0.014,0.0,0.0,0.0,0.0,0.0,0.0,0.0,0.0,0.0,0.014,0.0,0.0,0.0,0.0,0.0,0.0,0.0,0.0,0.0,0.0,0.0,0.0,0.0,0.0,0.0,0.0,0.0,0.014,0.0,0.0,0.014,0.0,0.0,0.0,0.0,0.0,0.014,0.0,0.0,0.0,0.014,0.014,0.014,0.0,0.014,0.014,0.014,0.014,0.0,0.0,0.0,0.0,0.0,0.0,0.0,0.0,0.0,0.0,0.0,0.0,0.0,0.0,0.0,0.0,0.014,0.0,0.0,0.0,0.0,0.0,0.0,0.027,0.0,0.0,0.014,0.014,0.014,0.0,0.0,0.0,0.0,0.0,0.0,0.014,0.0,0.0,0.0,0.0,0.0,0.0,0.0,0.014,0.0,0.0,0.027,0.0,0.0,0.0,0.0,0.0,0.0,0.0,0.0,0.0,0.0,0.0,0.0,0.014,0.0,0.014,0.0,0.0,0.0,0.0,0.014,0.0,0.0,0.0,0.0,0.014,0.0,0.054,0.014,0.0,0.0,0.014,0.0,0.0,0.0,0.0,0.0,0.0,0.0,0.0,0.0,0.0,0.0,0.0,0.014,0.014,0.0,0.0,0.0,0.0,0.014,0.0,0.014,0.014,0.0,0.014,0.0,0.027,0.0,0.0,0.0,0.0,0.0,0.0,0.014,0.014,0.0,0.0,0.014,0.0,0.0,0.014,0.0,0.014,0.014,0.0,0.0
0.0,0.0,0.0,0.0,0.0,0.0,0.0,0.0,0.0,0.0,0.014,0.014,0.0,0.0,0.014,0.0,0.0,0.0,0.0,0.014,0.0,0.0,0.0,0.0,0.0,0.0,0.0,0.0,0.014,0.0,0.0,0.0,0.0,0.0,0.0,0.014,0.014,0.0,0.0,0.0,0.014,0.014,0.0,0.0,0.0,0.0,0.014,0.0,0.0,0.0,0.014,0.029,0.0,0.014,0.0,0.014,0.0,0.014,0.014,0.014,0.0,0.0,0.0,0.0,0.0,0.0,0.0,0.0,0.014,0.0,0.0,0.014,0.0,0.014,0.014,0.0,0.014,0.0,0.014,0.0,0.0,0.014,0.014,0.0,0.0,0.0,0.0,0.0,0.0,0.0,0.0,0.0,0.0,0.014,0.0,0.0,0.0,0.0,0.0,0.0,0.0,0.0,0.0,0.0,0.0,0.0,0.0,0.0,0.0,0.0,0.0,0.0,0.0,0.0,0.0,0.014,0.029,0.0,0.0,0.0,0.0,0.0,0.0,0.0,0.0,0.014,0.0,0.014,0.0,0.0,0.014,0.014,0.0,0.0,0.0,0.0,0.0,0.0,0.0,0.0,0.014,0.0,0.0,0.0,0.0,0.014,0.0,0.0,0.014,0.0,0.0,0.0,0.0,0.0,0.0,0.0,0.0,0.0,0.0,0.014,0.029,0.0,0.0,0.0,0.0,0.014,0.0,0.0,0.0,0.0,0.0,0.0,0.0,0.0,0.0,0.014,0.014,0.0,0.0,0.0,0.0,0.0,0.0,0.0,0.0,0.0,0.014,0.029,0.0,0.0,0.0,0.014,0.0,0.0,0.014,0.0,0.0,0.0,0.0,0.0,0.014,0.0,0.0,0.0,0.014,0.029,0.014,0.0,0.0,0.0,0.014,0.014,0.0,0.0,0.0,0.014,0.0,0.0,0.0,0.0,0.0,0.014,0.0,0.014,0.0,0.0,0.0,0.0,0.0,0.0,0.0,0.014,0.014,0.0,0.0,0.014,0.014,0.0,0.029,0.0,0.0,0.0,0.0,0.014,0.0,0.0,0.0,0.014,0.0,0.0,0.014,0.0,0.014,0.0,0.014,0.014
0.0,0.0,0.0,0.0,0.021,0.0,0.0,0.0,0.011,0.0,0.0,0.011,0.0,0.0,0.0,0.0,0.021,0.0,0.0,0.011,0.0,0.0,0.0,0.0,0.0,0.0,0.0,0.0,0.011,0.0,0.0,0.0,0.0,0.011,0.0,0.0,0.0,0.011,0.0,0.0,0.0,0.0,0.0,0.0,0.0,0.021,0.011,0.0,0.0,0.0,0.0,0.0,0.0,0.011,0.0,0.0,0.0,0.0,0.011,0.0,0.0,0.0,0.0,0.021,0.0,0.021,0.011,0.0,0.011,0.0,0.0,0.0,0.0,0.011,0.0,0.011,0.0,0.0,0.011,0.011,0.011,0.011,0.021,0.0,0.011,0.011,0.011,0.0,0.0,0.0,0.0,0.011,0.0,0.0,0.0,0.0,0.0,0.0,0.0,0.0,0.0,0.0,0.0,0.0,0.0,0.0,0.011,0.0,0.0,0.0,0.0,0.011,0.0,0.0,0.011,0.0,0.0,0.0,0.0,0.011,0.0,0.011,0.011,0.011,0.0,0.0,0.0,0.0,0.0,0.0,0.011,0.0,0.0,0.0,0.0,0.011,0.0,0.0,0.0,0.0,0.0,0.0,0.0,0.011,0.0,0.0,0.0,0.0,0.021,0.011,0.0,0.0,0.0,0.0,0.0,0.0,0.0,0.0,0.011,0.0,0.011,0.0,0.0,0.0,0.0,0.011,0.0,0.0,0.0,0.011,0.0,0.0,0.0,0.021,0.011,0.0,0.0,0.0,0.0,0.011,0.011,0.011,0.011,0.021,0.011,0.011,0.0,0.011,0.0,0.0,0.021,0.011,0.0,0.0,0.0,0.0,0.0,0.0,0.0,0.0,0.0,0.0,0.0,0.011,0.0,0.011,0.0,0.0,0.0,0.0,0.0,0.011,0.011,0.011,0.0,0.0,0.0,0.0,0.011,0.0,0.0,0.011,0.021,0.0,0.0,0.0,0.0,0.011,0.0,0.011,0.0,0.011,0.011,0.0,0.0,0.021,0.011,0.011,0.011,0.021,0.0,0.0,0.0,0.0,0.011,0.0,0.0,0.0,0.0,0.0,0.011,0.032,0.0,0.011,0.021,0.011
0.0,0.0,0.0,0.0,0.0,0.0,0.0,0.011,0.0,0.0,0.0,0.011,0.0,0.011,0.0,0.0,0.011,0.0,0.0,0.0,0.0,0.0,0.0,0.0,0.0,0.0,0.011,0.0,0.011,0.0,0.011,0.0,0.0,0.0,0.0,0.0,0.0,0.0,0.0,0.0,0.0,0.0,0.0,0.022,0.011,0.0,0.011,0.0,0.0,0.011,0.0,0.0,0.0,0.0,0.0,0.011,0.0,0.0,0.011,0.0,0.0,0.0,0.0,0.0,0.0,0.0,0.0,0.011,0.0,0.0,0.0,0.0,0.0,0.0,0.0,0.0,0.0,0.0,0.0,0.0,0.0,0.0,0.0,0.0,0.0,0.011,0.011,0.0,0.0,0.022,0.0,0.0,0.0,0.0,0.011,0.011,0.0,0.0,0.0,0.0,0.0,0.0,0.0,0.011,0.0,0.011,0.0,0.011,0.0,0.0,0.0,0.0,0.0,0.011,0.0,0.011,0.0,0.0,0.0,0.022,0.011,0.022,0.0,0.011,0.0,0.0,0.0,0.022,0.0,0.0,0.011,0.0,0.0,0.0,0.0,0.0,0.0,0.0,0.011,0.0,0.0,0.0,0.0,0.0,0.0,0.0,0.0,0.0,0.0,0.011,0.011,0.011,0.0,0.0,0.011,0.0,0.0,0.022,0.0,0.0,0.0,0.0,0.0,0.0,0.0,0.022,0.0,0.011,0.0,0.011,0.011,0.011,0.022,0.0,0.011,0.022,0.011,0.0,0.022,0.011,0.0,0.0,0.0,0.011,0.011,0.0,0.011,0.0,0.0,0.0,0.011,0.011,0.0,0.011,0.0,0.0,0.011,0.0,0.0,0.011,0.0,0.0,0.011,0.011,0.011,0.0,0.011,0.0,0.0,0.0,0.0,0.0,0.0,0.0,0.0,0.011,0.0,0.0,0.0,0.0,0.011,0.0,0.022,0.011,0.011,0.0,0.011,0.0,0.0,0.011,0.011,0.0,0.0,0.011,0.022,0.011,0.011,0.011,0.0,0.0,0.0,0.0,0.0,0.0,0.0,0.011,0.0,0.0,0.0,0.0,0.022,0.011,0.0,0.011,0.022,0.011
0.0,0.0,0.0,0.0,0.0,0.012,0.0,0.012,0.012,0.0,0.0,0.0,0.0,0.0,0.0,0.0,0.012,0.0,0.0,0.0,0.0,0.0,0.0,0.012,0.0,0.0,0.0,0.0,0.012,0.0,0.012,0.0,0.0,0.0,0.0,0.012,0.0,0.0,0.0,0.0,0.0,0.0,0.024,0.024,0.012,0.0,0.012,0.0,0.012,0.012,0.0,0.0,0.0,0.0,0.0,0.0,0.0,0.0,0.0,0.012,0.0,0.0,0.0,0.0,0.0,0.012,0.0,0.0,0.0,0.0,0.0,0.0,0.0,0.0,0.024,0.012,0.0,0.0,0.0,0.0,0.0,0.0,0.0,0.0,0.0,0.012,0.0,0.024,0.012,0.0,0.0,0.0,0.012,0.012,0.012,0.012,0.012,0.0,0.0,0.0,0.0,0.0,0.0,0.0,0.0,0.0,0.0,0.0,0.0,0.0,0.0,0.0,0.0,0.012,0.0,0.012,0.0,0.012,0.0,0.0,0.012,0.012,0.0,0.0,0.0,0.012,0.0,0.0,0.0,0.0,0.012,0.0,0.0,0.0,0.0,0.0,0.0,0.0,0.012,0.0,0.012,0.0,0.012,0.0,0.0,0.0,0.024,0.0,0.0,0.012,0.0,0.012,0.0,0.0,0.0,0.0,0.0,0.0,0.0,0.0,0.0,0.0,0.0,0.0,0.012,0.0,0.0,0.0,0.0,0.012,0.0,0.012,0.012,0.0,0.012,0.024,0.0,0.0,0.024,0.0,0.0,0.0,0.0,0.0,0.024,0.0,0.012,0.012,0.0,0.0,0.024,0.012,0.0,0.012,0.0,0.0,0.012,0.0,0.0,0.012,0.0,0.0,0.012,0.012,0.012,0.0,0.0,0.0,0.0,0.0,0.012,0.0,0.0,0.012,0.012,0.0,0.0,0.0,0.0,0.0,0.0,0.0,0.0,0.0,0.0,0.0,0.012,0.012,0.0,0.024,0.0,0.0,0.0,0.0,0.0,0.012,0.0,0.0,0.024,0.012,0.0,0.0,0.0,0.0,0.012,0.012,0.0,0.0,0.0,0.012,0.0,0.012,0.0,0.012,0.0,0.0
0.0,0.0,0.023,0.011,0.0,0.011,0.0,0.0,0.0,0.011,0.0,0.011,0.0,0.0,0.011,0.0,0.0,0.0,0.011,0.0,0.0,0.0,0.011,0.0,0.0,0.0,0.0,0.0,0.0,0.011,0.0,0.0,0.011,0.0,0.011,0.011,0.0,0.011,0.0,0.023,0.0,0.011,0.0,0.0,0.011,0.0,0.011,0.0,0.023,0.0,0.0,0.0,0.0,0.0,0.0,0.011,0.023,0.0,0.0,0.0,0.0,0.0,0.0,0.0,0.0,0.0,0.0,0.0,0.011,0.0,0.0,0.0,0.011,0.0,0.0,0.0,0.011,0.0,0.0,0.0,0.0,0.011,0.0,0.0,0.0,0.0,0.011,0.0,0.011,0.0,0.0,0.023,0.0,0.0,0.0,0.0,0.011,0.0,0.0,0.0,0.0,0.0,0.0,0.0,0.0,0.0,0.0,0.0,0.0,0.011,0.0,0.011,0.0,0.0,0.023,0.0,0.011,0.0,0.0,0.034,0.0,0.0,0.0,0.011,0.0,0.0,0.0,0.011,0.023,0.0,0.0,0.0,0.0,0.0,0.0,0.011,0.0,0.011,0.011,0.011,0.011,0.0,0.0,0.0,0.0,0.0,0.0,0.0,0.011,0.011,0.011,0.0,0.0,0.0,0.0,0.0,0.011,0.0,0.011,0.0,0.0,0.0,0.011,0.0,0.0,0.011,0.0,0.0,0.0,0.0,0.0,0.0,0.0,0.0,0.0,0.011,0.0,0.0,0.011,0.011,0.011,0.0,0.0,0.0,0.0,0.011,0.0,0.0,0.011,0.0,0.0,0.011,0.011,0.011,0.0,0.0,0.0,0.0,0.0,0.0,0.023,0.011,0.0,0.0,0.0,0.011,0.011,0.0,0.0,0.0,0.0,0.011,0.0,0.0,0.0,0.0,0.0,0.0,0.0,0.0,0.011,0.034,0.0,0.011,0.0,0.011,0.011,0.0,0.0,0.011,0.0,0.0,0.0,0.0,0.0,0.011,0.011,0.0,0.0,0.0,0.0,0.0,0.0,0.011,0.0,0.0,0.0,0.011,0.0,0.0,0.011,0.0,0.0,0.011,0.011,0.0
0.0,0.009,0.0,0.009,0.009,0.0,0.0,0.0,0.0,0.0,0.009,0.0,0.009,0.0,0.0,0.028,0.009,0.009,0.0,0.009,0.0,0.009,0.0,0.009,0.0,0.0,0.0,0.0,0.0,0.009,0.0,0.0,0.0,0.0,0.0,0.009,0.0,0.0,0.0,0.0,0.009,0.0,0.009,0.0,0.0,0.0,0.0,0.009,0.009,0.009,0.0,0.019,0.0,0.009,0.0,0.009,0.0,0.0,0.0,0.009,0.0,0.009,0.0,0.019,0.009,0.0,0.0,0.0,0.009,0.0,0.0,0.009,0.0,0.0,0.0,0.0,0.009,0.0,0.0,0.0,0.0,0.0,0.0,0.0,0.0,0.0,0.0,0.009,0.009,0.009,0.0,0.0,0.0,0.0,0.019,0.0,0.009,0.0,0.0,0.0,0.0,0.0,0.0,0.009,0.0,0.0,0.0,0.0,0.009,0.0,0.0,0.0,0.0,0.0,0.009,0.0,0.009,0.009,0.0,0.0,0.0,0.0,0.0,0.037,0.0,0.009,0.0,0.0,0.0,0.0,0.0,0.028,0.009,0.009,0.0,0.0,0.0,0.0,0.0,0.0,0.0,0.009,0.0,0.0,0.0,0.0,0.0,0.0,0.0,0.0,0.0,0.0,0.0,0.0,0.0,0.0,0.0,0.009,0.0,0.0,0.019,0.0,0.0,0.0,0.0,0.0,0.0,0.0,0.009,0.0,0.009,0.0,0.0,0.009,0.0,0.0,0.009,0.0,0.019,0.019,0.009,0.0,0.0,0.019,0.0,0.0,0.009,0.009,0.0,0.0,0.009,0.0,0.009,0.0,0.009,0.0,0.0,0.009,0.0,0.0,0.009,0.0,0.009,0.009,0.019,0.009,0.009,0.0,0.0,0.009,0.0,0.0,0.0,0.0,0.019,0.0,0.0,0.0,0.0,0.009,0.009,0.0,0.019,0.009,0.0,0.009,0.0,0.0,0.0,0.0,0.0,0.0,0.0,0.0,0.0,0.009,0.037,0.019,0.019,0.0,0.0,0.0,0.0,0.0,0.0,0.0,0.009,0.009,0.009,0.0,0.0,0.019,0.0,0.0,0.019,0.009
0.0,0.0,0.0,0.0,0.0,0.015,0.0,0.0,0.0,0.0,0.0,0.0,0.015,0.0,0.0,0.015,0.0,0.0,0.015,0.015,0.0,0.031,0.015,0.0,0.0,0.0,0.0,0.0,0.0,0.0,0.0,0.0,0.015,0.0,0.0,0.015,0.0,0.0,0.0,0.0,0.0,0.0,0.015,0.0,0.0,0.015,0.0,0.0,0.0,0.015,0.015,0.031,0.0,0.0,0.0,0.0,0.0,0.0,0.0,0.0,0.0,0.031,0.0,0.015,0.0,0.0,0.0,0.0,0.031,0.0,0.0,0.0,0.015,0.0,0.0,0.0,0.015,0.0,0.0,0.0,0.0,0.015,0.0,0.0,0.015,0.0,0.0,0.015,0.015,0.0,0.0,0.0,0.0,0.0,0.015,0.0,0.015,0.0,0.0,0.015,0.0,0.0,0.0,0.0,0.0,0.0,0.0,0.0,0.0,0.0,0.0,0.0,0.0,0.0,0.015,0.0,0.0,0.0,0.0,0.0,0.0,0.0,0.0,0.015,0.0,0.0,0.0,0.0,0.0,0.015,0.0,0.031,0.0,0.0,0.0,0.0,0.0,0.0,0.0,0.0,0.0,0.0,0.0,0.031,0.0,0.0,0.0,0.0,0.0,0.0,0.0,0.0,0.0,0.0,0.0,0.0,0.0,0.0,0.0,0.0,0.015,0.0,0.0,0.0,0.0,0.0,0.0,0.0,0.015,0.0,0.015,0.0,0.015,0.0,0.0,0.0,0.0,0.015,0.015,0.0,0.015,0.0,0.0,0.0,0.0,0.0,0.015,0.015,0.0,0.0,0.0,0.0,0.0,0.0,0.0,0.0,0.0,0.031,0.0,0.0,0.015,0.0,0.015,0.015,0.046,0.0,0.0,0.0,0.0,0.015,0.0,0.0,0.0,0.0,0.0,0.0,0.015,0.0,0.0,0.0,0.015,0.0,0.0,0.0,0.0,0.0,0.0,0.0,0.0,0.0,0.0,0.0,0.0,0.0,0.0,0.015,0.015,0.0,0.031,0.0,0.0,0.0,0.0,0.0,0.0,0.0,0.015,0.015,0.0,0.0,0.0,0.015,0.0,0.0,0.015,0.0
0.0,0.0,0.011,0.0,0.0,0.0,0.0,0.011,0.011,0.022,0.0,0.0,0.0,0.0,0.0,0.0,0.0,0.0,0.0,0.0,0.0,0.011,0.0,0.011,0.0,0.0,0.0,0.0,0.0,0.0,0.011,0.0,0.011,0.0,0.0,0.0,0.0,0.011,0.0,0.033,0.0,0.0,0.0,0.0,0.011,0.0,0.011,0.022,0.0,0.0,0.0,0.0,0.0,0.0,0.0,0.0,0.0,0.0,0.0,0.011,0.0,0.0,0.0,0.0,0.0,0.0,0.011,0.0,0.0,0.0,0.0,0.0,0.0,0.011,0.0,0.033,0.0,0.0,0.0,0.0,0.0,0.0,0.022,0.0,0.011,0.011,0.0,0.022,0.0,0.011,0.0,0.0,0.0,0.011,0.033,0.0,0.0,0.0,0.0,0.0,0.011,0.0,0.0,0.0,0.0,0.0,0.0,0.0,0.0,0.0,0.0,0.0,0.011,0.0,0.0,0.0,0.0,0.0,0.0,0.011,0.022,0.022,0.022,0.011,0.0,0.011,0.0,0.011,0.0,0.011,0.011,0.0,0.0,0.011,0.0,0.0,0.0,0.011,0.0,0.0,0.0,0.0,0.0,0.0,0.011,0.0,0.011,0.0,0.011,0.022,0.011,0.0,0.0,0.0,0.0,0.0,0.011,0.0,0.022,0.011,0.0,0.0,0.0,0.0,0.011,0.0,0.0,0.011,0.0,0.0,0.0,0.0,0.0,0.0,0.0,0.0,0.0,0.0,0.011,0.0,0.0,0.011,0.0,0.0,0.0,0.0,0.011,0.0,0.0,0.011,0.022,0.0,0.011,0.0,0.0,0.0,0.0,0.0,0.0,0.0,0.0,0.0,0.0,0.011,0.0,0.0,0.011,0.0,0.0,0.0,0.011,0.0,0.0,0.0,0.0,0.011,0.0,0.0,0.0,0.0,0.0,0.0,0.011,0.011,0.011,0.011,0.011,0.0,0.0,0.033,0.0,0.0,0.0,0.033,0.0,0.0,0.0,0.011,0.0,0.011,0.0,0.0,0.0,0.011,0.011,0.0,0.0,0.011,0.011,0.011,0.0,0.0,0.011,0.0,0.0,0.0
0.0,0.0,0.0,0.012,0.0,0.0,0.0,0.0,0.0,0.0,0.0,0.0,0.012,0.012,0.012,0.012,0.0,0.0,0.0,0.0,0.012,0.012,0.0,0.0,0.0,0.0,0.0,0.0,0.0,0.0,0.012,0.0,0.012,0.0,0.024,0.0,0.012,0.0,0.0,0.0,0.012,0.0,0.0,0.0,0.0,0.012,0.0,0.0,0.012,0.0,0.012,0.0,0.0,0.0,0.012,0.012,0.024,0.0,0.0,0.0,0.0,0.0,0.012,0.024,0.0,0.0,0.0,0.012,0.0,0.012,0.0,0.0,0.012,0.0,0.0,0.0,0.0,0.012,0.0,0.0,0.0,0.0,0.0,0.012,0.0,0.012,0.0,0.012,0.0,0.0,0.0,0.0,0.0,0.0,0.0,0.012,0.0,0.0,0.0,0.0,0.0,0.0,0.0,0.0,0.0,0.0,0.0,0.012,0.0,0.0,0.0,0.0,0.0,0.0,0.012,0.0,0.0,0.0,0.0,0.0,0.024,0.0,0.0,0.0,0.012,0.0,0.0,0.012,0.012,0.0,0.0,0.012,0.0,0.0,0.0,0.012,0.0,0.0,0.012,0.012,0.0,0.0,0.012,0.024,0.0,0.012,0.0,0.0,0.0,0.0,0.0,0.0,0.0,0.0,0.0,0.0,0.0,0.0,0.0,0.0,0.0,0.0,0.0,0.012,0.0,0.0,0.0,0.0,0.012,0.0,0.012,0.0,0.0,0.0,0.012,0.012,0.0,0.0,0.0,0.0,0.012,0.0,0.0,0.0,0.0,0.0,0.0,0.012,0.012,0.012,0.0,0.0,0.0,0.0,0.0,0.012,0.0,0.0,0.0,0.0,0.024,0.012,0.0,0.0,0.012,0.0,0.0,0.0,0.012,0.0,0.012,0.0,0.0,0.0,0.0,0.0,0.0,0.0,0.012,0.0,0.012,0.0,0.012,0.012,0.012,0.012,0.0,0.024,0.0,0.0,0.0,0.0,0.0,0.0,0.012,0.012,0.0,0.0,0.0,0.012,0.0,0.0,0.012,0.012,0.012,0.0,0.0,0.024,0.0,0.0,0.024,0.0,0.0,0.024,0.012,0.024
0.0,0.0,0.0,0.012,0.0,0.0,0.0,0.0,0.0,0.0,0.0,0.0,0.0,0.012,0.0,0.0,0.0,0.012,0.012,0.0,0.012,0.0,0.012,0.0,0.0,0.0,0.0,0.0,0.0,0.0,0.0,0.0,0.0,0.0,0.012,0.0,0.012,0.0,0.0,0.0,0.0,0.012,0.012,0.0,0.0,0.012,0.0,0.0,0.0,0.0,0.0,0.0,0.0,0.0,0.012,0.012,0.012,0.0,0.0,0.012,0.0,0.0,0.0,0.024,0.0,0.0,0.0,0.0,0.012,0.012,0.0,0.0,0.012,0.0,0.012,0.0,0.0,0.0,0.0,0.012,0.0,0.0,0.0,0.012,0.0,0.0,0.0,0.0,0.012,0.0,0.0,0.0,0.0,0.0,0.012,0.0,0.0,0.0,0.0,0.012,0.0,0.0,0.0,0.0,0.0,0.0,0.0,0.012,0.0,0.0,0.0,0.0,0.0,0.0,0.012,0.0,0.0,0.012,0.0,0.012,0.012,0.0,0.012,0.012,0.012,0.0,0.0,0.0,0.012,0.0,0.0,0.0,0.0,0.012,0.0,0.0,0.0,0.0,0.0,0.012,0.0,0.0,0.012,0.012,0.0,0.012,0.0,0.0,0.0,0.0,0.0,0.0,0.0,0.0,0.0,0.0,0.0,0.0,0.012,0.0,0.0,0.0,0.0,0.0,0.0,0.0,0.0,0.012,0.012,0.0,0.024,0.0,0.0,0.0,0.012,0.012,0.0,0.0,0.012,0.0,0.0,0.0,0.0,0.024,0.0,0.0,0.0,0.012,0.012,0.012,0.0,0.012,0.0,0.0,0.0,0.0,0.012,0.0,0.0,0.0,0.0,0.012,0.012,0.0,0.0,0.0,0.012,0.0,0.0,0.0,0.012,0.0,0.0,0.0,0.0,0.012,0.0,0.0,0.012,0.0,0.012,0.024,0.012,0.012,0.012,0.012,0.0,0.012,0.0,0.0,0.0,0.0,0.0,0.0,0.0,0.012,0.012,0.012,0.0,0.024,0.0,0.012,0.0,0.012,0.012,0.0,0.0,0.012,0.012,0.0,0.0,0.012,0.0,0.012,0.024,0.024
0.0,0.0,0.0,0.013,0.0,0.0,0.0,0.0,0.0,0.013,0.0,0.0,0.0,0.013,0.0,0.0,0.0,0.0,0.0,0.013,0.013,0.0,0.0,0.0,0.0,0.0,0.0,0.0,0.0,0.0,0.0,0.0,0.0,0.0,0.0,0.013,0.013,0.0,0.0,0.013,0.013,0.0,0.0,0.0,0.0,0.0,0.013,0.0,0.0,0.0,0.0,0.0,0.013,0.0,0.0,0.026,0.0,0.0,0.013,0.0,0.0,0.0,0.0,0.026,0.0,0.0,0.0,0.0,0.013,0.013,0.0,0.0,0.0,0.0,0.0,0.013,0.0,0.013,0.013,0.013,0.0,0.0,0.0,0.026,0.0,0.0,0.0,0.0,0.0,0.0,0.0,0.0,0.0,0.0,0.0,0.0,0.0,0.0,0.0,0.0,0.0,0.0,0.0,0.0,0.0,0.0,0.0,0.0,0.0,0.0,0.0,0.0,0.0,0.0,0.013,0.0,0.0,0.0,0.0,0.0,0.0,0.0,0.026,0.0,0.013,0.013,0.0,0.013,0.013,0.0,0.013,0.0,0.0,0.0,0.0,0.0,0.0,0.0,0.0,0.0,0.0,0.0,0.0,0.013,0.0,0.013,0.0,0.0,0.0,0.0,0.0,0.0,0.0,0.0,0.0,0.0,0.0,0.0,0.013,0.013,0.013,0.0,0.013,0.0,0.0,0.0,0.0,0.013,0.0,0.0,0.0,0.0,0.0,0.0,0.013,0.013,0.0,0.0,0.0,0.013,0.0,0.0,0.0,0.0,0.0,0.0,0.013,0.013,0.0,0.0,0.0,0.026,0.0,0.0,0.0,0.0,0.0,0.0,0.0,0.0,0.013,0.013,0.013,0.0,0.0,0.013,0.0,0.0,0.0,0.013,0.013,0.0,0.013,0.0,0.0,0.0,0.0,0.0,0.0,0.0,0.013,0.0,0.013,0.013,0.013,0.0,0.0,0.0,0.0,0.0,0.0,0.0,0.013,0.013,0.0,0.026,0.013,0.0,0.0,0.013,0.0,0.0,0.026,0.0,0.013,0.013,0.0,0.013,0.013,0.0,0.0,0.013,0.013,0.026,0.026,0.038
0.0,0.0,0.0,0.0,0.01,0.01,0.0,0.029,0.01,0.0,0.0,0.0,0.0,0.0,0.0,0.0,0.0,0.0,0.01,0.01,0.0,0.0,0.0,0.01,0.0,0.0,0.0,0.0,0.0,0.01,0.019,0.0,0.01,0.0,0.01,0.01,0.01,0.0,0.0,0.019,0.01,0.01,0.0,0.0,0.0,0.0,0.0,0.0,0.0,0.0,0.01,0.01,0.0,0.0,0.0,0.01,0.0,0.019,0.0,0.0,0.0,0.0,0.01,0.0,0.0,0.01,0.01,0.0,0.0,0.0,0.0,0.0,0.0,0.019,0.0,0.0,0.019,0.01,0.0,0.0,0.01,0.0,0.0,0.01,0.0,0.0,0.0,0.0,0.0,0.0,0.0,0.0,0.0,0.0,0.029,0.0,0.0,0.0,0.0,0.0,0.0,0.0,0.0,0.0,0.01,0.0,0.0,0.0,0.0,0.0,0.0,0.0,0.0,0.0,0.0,0.01,0.0,0.01,0.01,0.0,0.019,0.01,0.019,0.029,0.0,0.0,0.0,0.01,0.0,0.029,0.0,0.0,0.01,0.0,0.0,0.0,0.019,0.0,0.019,0.0,0.0,0.0,0.01,0.0,0.01,0.0,0.01,0.01,0.019,0.0,0.0,0.0,0.0,0.0,0.0,0.0,0.01,0.01,0.019,0.0,0.01,0.0,0.019,0.0,0.019,0.0,0.0,0.0,0.0,0.0,0.0,0.0,0.0,0.0,0.0,0.0,0.01,0.0,0.0,0.0,0.0,0.0,0.0,0.01,0.0,0.0,0.0,0.0,0.0,0.0,0.01,0.0,0.0,0.01,0.0,0.0,0.0,0.0,0.0,0.0,0.0,0.01,0.0,0.0,0.0,0.0,0.01,0.01,0.0,0.0,0.0,0.0,0.0,0.0,0.0,0.019,0.0,0.0,0.01,0.0,0.0,0.0,0.01,0.01,0.01,0.01,0.01,0.0,0.0,0.019,0.0,0.029,0.01,0.01,0.0,0.0,0.01,0.01,0.0,0.01,0.0,0.0,0.0,0.0,0.0,0.01,0.0,0.0,0.01,0.01,0.0,0.0,0.0,0.01,0.0,0.0
0.0,0.0,0.0,0.0,0.0,0.0,0.0,0.0,0.0,0.0,0.0,0.0,0.015,0.0,0.015,0.0,0.0,0.0,0.015,0.0,0.0,0.0,0.0,0.015,0.0,0.0,0.015,0.0,0.0,0.0,0.0,0.0,0.0,0.0,0.0,0.0,0.0,0.0,0.0,0.0,0.0,0.0,0.0,0.0,0.0,0.0,0.015,0.015,0.0,0.015,0.0,0.0,0.015,0.0,0.0,0.0,0.0,0.0,0.0,0.03,0.0,0.0,0.03,0.0,0.0,0.0,0.0,0.03,0.015,0.0,0.015,0.0,0.0,0.0,0.0,0.015,0.0,0.015,0.015,0.03,0.0,0.015,0.0,0.0,0.0,0.0,0.0,0.0,0.0,0.0,0.0,0.0,0.0,0.0,0.015,0.0,0.0,0.0,0.0,0.0,0.0,0.0,0.0,0.0,0.0,0.0,0.0,0.0,0.0,0.0,0.0,0.0,0.0,0.0,0.0,0.0,0.0,0.0,0.0,0.0,0.0,0.0,0.015,0.03,0.0,0.0,0.0,0.0,0.0,0.0,0.0,0.0,0.0,0.0,0.0,0.0,0.0,0.0,0.0,0.0,0.0,0.0,0.0,0.0,0.03,0.0,0.0,0.061,0.0,0.0,0.0,0.0,0.0,0.0,0.0,0.0,0.0,0.0,0.0,0.0,0.0,0.0,0.0,0.0,0.015,0.0,0.0,0.0,0.0,0.0,0.0,0.0,0.0,0.0,0.015,0.0,0.0,0.0,0.015,0.0,0.0,0.0,0.0,0.0,0.0,0.045,0.015,0.0,0.0,0.015,0.015,0.015,0.0,0.0,0.0,0.0,0.0,0.015,0.0,0.0,0.0,0.0,0.0,0.015,0.0,0.0,0.0,0.0,0.0,0.015,0.0,0.0,0.015,0.0,0.0,0.0,0.0,0.0,0.0,0.0,0.0,0.0,0.015,0.0,0.0,0.0,0.0,0.0,0.076,0.0,0.0,0.0,0.0,0.015,0.0,0.015,0.015,0.0,0.03,0.03,0.0,0.0,0.0,0.0,0.0,0.015,0.0,0.015,0.0,0.03,0.0,0.015,0.0,0.015,0.0,0.0
0.027,0.0,0.014,0.0,0.0,0.014,0.0,0.0,0.014,0.0,0.0,0.0,0.014,0.014,0.0,0.0,0.0,0.014,0.014,0.0,0.027,0.0,0.0,0.0,0.0,0.0,0.0,0.0,0.027,0.0,0.0,0.0,0.0,0.014,0.0,0.0,0.0,0.014,0.0,0.014,0.0,0.014,0.0,0.014,0.014,0.014,0.014,0.027,0.0,0.0,0.014,0.0,0.014,0.0,0.0,0.0,0.0,0.0,0.0,0.0,0.0,0.0,0.014,0.0,0.0,0.0,0.0,0.014,0.027,0.0,0.0,0.014,0.0,0.014,0.014,0.014,0.0,0.0,0.0,0.0,0.014,0.014,0.014,0.0,0.0,0.0,0.0,0.0,0.0,0.0,0.0,0.0,0.0,0.0,0.0,0.0,0.0,0.0,0.0,0.0,0.0,0.0,0.0,0.0,0.0,0.0,0.0,0.0,0.0,0.0,0.0,0.0,0.027,0.0,0.027,0.0,0.0,0.0,0.0,0.0,0.014,0.0,0.0,0.0,0.0,0.0,0.0,0.0,0.0,0.0,0.0,0.0,0.0,0.0,0.0,0.014,0.0,0.0,0.0,0.0,0.0,0.0,0.0,0.014,0.0,0.0,0.014,0.0,0.014,0.0,0.0,0.0,0.0,0.0,0.0,0.0,0.014,0.0,0.014,0.0,0.0,0.0,0.0,0.0,0.014,0.0,0.0,0.0,0.0,0.0,0.0,0.0,0.014,0.0,0.0,0.0,0.014,0.014,0.014,0.0,0.0,0.0,0.0,0.014,0.0,0.0,0.0,0.014,0.027,0.0,0.0,0.0,0.014,0.014,0.0,0.014,0.0,0.014,0.0,0.014,0.0,0.014,0.014,0.041,0.0,0.0,0.0,0.0,0.0,0.014,0.0,0.0,0.0,0.0,0.0,0.0,0.0,0.0,0.0,0.0,0.014,0.0,0.0,0.0,0.0,0.0,0.0,0.014,0.0,0.0,0.0,0.014,0.0,0.0,0.0,0.0,0.014,0.0,0.0,0.0,0.0,0.014,0.014,0.0,0.0,0.0,0.0,0.0,0.0,0.014,0.0,0.0,0.0,0.0,0.0,0.0
0.012,0.012,0.0,0.0,0.012,0.0,0.0,0.012,0.0,0.0,0.012,0.0,0.0,0.012,0.0,0.012,0.025,0.0,0.0,0.0,0.0,0.0,0.0,0.0,0.0,0.0,0.0,0.0,0.012,0.012,0.012,0.0,0.0,0.0,0.0,0.0,0.0,0.0,0.0,0.012,0.0,0.025,0.0,0.0,0.0,0.0,0.025,0.0,0.0,0.0,0.0,0.0,0.025,0.0,0.0,0.0,0.0,0.0,0.0,0.0,0.012,0.0,0.012,0.0,0.012,0.0,0.012,0.012,0.0,0.0,0.0,0.025,0.0,0.0,0.0,0.012,0.0,0.012,0.0,0.0,0.0,0.012,0.0,0.012,0.0,0.0,0.0,0.0,0.0,0.0,0.0,0.0,0.0,0.0,0.0,0.0,0.0,0.0,0.0,0.0,0.0,0.0,0.0,0.0,0.0,0.0,0.0,0.025,0.0,0.0,0.0,0.0,0.012,0.0,0.0,0.0,0.0,0.012,0.012,0.0,0.025,0.012,0.0,0.0,0.0,0.0,0.0,0.0,0.0,0.0,0.0,0.0,0.012,0.0,0.0,0.0,0.0,0.0,0.0,0.0,0.0,0.0,0.0,0.012,0.0,0.012,0.012,0.0,0.012,0.0,0.0,0.0,0.0,0.0,0.012,0.0,0.0,0.012,0.025,0.0,0.0,0.0,0.0,0.0,0.025,0.0,0.0,0.0,0.0,0.0,0.0,0.0,0.0,0.0,0.012,0.012,0.012,0.0,0.025,0.0,0.0,0.0,0.0,0.0,0.0,0.037,0.0,0.012,0.0,0.0,0.0,0.012,0.0,0.012,0.0,0.012,0.0,0.0,0.0,0.0,0.0,0.012,0.012,0.012,0.0,0.0,0.0,0.0,0.012,0.012,0.0,0.0,0.012,0.0,0.0,0.0,0.0,0.0,0.012,0.0,0.0,0.0,0.0,0.0,0.0,0.012,0.0,0.012,0.0,0.012,0.012,0.025,0.0,0.0,0.0,0.0,0.037,0.0,0.0,0.0,0.0,0.0,0.012,0.0,0.0,0.0,0.0,0.0,0.0,0.0,0.0,0.025,0.0,0.0,0.012,0.0
0.0,0.0,0.0,0.0,0.0,0.0,0.0,0.0,0.0,0.01,0.01,0.02,0.0,0.01,0.0,0.01,0.0,0.0,0.0,0.01,0.0,0.0,0.0,0.0,0.0,0.0,0.0,0.0,0.0,0.0,0.01,0.0,0.01,0.0,0.0,0.0,0.02,0.0,0.0,0.03,0.01,0.0,0.0,0.0,0.03,0.0,0.02,0.0,0.0,0.01,0.0,0.0,0.01,0.0,0.0,0.0,0.0,0.0,0.0,0.0,0.01,0.01,0.01,0.0,0.0,0.0,0.01,0.01,0.01,0.0,0.0,0.0,0.0,0.02,0.0,0.01,0.0,0.0,0.0,0.01,0.0,0.0,0.01,0.0,0.0,0.0,0.0,0.01,0.0,0.0,0.0,0.0,0.01,0.0,0.0,0.0,0.0,0.0,0.0,0.0,0.0,0.0,0.0,0.0,0.0,0.0,0.0,0.0,0.0,0.0,0.0,0.0,0.01,0.0,0.01,0.0,0.0,0.0,0.0,0.0,0.0,0.02,0.01,0.01,0.01,0.0,0.0,0.01,0.0,0.0,0.02,0.0,0.0,0.0,0.0,0.0,0.0,0.0,0.0,0.02,0.0,0.0,0.0,0.0,0.02,0.01,0.01,0.0,0.0,0.01,0.0,0.0,0.0,0.0,0.0,0.0,0.01,0.0,0.03,0.0,0.01,0.0,0.0,0.0,0.01,0.0,0.0,0.0,0.0,0.0,0.0,0.0,0.0,0.0,0.0,0.01,0.01,0.0,0.0,0.02,0.0,0.0,0.0,0.01,0.02,0.01,0.0,0.01,0.0,0.0,0.02,0.0,0.0,0.0,0.01,0.01,0.0,0.0,0.0,0.01,0.01,0.02,0.0,0.0,0.01,0.0,0.0,0.01,0.0,0.0,0.01,0.0,0.0,0.0,0.0,0.0,0.0,0.0,0.0,0.0,0.0,0.0,0.0,0.02,0.0,0.0,0.02,0.0,0.01,0.01,0.0,0.01,0.0,0.01,0.0,0.01,0.0,0.01,0.02,0.01,0.0,0.0,0.02,0.0,0.0,0.0,0.0,0.01,0.0,0.0,0.01,0.03,0.0,0.0,0.01,0.0
0.0,0.0,0.0,0.0,0.011,0.0,0.0,0.0,0.0,0.0,0.0,0.0,0.0,0.0,0.0,0.0,0.0,0.023,0.0,0.011,0.011,0.0,0.0,0.0,0.0,0.0,0.0,0.0,0.0,0.0,0.011,0.0,0.0,0.0,0.0,0.0,0.0,0.0,0.011,0.023,0.0,0.0,0.0,0.0,0.011,0.0,0.011,0.0,0.0,0.0,0.0,0.0,0.0,0.0,0.0,0.0,0.0,0.011,0.011,0.011,0.0,0.0,0.023,0.0,0.0,0.0,0.0,0.0,0.034,0.011,0.0,0.0,0.0,0.011,0.0,0.011,0.0,0.0,0.011,0.0,0.0,0.0,0.011,0.0,0.0,0.0,0.0,0.0,0.0,0.0,0.0,0.0,0.011,0.0,0.0,0.0,0.0,0.011,0.0,0.0,0.0,0.0,0.0,0.0,0.0,0.011,0.0,0.0,0.0,0.0,0.0,0.0,0.011,0.0,0.0,0.011,0.0,0.011,0.0,0.011,0.0,0.011,0.011,0.011,0.0,0.0,0.011,0.0,0.0,0.0,0.0,0.0,0.0,0.0,0.0,0.011,0.0,0.011,0.0,0.011,0.0,0.0,0.011,0.0,0.0,0.023,0.011,0.0,0.0,0.0,0.0,0.0,0.011,0.0,0.011,0.0,0.011,0.011,0.011,0.011,0.0,0.0,0.0,0.0,0.023,0.0,0.0,0.011,0.0,0.0,0.0,0.0,0.0,0.0,0.0,0.011,0.0,0.0,0.0,0.023,0.0,0.0,0.0,0.0,0.023,0.0,0.0,0.034,0.011,0.0,0.011,0.0,0.0,0.011,0.0,0.0,0.0,0.0,0.0,0.0,0.0,0.011,0.0,0.0,0.0,0.0,0.011,0.023,0.0,0.0,0.0,0.0,0.0,0.0,0.0,0.011,0.0,0.0,0.0,0.0,0.0,0.011,0.0,0.0,0.0,0.0,0.023,0.011,0.011,0.0,0.011,0.011,0.0,0.023,0.0,0.011,0.011,0.0,0.045,0.011,0.0,0.0,0.011,0.0,0.0,0.0,0.0,0.0,0.011,0.011,0.011,0.011,0.0,0.0,0.0,0.0
0.0,0.0,0.0,0.0,0.009,0.0,0.0,0.009,0.0,0.009,0.0,0.009,0.0,0.0,0.0,0.0,0.0,0.0,0.009,0.0,0.0,0.009,0.0,0.0,0.0,0.0,0.0,0.0,0.009,0.009,0.0,0.009,0.019,0.0,0.0,0.0,0.009,0.0,0.0,0.019,0.009,0.019,0.0,0.0,0.0,0.0,0.019,0.009,0.0,0.0,0.0,0.0,0.0,0.009,0.0,0.0,0.009,0.009,0.0,0.0,0.0,0.0,0.009,0.0,0.0,0.009,0.0,0.0,0.0,0.0,0.0,0.019,0.009,0.0,0.019,0.019,0.0,0.0,0.009,0.009,0.009,0.0,0.0,0.0,0.009,0.0,0.0,0.009,0.0,0.0,0.0,0.0,0.0,0.009,0.0,0.0,0.0,0.0,0.0,0.0,0.0,0.0,0.0,0.0,0.0,0.0,0.0,0.0,0.0,0.0,0.0,0.0,0.0,0.009,0.019,0.0,0.009,0.0,0.0,0.009,0.0,0.028,0.009,0.009,0.0,0.0,0.0,0.009,0.0,0.009,0.019,0.0,0.0,0.0,0.0,0.0,0.0,0.0,0.0,0.0,0.0,0.0,0.009,0.0,0.0,0.019,0.019,0.019,0.0,0.0,0.0,0.0,0.0,0.0,0.0,0.0,0.019,0.0,0.038,0.0,0.0,0.0,0.0,0.009,0.019,0.0,0.0,0.009,0.0,0.0,0.0,0.009,0.0,0.0,0.009,0.0,0.0,0.0,0.0,0.0,0.009,0.0,0.0,0.0,0.0,0.009,0.009,0.028,0.009,0.0,0.009,0.0,0.0,0.0,0.0,0.0,0.0,0.009,0.0,0.0,0.009,0.019,0.0,0.0,0.0,0.009,0.0,0.0,0.0,0.0,0.019,0.0,0.0,0.009,0.0,0.0,0.0,0.0,0.0,0.0,0.0,0.0,0.009,0.0,0.009,0.0,0.0,0.0,0.028,0.0,0.0,0.028,0.0,0.009,0.009,0.0,0.0,0.009,0.019,0.009,0.0,0.0,0.009,0.009,0.0,0.0,0.0,0.0,0.0,0.019,0.0,0.0,0.009,0.0,0.0,0.0
0.0,0.0,0.0,0.0,0.0,0.0,0.0,0.0,0.0,0.0,0.0,0.0,0.0,0.0,0.0,0.0,0.0,0.0,0.013,0.0,0.0,0.013,0.0,0.0,0.0,0.0,0.0,0.0,0.0,0.013,0.0,0.013,0.0,0.013,0.0,0.0,0.013,0.013,0.0,0.026,0.0,0.026,0.0,0.0,0.0,0.0,0.013,0.0,0.0,0.0,0.0,0.0,0.0,0.0,0.0,0.0,0.0,0.0,0.0,0.0,0.0,0.0,0.0,0.0,0.0,0.0,0.0,0.0,0.013,0.0,0.0,0.013,0.0,0.039,0.013,0.013,0.0,0.0,0.0,0.0,0.0,0.026,0.013,0.0,0.0,0.0,0.0,0.013,0.0,0.0,0.0,0.0,0.0,0.0,0.013,0.013,0.0,0.0,0.0,0.0,0.0,0.0,0.0,0.0,0.0,0.0,0.013,0.0,0.0,0.0,0.0,0.013,0.0,0.013,0.0,0.0,0.0,0.0,0.013,0.0,0.0,0.026,0.026,0.0,0.0,0.026,0.0,0.0,0.0,0.0,0.0,0.0,0.0,0.0,0.0,0.013,0.0,0.0,0.0,0.0,0.0,0.0,0.0,0.0,0.0,0.0,0.026,0.0,0.039,0.0,0.0,0.0,0.0,0.0,0.0,0.013,0.013,0.0,0.026,0.0,0.0,0.0,0.0,0.0,0.013,0.013,0.0,0.013,0.0,0.0,0.0,0.026,0.013,0.013,0.0,0.0,0.0,0.0,0.013,0.0,0.013,0.0,0.0,0.0,0.0,0.0,0.0,0.013,0.013,0.0,0.026,0.0,0.0,0.0,0.0,0.0,0.0,0.013,0.0,0.0,0.0,0.013,0.013,0.0,0.0,0.0,0.0,0.0,0.0,0.0,0.013,0.0,0.0,0.0,0.0,0.013,0.0,0.0,0.013,0.0,0.0,0.0,0.013,0.0,0.0,0.0,0.0,0.0,0.0,0.013,0.013,0.0,0.0,0.026,0.013,0.0,0.0,0.0,0.0,0.026,0.0,0.0,0.013,0.0,0.0,0.013,0.0,0.013,0.0,0.0,0.013,0.013,0.0,0.0,0.0,0.0
0.0,0.0,0.0,0.0,0.0,0.0,0.0,0.0,0.0,0.0,0.0,0.0,0.0,0.0,0.013,0.0,0.0,0.013,0.013,0.0,0.0,0.0,0.0,0.0,0.0,0.0,0.0,0.0,0.0,0.0,0.0,0.013,0.0,0.0,0.0,0.0,0.0,0.0,0.0,0.0,0.0,0.0,0.0,0.013,0.0,0.0,0.0,0.013,0.0,0.0,0.0,0.0,0.0,0.0,0.0,0.0,0.0,0.013,0.013,0.0,0.0,0.0,0.013,0.013,0.0,0.0,0.0,0.013,0.013,0.0,0.0,0.013,0.0,0.0,0.013,0.0,0.0,0.0,0.0,0.0,0.0,0.0,0.0,0.0,0.0,0.0,0.013,0.0,0.0,0.0,0.013,0.0,0.0,0.0,0.013,0.0,0.0,0.0,0.0,0.0,0.013,0.0,0.0,0.0,0.0,0.013,0.0,0.0,0.0,0.0,0.0,0.0,0.0,0.013,0.0,0.0,0.0,0.0,0.0,0.013,0.0,0.0,0.0,0.039,0.0,0.0,0.013,0.013,0.0,0.0,0.0,0.0,0.0,0.0,0.0,0.0,0.0,0.0,0.0,0.013,0.0,0.0,0.0,0.013,0.013,0.013,0.0,0.0,0.0,0.0,0.0,0.013,0.0,0.0,0.0,0.0,0.0,0.0,0.013,0.0,0.0,0.0,0.0,0.013,0.0,0.013,0.0,0.0,0.013,0.0,0.0,0.0,0.013,0.0,0.0,0.013,0.0,0.0,0.0,0.026,0.0,0.013,0.013,0.0,0.0,0.0,0.0,0.013,0.0,0.0,0.026,0.026,0.0,0.0,0.0,0.0,0.013,0.0,0.0,0.0,0.0,0.0,0.0,0.0,0.0,0.0,0.013,0.013,0.0,0.0,0.0,0.0,0.0,0.013,0.0,0.0,0.0,0.013,0.0,0.0,0.013,0.013,0.013,0.0,0.0,0.0,0.013,0.0,0.013,0.0,0.0,0.013,0.0,0.0,0.013,0.013,0.013,0.026,0.013,0.026,0.0,0.0,0.0,0.0,0.0,0.0,0.0,0.026,0.013,0.013,0.026,0.026,0.0,0.026,0.026,0.0
0.01,0.0,0.01,0.0,0.0,0.0,0.0,0.0,0.0,0.01,0.0,0.0,0.01,0.01,0.0,0.0,0.0,0.0,0.0,0.01,0.01,0.0,0.0,0.0,0.0,0.0,0.0,0.0,0.01,0.0,0.0,0.0,0.0,0.0,0.0,0.0,0.019,0.0,0.01,0.0,0.0,0.0,0.0,0.0,0.01,0.0,0.01,0.0,0.0,0.0,0.0,0.01,0.01,0.0,0.0,0.01,0.0,0.0,0.01,0.01,0.0,0.0,0.0,0.019,0.0,0.0,0.0,0.019,0.01,0.0,0.0,0.01,0.0,0.0,0.0,0.01,0.0,0.01,0.01,0.01,0.01,0.0,0.01,0.01,0.0,0.0,0.0,0.0,0.01,0.01,0.0,0.0,0.0,0.0,0.0,0.0,0.0,0.0,0.0,0.01,0.0,0.0,0.0,0.01,0.0,0.0,0.01,0.0,0.0,0.0,0.0,0.0,0.0,0.0,0.01,0.0,0.0,0.01,0.0,0.01,0.0,0.029,0.0,0.01,0.0,0.0,0.019,0.0,0.01,0.0,0.0,0.0,0.0,0.0,0.0,0.0,0.0,0.01,0.0,0.0,0.0,0.0,0.0,0.01,0.01,0.019,0.0,0.0,0.01,0.0,0.01,0.0,0.0,0.0,0.01,0.0,0.0,0.0,0.029,0.019,0.01,0.0,0.0,0.0,0.01,0.01,0.0,0.01,0.01,0.01,0.0,0.0,0.0,0.0,0.0,0.0,0.0,0.01,0.01,0.0,0.0,0.0,0.0,0.01,0.01,0.01,0.0,0.019,0.0,0.0,0.0,0.0,0.0,0.0,0.0,0.0,0.0,0.01,0.0,0.0,0.0,0.01,0.0,0.01,0.0,0.0,0.01,0.0,0.0,0.0,0.0,0.01,0.0,0.0,0.01,0.0,0.0,0.0,0.0,0.0,0.0,0.019,0.01,0.0,0.0,0.0,0.01,0.0,0.0,0.01,0.0,0.029,0.0,0.019,0.01,0.0,0.01,0.01,0.029,0.0,0.0,0.0,0.0,0.0,0.0,0.0,0.0,0.0,0.0,0.01,0.019,0.01,0.0,0.0,0.019,0.029
0.0,0.0,0.0,0.012,0.0,0.0,0.0,0.0,0.012,0.0,0.012,0.0,0.0,0.0,0.037,0.012,0.012,0.0,0.012,0.0,0.0,0.0,0.0,0.012,0.0,0.012,0.0,0.0,0.0,0.0,0.0,0.0,0.012,0.0,0.0,0.0,0.0,0.0,0.012,0.0,0.0,0.024,0.0,0.0,0.0,0.0,0.0,0.0,0.0,0.012,0.0,0.0,0.0,0.0,0.0,0.0,0.0,0.012,0.012,0.012,0.012,0.0,0.0,0.012,0.0,0.0,0.012,0.012,0.012,0.0,0.012,0.0,0.0,0.012,0.0,0.0,0.012,0.0,0.0,0.0,0.012,0.0,0.0,0.012,0.0,0.0,0.0,0.0,0.0,0.0,0.0,0.012,0.0,0.012,0.0,0.012,0.0,0.0,0.0,0.0,0.0,0.0,0.012,0.0,0.012,0.0,0.0,0.012,0.0,0.0,0.012,0.0,0.0,0.0,0.0,0.0,0.0,0.012,0.0,0.037,0.0,0.0,0.0,0.0,0.0,0.0,0.012,0.0,0.0,0.0,0.0,0.024,0.0,0.012,0.0,0.0,0.0,0.0,0.0,0.0,0.0,0.0,0.0,0.012,0.0,0.012,0.0,0.0,0.012,0.0,0.0,0.012,0.0,0.0,0.024,0.0,0.0,0.0,0.012,0.0,0.0,0.012,0.0,0.0,0.012,0.012,0.0,0.012,0.0,0.012,0.012,0.0,0.0,0.0,0.012,0.0,0.0,0.0,0.0,0.0,0.0,0.012,0.0,0.0,0.012,0.0,0.0,0.012,0.0,0.012,0.0,0.0,0.012,0.0,0.012,0.0,0.012,0.0,0.0,0.0,0.0,0.0,0.0,0.0,0.0,0.0,0.0,0.0,0.0,0.012,0.0,0.0,0.012,0.0,0.012,0.0,0.0,0.0,0.0,0.0,0.0,0.037,0.0,0.0,0.012,0.0,0.0,0.012,0.0,0.012,0.0,0.0,0.0,0.0,0.012,0.0,0.0,0.012,0.0,0.012,0.024,0.0,0.0,0.0,0.012,0.0,0.0,0.0,0.012,0.0,0.0,0.0,0.012,0.0,0.0,0.0
0.0,0.0,0.0,0.0,0.0,0.015,0.0,0.0,0.0,0.0,0.0,0.0,0.0,0.0,0.0,0.0,0.0,0.0,0.015,0.0,0.0,0.015,0.0,0.015,0.0,0.0,0.0,0.015,0.0,0.0,0.0,0.0,0.0,0.015,0.0,0.0,0.0,0.015,0.0,0.0,0.015,0.0,0.015,0.031,0.0,0.0,0.0,0.0,0.0,0.0,0.0,0.0,0.0,0.0,0.0,0.0,0.0,0.0,0.0,0.0,0.0,0.0,0.0,0.0,0.0,0.0,0.0,0.0,0.015,0.0,0.0,0.0,0.0,0.0,0.031,0.0,0.0,0.0,0.0,0.0,0.0,0.0,0.015,0.0,0.0,0.0,0.0,0.031,0.0,0.0,0.0,0.0,0.0,0.0,0.046,0.015,0.0,0.0,0.0,0.0,0.0,0.0,0.0,0.0,0.0,0.0,0.0,0.0,0.0,0.015,0.0,0.0,0.0,0.0,0.0,0.0,0.0,0.0,0.0,0.0,0.015,0.0,0.031,0.015,0.0,0.0,0.015,0.015,0.0,0.0,0.0,0.0,0.0,0.015,0.015,0.0,0.015,0.015,0.031,0.0,0.0,0.0,0.0,0.0,0.0,0.0,0.0,0.0,0.0,0.0,0.0,0.015,0.0,0.0,0.0,0.0,0.0,0.0,0.0,0.0,0.0,0.015,0.015,0.0,0.0,0.0,0.0,0.0,0.015,0.0,0.0,0.031,0.0,0.031,0.015,0.015,0.0,0.0,0.0,0.0,0.015,0.031,0.0,0.0,0.031,0.0,0.0,0.0,0.0,0.015,0.0,0.0,0.0,0.015,0.0,0.0,0.0,0.0,0.0,0.0,0.0,0.0,0.0,0.0,0.0,0.0,0.0,0.0,0.0,0.015,0.0,0.0,0.015,0.015,0.0,0.0,0.0,0.0,0.0,0.0,0.0,0.0,0.0,0.015,0.0,0.0,0.046,0.0,0.0,0.0,0.0,0.0,0.0,0.0,0.031,0.0,0.0,0.0,0.015,0.0,0.015,0.0,0.0,0.0,0.0,0.0,0.0,0.015,0.0,0.0,0.015,0.0,0.015,0.0,0.0,0.0
0.01,0.0,0.0,0.03,0.0,0.02,0.0,0.0,0.0,0.02,0.0,0.0,0.0,0.01,0.02,0.0,0.0,0.0,0.0,0.0,0.02,0.0,0.0,0.0,0.0,0.01,0.0,0.0,0.0,0.0,0.0,0.0,0.01,0.0,0.0,0.0,0.0,0.01,0.0,0.04,0.0,0.0,0.0,0.0,0.0,0.0,0.0,0.0,0.0,0.0,0.0,0.0,0.02,0.0,0.0,0.0,0.0,0.01,0.02,0.0,0.0,0.0,0.01,0.01,0.02,0.01,0.0,0.0,0.0,0.0,0.01,0.0,0.0,0.02,0.0,0.0,0.0,0.0,0.0,0.01,0.02,0.0,0.01,0.0,0.0,0.01,0.0,0.01,0.0,0.01,0.0,0.0,0.0,0.0,0.0,0.01,0.0,0.0,0.0,0.0,0.02,0.01,0.0,0.0,0.0,0.0,0.0,0.0,0.0,0.0,0.0,0.0,0.0,0.0,0.0,0.0,0.0,0.0,0.0,0.0,0.01,0.01,0.01,0.02,0.0,0.01,0.0,0.01,0.0,0.01,0.02,0.0,0.0,0.0,0.0,0.0,0.0,0.0,0.0,0.0,0.0,0.01,0.01,0.01,0.0,0.0,0.0,0.01,0.01,0.0,0.01,0.0,0.0,0.01,0.0,0.0,0.0,0.0,0.05,0.01,0.01,0.0,0.0,0.02,0.0,0.0,0.0,0.0,0.0,0.0,0.0,0.0,0.01,0.01,0.0,0.0,0.01,0.0,0.01,0.0,0.0,0.01,0.0,0.0,0.0,0.0,0.0,0.0,0.0,0.0,0.01,0.0,0.01,0.0,0.0,0.0,0.0,0.0,0.0,0.0,0.0,0.01,0.0,0.0,0.0,0.0,0.0,0.0,0.01,0.01,0.01,0.0,0.0,0.01,0.0,0.0,0.0,0.0,0.0,0.0,0.0,0.0,0.0,0.0,0.01,0.0,0.0,0.01,0.0,0.0,0.01,0.02,0.03,0.0,0.0,0.02,0.01,0.0,0.0,0.01,0.0,0.0,0.0,0.0,0.01,0.0,0.0,0.0,0.01,0.01,0.02,0.0,0.0,0.0,0.02,0.0
0.0,0.0,0.0,0.0,0.0,0.0,0.0,0.015,0.0,0.0,0.015,0.015,0.0,0.0,0.0,0.0,0.0,0.0,0.0,0.0,0.0,0.0,0.0,0.0,0.0,0.0,0.015,0.0,0.0,0.015,0.015,0.015,0.015,0.0,0.0,0.0,0.0,0.015,0.0,0.015,0.0,0.0,0.015,0.0,0.0,0.0,0.015,0.0,0.015,0.0,0.0,0.0,0.015,0.0,0.0,0.0,0.0,0.0,0.0,0.0,0.0,0.0,0.0,0.0,0.0,0.0,0.0,0.0,0.0,0.0,0.0,0.015,0.0,0.03,0.0,0.0,0.0,0.0,0.0,0.0,0.0,0.0,0.03,0.0,0.0,0.0,0.0,0.0,0.0,0.0,0.0,0.0,0.0,0.0,0.0,0.03,0.0,0.0,0.0,0.0,0.0,0.0,0.0,0.0,0.015,0.0,0.0,0.0,0.0,0.0,0.0,0.0,0.015,0.0,0.0,0.0,0.0,0.0,0.0,0.015,0.015,0.0,0.0,0.0,0.015,0.0,0.0,0.045,0.0,0.015,0.0,0.0,0.0,0.0,0.015,0.015,0.015,0.0,0.0,0.0,0.015,0.0,0.0,0.0,0.0,0.0,0.0,0.0,0.015,0.0,0.0,0.0,0.0,0.0,0.0,0.0,0.0,0.0,0.0,0.015,0.0,0.015,0.015,0.0,0.0,0.0,0.0,0.0,0.0,0.0,0.0,0.015,0.015,0.0,0.0,0.0,0.0,0.0,0.015,0.0,0.0,0.0,0.0,0.0,0.015,0.0,0.0,0.015,0.0,0.0,0.015,0.0,0.0,0.0,0.03,0.0,0.0,0.0,0.0,0.0,0.0,0.0,0.015,0.0,0.0,0.015,0.0,0.0,0.0,0.015,0.0,0.0,0.015,0.0,0.0,0.015,0.0,0.0,0.0,0.0,0.015,0.0,0.0,0.0,0.0,0.015,0.0,0.015,0.0,0.0,0.0,0.0,0.015,0.0,0.0,0.0,0.0,0.0,0.015,0.015,0.0,0.0,0.0,0.015,0.0,0.03,0.0,0.0,0.0,0.0,0.015,0.015,0.0,0.03,0.015,0.015
0.0,0.0,0.0,0.0,0.0,0.0,0.0,0.0,0.0,0.0,0.0,0.0,0.015,0.0,0.015,0.0,0.0,0.0,0.0,0.0,0.0,0.0,0.0,0.0,0.0,0.0,0.015,0.0,0.0,0.0,0.03,0.0,0.0,0.0,0.0,0.0,0.015,0.0,0.0,0.0,0.0,0.0,0.0,0.0,0.0,0.0,0.015,0.0,0.0,0.015,0.015,0.0,0.0,0.0,0.0,0.03,0.03,0.0,0.0,0.0,0.0,0.0,0.015,0.0,0.0,0.0,0.0,0.0,0.0,0.0,0.0,0.0,0.0,0.015,0.0,0.0,0.0,0.015,0.0,0.015,0.0,0.0,0.0,0.015,0.0,0.0,0.0,0.0,0.0,0.0,0.0,0.015,0.0,0.0,0.015,0.0,0.0,0.0,0.0,0.0,0.0,0.0,0.0,0.0,0.0,0.015,0.0,0.0,0.0,0.0,0.015,0.0,0.015,0.0,0.0,0.0,0.0,0.0,0.0,0.015,0.015,0.015,0.03,0.0,0.015,0.0,0.0,0.0,0.0,0.0,0.0,0.0,0.0,0.0,0.015,0.0,0.0,0.0,0.0,0.0,0.015,0.015,0.015,0.0,0.0,0.0,0.015,0.015,0.015,0.0,0.015,0.015,0.0,0.0,0.0,0.0,0.0,0.0,0.0,0.0,0.0,0.0,0.0,0.015,0.015,0.015,0.0,0.0,0.0,0.015,0.0,0.0,0.015,0.0,0.0,0.0,0.015,0.0,0.0,0.0,0.0,0.0,0.0,0.015,0.0,0.0,0.015,0.015,0.0,0.0,0.0,0.0,0.0,0.0,0.0,0.03,0.0,0.0,0.0,0.03,0.0,0.0,0.0,0.015,0.0,0.0,0.0,0.0,0.0,0.0,0.0,0.0,0.0,0.0,0.0,0.0,0.0,0.0,0.0,0.0,0.015,0.015,0.015,0.015,0.0,0.015,0.0,0.03,0.0,0.015,0.0,0.0,0.015,0.015,0.015,0.015,0.0,0.015,0.0,0.0,0.0,0.015,0.0,0.0,0.0,0.0,0.0,0.0,0.0,0.0,0.015,0.0,0.0,0.0,0.0,0.0
0.0,0.0,0.0,0.0,0.0,0.0,0.0,0.0,0.0,0.0,0.0,0.0,0.013,0.0,0.013,0.0,0.0,0.0,0.0,0.013,0.013,0.0,0.0,0.0,0.0,0.0,0.013,0.0,0.0,0.0,0.013,0.0,0.0,0.013,0.0,0.013,0.0,0.0,0.0,0.0,0.0,0.0,0.0,0.0,0.0,0.0,0.0,0.0,0.0,0.013,0.0,0.0,0.0,0.013,0.0,0.025,0.0,0.025,0.025,0.013,0.0,0.0,0.0,0.0,0.0,0.0,0.0,0.0,0.0,0.0,0.013,0.0,0.013,0.0,0.0,0.0,0.0,0.025,0.013,0.0,0.0,0.013,0.013,0.013,0.0,0.0,0.0,0.0,0.0,0.0,0.0,0.013,0.0,0.0,0.013,0.0,0.0,0.0,0.0,0.0,0.0,0.0,0.0,0.0,0.0,0.013,0.0,0.0,0.0,0.013,0.0,0.0,0.013,0.0,0.0,0.0,0.0,0.0,0.0,0.0,0.013,0.013,0.025,0.025,0.013,0.0,0.0,0.0,0.0,0.0,0.0,0.0,0.013,0.0,0.0,0.0,0.0,0.0,0.0,0.0,0.0,0.013,0.037,0.0,0.0,0.0,0.0,0.013,0.0,0.0,0.013,0.0,0.0,0.0,0.0,0.0,0.0,0.0,0.013,0.0,0.0,0.0,0.0,0.025,0.0,0.0,0.0,0.0,0.0,0.0,0.0,0.0,0.013,0.0,0.0,0.013,0.013,0.0,0.0,0.0,0.0,0.013,0.0,0.037,0.0,0.0,0.0,0.0,0.013,0.0,0.0,0.0,0.0,0.0,0.0,0.025,0.0,0.013,0.0,0.013,0.013,0.0,0.0,0.0,0.0,0.0,0.0,0.0,0.0,0.0,0.0,0.0,0.025,0.0,0.0,0.0,0.0,0.0,0.0,0.0,0.013,0.0,0.037,0.013,0.0,0.0,0.0,0.013,0.013,0.013,0.0,0.013,0.025,0.0,0.0,0.025,0.0,0.037,0.0,0.0,0.0,0.013,0.013,0.0,0.0,0.0,0.0,0.0,0.0,0.0,0.0,0.0,0.0,0.0,0.0,0.0
0.0,0.0,0.0,0.0,0.0,0.009,0.0,0.0,0.0,0.0,0.0,0.0,0.0,0.0,0.0,0.0,0.0,0.009,0.019,0.0,0.0,0.009,0.009,0.0,0.0,0.0,0.0,0.0,0.0,0.0,0.028,0.0,0.0,0.0,0.0,0.0,0.0,0.009,0.019,0.0,0.009,0.009,0.0,0.0,0.0,0.009,0.0,0.0,0.0,0.0,0.0,0.0,0.0,0.0,0.0,0.009,0.0,0.0,0.0,0.0,0.0,0.0,0.0,0.0,0.0,0.0,0.0,0.0,0.009,0.009,0.0,0.028,0.0,0.028,0.019,0.009,0.0,0.0,0.0,0.0,0.0,0.028,0.009,0.0,0.019,0.0,0.0,0.019,0.0,0.009,0.019,0.0,0.0,0.009,0.009,0.0,0.009,0.0,0.0,0.0,0.009,0.0,0.009,0.0,0.009,0.009,0.009,0.0,0.0,0.0,0.009,0.009,0.0,0.0,0.0,0.0,0.009,0.019,0.0,0.0,0.009,0.019,0.009,0.019,0.0,0.0,0.0,0.0,0.0,0.009,0.0,0.0,0.019,0.009,0.0,0.0,0.0,0.0,0.0,0.0,0.0,0.009,0.0,0.0,0.0,0.009,0.019,0.0,0.009,0.009,0.0,0.0,0.009,0.009,0.009,0.019,0.0,0.019,0.009,0.0,0.0,0.019,0.0,0.0,0.019,0.0,0.0,0.019,0.0,0.019,0.009,0.0,0.0,0.0,0.0,0.0,0.0,0.0,0.0,0.0,0.0,0.019,0.0,0.0,0.009,0.009,0.0,0.009,0.0,0.0,0.009,0.0,0.0,0.0,0.0,0.0,0.0,0.0,0.0,0.0,0.0,0.0,0.0,0.0,0.0,0.0,0.0,0.0,0.0,0.0,0.009,0.0,0.009,0.019,0.009,0.0,0.0,0.0,0.0,0.0,0.0,0.0,0.009,0.0,0.0,0.009,0.0,0.009,0.0,0.009,0.019,0.009,0.0,0.0,0.009,0.0,0.0,0.009,0.019,0.0,0.0,0.0,0.0,0.0,0.0,0.0,0.0,0.0,0.0,0.009,0.0,0.0,0.0,0.0,0.0,0.0
0.0,0.019,0.0,0.0,0.0,0.009,0.009,0.0,0.0,0.0,0.0,0.0,0.0,0.0,0.0,0.009,0.0,0.0,0.0,0.0,0.0,0.0,0.0,0.009,0.0,0.009,0.0,0.009,0.0,0.0,0.0,0.0,0.0,0.0,0.009,0.0,0.0,0.009,0.0,0.0,0.0,0.0,0.009,0.0,0.0,0.009,0.0,0.009,0.0,0.0,0.0,0.0,0.0,0.0,0.0,0.0,0.0,0.0,0.0,0.0,0.0,0.009,0.009,0.0,0.019,0.0,0.0,0.009,0.0,0.0,0.0,0.0,0.0,0.0,0.0,0.0,0.0,0.0,0.0,0.0,0.019,0.0,0.0,0.0,0.009,0.019,0.019,0.0,0.019,0.028,0.019,0.009,0.0,0.009,0.009,0.0,0.0,0.0,0.037,0.0,0.009,0.019,0.009,0.0,0.0,0.019,0.009,0.0,0.0,0.028,0.0,0.0,0.0,0.0,0.0,0.0,0.0,0.019,0.019,0.009,0.009,0.0,0.019,0.0,0.0,0.0,0.0,0.0,0.0,0.0,0.0,0.0,0.0,0.0,0.009,0.0,0.009,0.009,0.009,0.019,0.0,0.0,0.0,0.009,0.009,0.0,0.0,0.0,0.0,0.009,0.037,0.0,0.0,0.0,0.009,0.009,0.0,0.019,0.0,0.0,0.0,0.009,0.0,0.0,0.0,0.019,0.0,0.019,0.0,0.009,0.019,0.0,0.0,0.0,0.0,0.0,0.0,0.0,0.0,0.0,0.0,0.028,0.0,0.019,0.0,0.0,0.0,0.0,0.0,0.0,0.009,0.0,0.0,0.0,0.0,0.0,0.0,0.0,0.0,0.0,0.0,0.0,0.0,0.0,0.0,0.0,0.0,0.0,0.0,0.0,0.0,0.0,0.009,0.019,0.009,0.009,0.019,0.0,0.0,0.0,0.0,0.019,0.019,0.0,0.0,0.0,0.0,0.009,0.0,0.0,0.009,0.0,0.009,0.009,0.0,0.0,0.0,0.009,0.0,0.0,0.0,0.0,0.0,0.0,0.0,0.0,0.0,0.009,0.0,0.009,0.0,0.009,0.0,0.0,0.0,0.0
0.0,0.011,0.0,0.0,0.0,0.011,0.011,0.0,0.0,0.0,0.0,0.0,0.0,0.0,0.0,0.021,0.0,0.0,0.0,0.011,0.0,0.0,0.011,0.0,0.011,0.011,0.0,0.0,0.0,0.011,0.011,0.0,0.011,0.0,0.0,0.0,0.0,0.0,0.0,0.011,0.0,0.0,0.011,0.0,0.0,0.011,0.0,0.0,0.0,0.0,0.0,0.0,0.0,0.0,0.0,0.011,0.0,0.0,0.0,0.0,0.0,0.011,0.021,0.0,0.011,0.011,0.0,0.011,0.0,0.0,0.0,0.011,0.0,0.0,0.011,0.0,0.0,0.011,0.0,0.0,0.021,0.011,0.0,0.0,0.0,0.0,0.0,0.0,0.011,0.0,0.011,0.0,0.0,0.0,0.0,0.0,0.0,0.0,0.021,0.0,0.011,0.011,0.0,0.0,0.0,0.011,0.011,0.0,0.0,0.0,0.0,0.0,0.0,0.0,0.0,0.0,0.011,0.011,0.0,0.0,0.011,0.011,0.011,0.011,0.0,0.011,0.011,0.0,0.0,0.0,0.0,0.011,0.011,0.0,0.0,0.0,0.011,0.011,0.0,0.011,0.0,0.0,0.0,0.011,0.011,0.0,0.0,0.0,0.021,0.0,0.0,0.0,0.0,0.0,0.011,0.0,0.0,0.011,0.011,0.011,0.0,0.011,0.0,0.0,0.0,0.011,0.0,0.021,0.0,0.011,0.011,0.0,0.0,0.0,0.0,0.011,0.0,0.011,0.0,0.0,0.0,0.011,0.0,0.011,0.0,0.0,0.021,0.0,0.0,0.0,0.011,0.0,0.0,0.0,0.0,0.0,0.0,0.0,0.011,0.0,0.0,0.0,0.0,0.0,0.0,0.0,0.0,0.0,0.0,0.0,0.011,0.0,0.011,0.0,0.011,0.0,0.0,0.011,0.0,0.0,0.0,0.0,0.021,0.011,0.0,0.0,0.011,0.011,0.0,0.0,0.011,0.0,0.011,0.011,0.0,0.011,0.011,0.011,0.021,0.0,0.0,0.0,0.0,0.0,0.0,0.0,0.011,0.011,0.011,0.0,0.0,0.032,0.0,0.0,0.0,0.0
0.0,0.016,0.0,0.0,0.0,0.016,0.0,0.0,0.0,0.0,0.0,0.0,0.0,0.0,0.0,0.0,0.016,0.0,0.0,0.0,0.0,0.0,0.016,0.016,0.016,0.0,0.0,0.0,0.0,0.0,0.0,0.0,0.0,0.0,0.0,0.0,0.0,0.016,0.016,0.0,0.0,0.016,0.0,0.0,0.0,0.0,0.0,0.0,0.0,0.0,0.0,0.0,0.0,0.0,0.0,0.0,0.0,0.0,0.0,0.0,0.0,0.0,0.0,0.0,0.016,0.0,0.0,0.0,0.016,0.0,0.0,0.0,0.0,0.0,0.0,0.0,0.0,0.0,0.0,0.0,0.0,0.0,0.0,0.0,0.0,0.033,0.016,0.016,0.0,0.016,0.016,0.0,0.0,0.016,0.016,0.0,0.0,0.016,0.016,0.0,0.016,0.0,0.033,0.0,0.016,0.016,0.0,0.0,0.0,0.0,0.016,0.033,0.0,0.0,0.0,0.0,0.0,0.0,0.033,0.0,0.016,0.0,0.0,0.0,0.0,0.0,0.0,0.0,0.0,0.0,0.0,0.0,0.0,0.016,0.016,0.0,0.0,0.033,0.016,0.0,0.0,0.0,0.0,0.0,0.0,0.016,0.0,0.0,0.0,0.016,0.0,0.0,0.016,0.0,0.0,0.033,0.0,0.016,0.0,0.0,0.0,0.016,0.0,0.0,0.0,0.0,0.0,0.016,0.0,0.0,0.0,0.0,0.0,0.0,0.0,0.0,0.0,0.0,0.0,0.0,0.0,0.0,0.0,0.0,0.016,0.0,0.0,0.0,0.0,0.033,0.0,0.016,0.0,0.0,0.0,0.0,0.0,0.0,0.0,0.0,0.0,0.0,0.0,0.0,0.0,0.0,0.0,0.0,0.0,0.0,0.0,0.0,0.0,0.0,0.0,0.0,0.0,0.033,0.016,0.016,0.0,0.0,0.0,0.0,0.0,0.0,0.033,0.0,0.0,0.0,0.0,0.0,0.0,0.0,0.0,0.0,0.0,0.0,0.0,0.016,0.0,0.0,0.0,0.0,0.0,0.0,0.033,0.0,0.0,0.0,0.0,0.016,0.0,0.0,0.016,0.016
0.025,0.0,0.025,0.012,0.0,0.0,0.0,0.0,0.0,0.0,0.025,0.012,0.012,0.0,0.012,0.0,0.012,0.0,0.0,0.012,0.0,0.0,0.0,0.0,0.0,0.0,0.0,0.0,0.0,0.0,0.012,0.0,0.0,0.0,0.0,0.0,0.025,0.0,0.0,0.0,0.012,0.012,0.0,0.012,0.025,0.0,0.0,0.0,0.012,0.025,0.0,0.0,0.0,0.0,0.0,0.0,0.0,0.0,0.012,0.012,0.0,0.0,0.0,0.0,0.012,0.0,0.012,0.0,0.012,0.0,0.0,0.0,0.0,0.012,0.012,0.0,0.025,0.0,0.0,0.0,0.0,0.0,0.0,0.012,0.0,0.0,0.0,0.012,0.0,0.0,0.0,0.0,0.0,0.012,0.0,0.012,0.0,0.0,0.0,0.0,0.0,0.0,0.0,0.0,0.0,0.0,0.0,0.0,0.0,0.0,0.0,0.0,0.0,0.0,0.0,0.0,0.012,0.0,0.0,0.0,0.0,0.012,0.0,0.012,0.0,0.0,0.012,0.0,0.012,0.0,0.0,0.0,0.0,0.0,0.0,0.0,0.0,0.0,0.0,0.012,0.0,0.0,0.012,0.0,0.0,0.012,0.025,0.0,0.012,0.0,0.0,0.012,0.0,0.0,0.0,0.0,0.0,0.0,0.012,0.0,0.0,0.0,0.012,0.012,0.0,0.012,0.0,0.0,0.0,0.0,0.0,0.0,0.0,0.0,0.012,0.012,0.012,0.0,0.012,0.0,0.0,0.0,0.0,0.0,0.0,0.025,0.012,0.0,0.0,0.0,0.012,0.012,0.012,0.0,0.0,0.012,0.012,0.0,0.0,0.012,0.0,0.012,0.0,0.0,0.0,0.0,0.0,0.0,0.012,0.0,0.0,0.0,0.0,0.0,0.0,0.0,0.0,0.0,0.0,0.0,0.0,0.0,0.0,0.0,0.012,0.0,0.0,0.0,0.012,0.012,0.0,0.012,0.025,0.0,0.0,0.012,0.0,0.0,0.025,0.012,0.0,0.0,0.0,0.0,0.0,0.0,0.0,0.0,0.012,0.0,0.012,0.012,0.0,0.0,0.012,0.0
0.0,0.0,0.0,0.022,0.0,0.0,0.0,0.0,0.011,0.0,0.011,0.011,0.011,0.0,0.0,0.011,0.0,0.0,0.0,0.0,0.0,0.0,0.0,0.011,0.0,0.0,0.0,0.011,0.0,0.0,0.011,0.0,0.0,0.0,0.0,0.011,0.022,0.0,0.011,0.0,0.0,0.0,0.0,0.011,0.022,0.0,0.0,0.0,0.0,0.0,0.0,0.011,0.0,0.0,0.0,0.0,0.0,0.0,0.0,0.011,0.011,0.011,0.022,0.0,0.0,0.0,0.0,0.0,0.0,0.0,0.011,0.0,0.0,0.022,0.0,0.011,0.0,0.0,0.0,0.0,0.0,0.0,0.011,0.0,0.0,0.0,0.0,0.0,0.0,0.0,0.0,0.0,0.0,0.011,0.0,0.011,0.0,0.0,0.0,0.0,0.0,0.0,0.0,0.0,0.0,0.0,0.0,0.011,0.011,0.0,0.0,0.011,0.0,0.0,0.0,0.0,0.0,0.011,0.0,0.0,0.022,0.011,0.0,0.011,0.011,0.0,0.0,0.0,0.011,0.0,0.011,0.0,0.0,0.0,0.0,0.011,0.0,0.0,0.0,0.0,0.0,0.0,0.0,0.011,0.011,0.011,0.011,0.0,0.0,0.0,0.0,0.011,0.0,0.0,0.011,0.011,0.0,0.0,0.022,0.0,0.0,0.0,0.0,0.0,0.011,0.0,0.011,0.0,0.0,0.0,0.0,0.0,0.0,0.0,0.011,0.011,0.022,0.0,0.0,0.011,0.011,0.0,0.0,0.0,0.0,0.022,0.0,0.0,0.011,0.0,0.011,0.0,0.011,0.0,0.022,0.0,0.0,0.011,0.0,0.0,0.0,0.011,0.0,0.0,0.0,0.0,0.0,0.022,0.0,0.0,0.011,0.0,0.011,0.0,0.0,0.0,0.0,0.0,0.0,0.0,0.0,0.0,0.011,0.0,0.022,0.011,0.0,0.0,0.0,0.011,0.0,0.022,0.0,0.022,0.0,0.0,0.0,0.011,0.011,0.0,0.011,0.011,0.011,0.0,0.0,0.0,0.0,0.011,0.011,0.0,0.022,0.0,0.0,0.0,0.0,0.0
0.0,0.011,0.0,0.033,0.011,0.0,0.0,0.0,0.0,0.0,0.0,0.0,0.043,0.0,0.0,0.0,0.0,0.011,0.011,0.0,0.011,0.0,0.0,0.0,0.0,0.0,0.0,0.011,0.0,0.011,0.0,0.0,0.0,0.0,0.0,0.0,0.022,0.0,0.0,0.0,0.0,0.0,0.011,0.0,0.0,0.0,0.022,0.0,0.011,0.0,0.0,0.033,0.0,0.0,0.0,0.0,0.0,0.011,0.0,0.0,0.022,0.0,0.022,0.0,0.0,0.0,0.0,0.011,0.0,0.011,0.011,0.011,0.0,0.011,0.011,0.0,0.0,0.0,0.011,0.0,0.011,0.011,0.0,0.0,0.0,0.0,0.0,0.0,0.0,0.0,0.0,0.0,0.0,0.0,0.0,0.0,0.0,0.0,0.0,0.0,0.0,0.0,0.0,0.0,0.0,0.0,0.0,0.0,0.022,0.0,0.0,0.0,0.0,0.0,0.011,0.0,0.0,0.0,0.0,0.011,0.0,0.011,0.0,0.0,0.0,0.0,0.011,0.011,0.011,0.0,0.0,0.0,0.011,0.0,0.0,0.0,0.0,0.0,0.0,0.0,0.011,0.0,0.0,0.0,0.0,0.011,0.011,0.0,0.0,0.0,0.0,0.0,0.0,0.0,0.0,0.011,0.0,0.0,0.011,0.022,0.0,0.0,0.0,0.011,0.0,0.0,0.011,0.0,0.011,0.0,0.0,0.0,0.0,0.0,0.0,0.0,0.011,0.0,0.011,0.0,0.0,0.0,0.0,0.0,0.022,0.011,0.0,0.011,0.0,0.011,0.0,0.0,0.033,0.0,0.0,0.0,0.0,0.0,0.0,0.0,0.0,0.011,0.0,0.022,0.0,0.0,0.0,0.043,0.0,0.0,0.0,0.0,0.011,0.0,0.0,0.0,0.0,0.0,0.0,0.0,0.011,0.0,0.0,0.0,0.011,0.011,0.0,0.0,0.0,0.0,0.0,0.033,0.0,0.011,0.0,0.0,0.0,0.0,0.022,0.011,0.011,0.0,0.011,0.011,0.0,0.011,0.0,0.0,0.0,0.0,0.011,0.022,0.011,0.0,0.0,0.0
0.0,0.0,0.0,0.0,0.0,0.0,0.0,0.0,0.016,0.0,0.0,0.0,0.0,0.016,0.0,0.0,0.0,0.0,0.016,0.033,0.0,0.0,0.0,0.0,0.0,0.0,0.0,0.0,0.016,0.0,0.0,0.0,0.0,0.0,0.0,0.016,0.033,0.0,0.0,0.0,0.0,0.0,0.0,0.0,0.0,0.016,0.0,0.0,0.0,0.016,0.0,0.0,0.033,0.0,0.0,0.0,0.0,0.016,0.016,0.0,0.016,0.0,0.0,0.016,0.0,0.0,0.016,0.0,0.016,0.0,0.0,0.0,0.0,0.016,0.0,0.016,0.016,0.016,0.016,0.016,0.0,0.0,0.0,0.0,0.0,0.0,0.0,0.0,0.0,0.0,0.0,0.0,0.0,0.0,0.0,0.0,0.016,0.0,0.0,0.0,0.0,0.0,0.0,0.0,0.0,0.0,0.0,0.0,0.0,0.0,0.0,0.0,0.0,0.016,0.016,0.0,0.0,0.0,0.0,0.016,0.0,0.016,0.0,0.016,0.0,0.0,0.0,0.0,0.0,0.0,0.0,0.016,0.0,0.0,0.0,0.0,0.0,0.0,0.0,0.0,0.0,0.0,0.016,0.0,0.0,0.016,0.016,0.0,0.0,0.0,0.0,0.0,0.016,0.0,0.0,0.0,0.0,0.016,0.016,0.0,0.0,0.0,0.0,0.0,0.0,0.0,0.0,0.0,0.0,0.0,0.0,0.0,0.0,0.0,0.0,0.016,0.0,0.0,0.016,0.0,0.016,0.0,0.0,0.0,0.0,0.0,0.0,0.0,0.0,0.0,0.0,0.016,0.0,0.0,0.0,0.0,0.033,0.0,0.0,0.016,0.0,0.016,0.0,0.0,0.0,0.0,0.0,0.016,0.016,0.0,0.0,0.033,0.0,0.0,0.0,0.0,0.0,0.0,0.0,0.0,0.016,0.0,0.0,0.0,0.0,0.0,0.0,0.0,0.0,0.0,0.016,0.033,0.0,0.0,0.0,0.016,0.016,0.0,0.0,0.0,0.0,0.016,0.0,0.016,0.0,0.0,0.0,0.0,0.0,0.016,0.0,0.0,0.016,0.0,0.016,0.0
0.0,0.0,0.012,0.0,0.0,0.0,0.0,0.0,0.0,0.0,0.0,0.012,0.012,0.0,0.012,0.0,0.0,0.0,0.012,0.0,0.0,0.0,0.0,0.0,0.0,0.0,0.0,0.0,0.0,0.0,0.012,0.012,0.012,0.0,0.0,0.0,0.012,0.0,0.0,0.0,0.0,0.0,0.012,0.012,0.0,0.0,0.049,0.0,0.012,0.0,0.0,0.0,0.0,0.0,0.0,0.012,0.0,0.012,0.0,0.025,0.012,0.0,0.0,0.0,0.012,0.0,0.0,0.0,0.0,0.0,0.0,0.012,0.012,0.0,0.012,0.025,0.0,0.012,0.0,0.012,0.0,0.0,0.0,0.0,0.0,0.0,0.0,0.0,0.0,0.0,0.0,0.0,0.0,0.0,0.0,0.0,0.0,0.0,0.0,0.0,0.0,0.0,0.0,0.0,0.0,0.0,0.0,0.0,0.0,0.0,0.0,0.0,0.0,0.012,0.0,0.0,0.0,0.0,0.0,0.0,0.012,0.012,0.0,0.0,0.012,0.0,0.012,0.0,0.0,0.0,0.0,0.012,0.0,0.0,0.0,0.0,0.0,0.0,0.012,0.0,0.0,0.0,0.012,0.0,0.0,0.012,0.025,0.025,0.0,0.0,0.0,0.0,0.0,0.0,0.0,0.0,0.0,0.0,0.012,0.012,0.0,0.0,0.0,0.0,0.012,0.0,0.0,0.0,0.0,0.012,0.0,0.0,0.012,0.0,0.0,0.0,0.0,0.0,0.025,0.0,0.025,0.0,0.0,0.0,0.025,0.037,0.0,0.012,0.0,0.0,0.0,0.0,0.0,0.0,0.0,0.012,0.012,0.0,0.0,0.012,0.0,0.012,0.0,0.012,0.0,0.0,0.012,0.0,0.012,0.0,0.012,0.0,0.0,0.0,0.0,0.0,0.0,0.0,0.0,0.0,0.012,0.0,0.0,0.0,0.0,0.012,0.012,0.012,0.037,0.0,0.0,0.025,0.0,0.0,0.0,0.0,0.012,0.012,0.025,0.0,0.0,0.012,0.0,0.012,0.0,0.0,0.0,0.0,0.0,0.0,0.0,0.012,0.0,0.0,0.0,0.0
0.0,0.0,0.019,0.0,0.0,0.0,0.0,0.01,0.0,0.0,0.0,0.019,0.0,0.0,0.0,0.0,0.0,0.0,0.01,0.0,0.0,0.0,0.0,0.0,0.01,0.0,0.0,0.0,0.01,0.01,0.019,0.01,0.01,0.0,0.0,0.0,0.019,0.01,0.0,0.019,0.0,0.0,0.0,0.01,0.01,0.0,0.029,0.0,0.0,0.0,0.01,0.0,0.0,0.0,0.0,0.01,0.0,0.0,0.0,0.01,0.01,0.0,0.0,0.0,0.0,0.0,0.0,0.0,0.0,0.0,0.0,0.019,0.0,0.019,0.01,0.0,0.0,0.01,0.0,0.01,0.0,0.0,0.019,0.01,0.0,0.0,0.0,0.0,0.0,0.0,0.0,0.0,0.0,0.0,0.0,0.0,0.0,0.0,0.01,0.0,0.0,0.0,0.0,0.0,0.0,0.0,0.0,0.0,0.0,0.0,0.0,0.0,0.01,0.01,0.0,0.0,0.0,0.01,0.0,0.0,0.0,0.019,0.0,0.019,0.019,0.01,0.0,0.0,0.0,0.01,0.0,0.0,0.01,0.0,0.0,0.0,0.0,0.01,0.0,0.0,0.0,0.0,0.01,0.0,0.0,0.019,0.01,0.01,0.019,0.0,0.0,0.0,0.0,0.0,0.0,0.0,0.0,0.0,0.01,0.019,0.0,0.0,0.0,0.0,0.0,0.0,0.0,0.0,0.0,0.0,0.0,0.0,0.01,0.0,0.0,0.0,0.0,0.01,0.038,0.0,0.0,0.0,0.0,0.0,0.019,0.019,0.0,0.029,0.0,0.0,0.0,0.0,0.019,0.0,0.0,0.0,0.0,0.0,0.01,0.019,0.01,0.019,0.0,0.019,0.01,0.0,0.0,0.0,0.0,0.0,0.0,0.0,0.01,0.0,0.0,0.0,0.0,0.0,0.0,0.0,0.01,0.0,0.01,0.0,0.0,0.01,0.0,0.01,0.019,0.01,0.0,0.01,0.0,0.0,0.0,0.0,0.029,0.0,0.029,0.0,0.01,0.01,0.0,0.01,0.0,0.0,0.0,0.01,0.0,0.0,0.0,0.0,0.0,0.0,0.0,0.0
0.0,0.0,0.0,0.0,0.0,0.0,0.0,0.0,0.011,0.0,0.011,0.032,0.0,0.0,0.0,0.0,0.0,0.0,0.0,0.0,0.0,0.0,0.0,0.0,0.0,0.0,0.0,0.0,0.011,0.0,0.011,0.0,0.011,0.011,0.0,0.011,0.011,0.0,0.0,0.0,0.0,0.0,0.0,0.011,0.011,0.0,0.032,0.011,0.011,0.0,0.011,0.0,0.0,0.0,0.0,0.022,0.0,0.0,0.0,0.011,0.0,0.0,0.0,0.0,0.0,0.0,0.0,0.0,0.0,0.0,0.0,0.0,0.011,0.0,0.0,0.0,0.011,0.022,0.0,0.0,0.0,0.0,0.0,0.0,0.0,0.0,0.0,0.011,0.0,0.0,0.0,0.0,0.011,0.0,0.0,0.011,0.0,0.0,0.0,0.0,0.0,0.0,0.0,0.0,0.0,0.0,0.0,0.0,0.0,0.0,0.011,0.0,0.022,0.011,0.022,0.0,0.0,0.011,0.0,0.0,0.0,0.011,0.011,0.0,0.0,0.011,0.0,0.011,0.0,0.0,0.022,0.0,0.0,0.0,0.0,0.011,0.0,0.0,0.0,0.0,0.011,0.0,0.0,0.0,0.0,0.0,0.011,0.032,0.0,0.011,0.0,0.0,0.0,0.0,0.0,0.011,0.0,0.011,0.0,0.011,0.0,0.0,0.0,0.0,0.011,0.0,0.0,0.0,0.0,0.0,0.0,0.0,0.0,0.0,0.011,0.0,0.0,0.0,0.011,0.0,0.0,0.0,0.0,0.0,0.011,0.043,0.0,0.0,0.011,0.011,0.0,0.0,0.0,0.0,0.032,0.0,0.0,0.0,0.0,0.011,0.011,0.011,0.0,0.022,0.0,0.0,0.011,0.0,0.0,0.0,0.0,0.0,0.0,0.0,0.0,0.011,0.0,0.0,0.0,0.0,0.032,0.0,0.011,0.0,0.011,0.0,0.0,0.0,0.022,0.011,0.011,0.022,0.0,0.011,0.0,0.0,0.0,0.011,0.0,0.011,0.0,0.0,0.0,0.011,0.0,0.0,0.0,0.022,0.0,0.0,0.0,0.011,0.0,0.0,0.011,0.022
0.013,0.013,0.0,0.013,0.0,0.0,0.0,0.013,0.025,0.0,0.0,0.0,0.0,0.013,0.013,0.0,0.013,0.0,0.0,0.0,0.0,0.0,0.0,0.0,0.0,0.0,0.0,0.0,0.013,0.0,0.013,0.0,0.025,0.0,0.0,0.0,0.0,0.013,0.0,0.0,0.0,0.0,0.0,0.0,0.0,0.0,0.0,0.038,0.0,0.0,0.013,0.0,0.0,0.0,0.0,0.013,0.0,0.013,0.013,0.013,0.0,0.0,0.0,0.0,0.025,0.0,0.013,0.0,0.0,0.0,0.0,0.013,0.0,0.013,0.0,0.0,0.013,0.0,0.0,0.0,0.0,0.0,0.0,0.0,0.0,0.0,0.0,0.013,0.0,0.0,0.0,0.0,0.0,0.013,0.013,0.0,0.0,0.0,0.0,0.0,0.0,0.0,0.0,0.0,0.0,0.0,0.0,0.0,0.0,0.0,0.0,0.0,0.0,0.013,0.0,0.013,0.0,0.0,0.0,0.013,0.013,0.013,0.0,0.013,0.0,0.0,0.0,0.0,0.0,0.0,0.013,0.013,0.0,0.0,0.0,0.0,0.0,0.0,0.0,0.0,0.0,0.0,0.013,0.0,0.025,0.013,0.013,0.013,0.0,0.013,0.0,0.013,0.0,0.0,0.0,0.0,0.0,0.0,0.0,0.0,0.0,0.0,0.0,0.0,0.0,0.013,0.0,0.0,0.0,0.0,0.0,0.0,0.0,0.0,0.013,0.0,0.0,0.0,0.013,0.0,0.0,0.0,0.0,0.0,0.0,0.013,0.013,0.0,0.013,0.0,0.025,0.013,0.0,0.0,0.0,0.0,0.013,0.0,0.0,0.0,0.0,0.0,0.0,0.038,0.0,0.0,0.013,0.0,0.0,0.0,0.0,0.0,0.0,0.0,0.0,0.0,0.0,0.0,0.0,0.0,0.013,0.0,0.013,0.0,0.0,0.0,0.0,0.013,0.051,0.0,0.0,0.0,0.0,0.013,0.0,0.013,0.013,0.0,0.013,0.013,0.0,0.0,0.013,0.0,0.0,0.0,0.0,0.0,0.0,0.025,0.0,0.013,0.0,0.0,0.013,0.013
0.012,0.012,0.0,0.012,0.0,0.0,0.0,0.012,0.0,0.0,0.0,0.0,0.012,0.012,0.0,0.0,0.0,0.0,0.0,0.0,0.0,0.0,0.0,0.0,0.0,0.0,0.0,0.0,0.0,0.0,0.036,0.0,0.0,0.0,0.0,0.0,0.0,0.0,0.0,0.012,0.0,0.0,0.0,0.012,0.0,0.0,0.0,0.012,0.012,0.0,0.0,0.012,0.0,0.024,0.0,0.0,0.0,0.012,0.012,0.0,0.0,0.012,0.0,0.0,0.024,0.0,0.0,0.0,0.0,0.0,0.0,0.012,0.0,0.012,0.012,0.0,0.0,0.012,0.012,0.0,0.0,0.0,0.012,0.012,0.0,0.0,0.0,0.0,0.0,0.0,0.0,0.0,0.0,0.0,0.0,0.0,0.0,0.0,0.0,0.0,0.0,0.0,0.0,0.0,0.0,0.0,0.0,0.0,0.0,0.0,0.0,0.0,0.0,0.0,0.0,0.012,0.0,0.0,0.0,0.0,0.012,0.012,0.012,0.036,0.0,0.0,0.0,0.0,0.0,0.0,0.0,0.0,0.0,0.0,0.0,0.012,0.0,0.0,0.0,0.0,0.0,0.0,0.0,0.0,0.024,0.0,0.012,0.012,0.0,0.0,0.0,0.0,0.0,0.0,0.0,0.0,0.0,0.0,0.024,0.0,0.0,0.0,0.0,0.0,0.0,0.0,0.0,0.0,0.0,0.0,0.0,0.0,0.0,0.012,0.024,0.024,0.0,0.0,0.0,0.012,0.0,0.0,0.0,0.012,0.0,0.012,0.024,0.0,0.012,0.0,0.0,0.024,0.0,0.0,0.0,0.012,0.0,0.0,0.0,0.0,0.0,0.0,0.0,0.012,0.012,0.0,0.012,0.012,0.0,0.0,0.0,0.0,0.024,0.0,0.0,0.0,0.0,0.0,0.0,0.0,0.012,0.0,0.012,0.0,0.0,0.012,0.0,0.0,0.048,0.0,0.0,0.012,0.0,0.0,0.0,0.048,0.012,0.0,0.024,0.0,0.0,0.0,0.012,0.0,0.0,0.0,0.0,0.012,0.0,0.024,0.0,0.0,0.0,0.0,0.024,0.012
0.0,0.0,0.0,0.0,0.011,0.0,0.0,0.0,0.0,0.0,0.0,0.0,0.0,0.011,0.0,0.0,0.0,0.0,0.011,0.011,0.011,0.0,0.0,0.011,0.0,0.0,0.0,0.0,0.0,0.0,0.022,0.0,0.0,0.011,0.0,0.0,0.011,0.0,0.0,0.011,0.0,0.0,0.0,0.0,0.0,0.011,0.0,0.0,0.0,0.0,0.011,0.0,0.011,0.0,0.0,0.011,0.0,0.0,0.022,0.011,0.0,0.0,0.0,0.011,0.0,0.011,0.0,0.0,0.0,0.011,0.0,0.0,0.011,0.011,0.0,0.011,0.0,0.0,0.011,0.011,0.0,0.011,0.0,0.0,0.0,0.0,0.0,0.0,0.0,0.0,0.0,0.0,0.0,0.0,0.0,0.011,0.0,0.0,0.0,0.011,0.0,0.0,0.0,0.0,0.011,0.0,0.0,0.0,0.0,0.0,0.0,0.0,0.0,0.0,0.0,0.0,0.011,0.0,0.0,0.0,0.022,0.0,0.0,0.022,0.011,0.0,0.011,0.0,0.0,0.0,0.0,0.011,0.011,0.0,0.0,0.022,0.0,0.0,0.0,0.0,0.011,0.0,0.022,0.0,0.011,0.0,0.011,0.0,0.0,0.0,0.0,0.0,0.0,0.0,0.0,0.0,0.0,0.0,0.011,0.011,0.0,0.0,0.0,0.011,0.011,0.0,0.0,0.011,0.0,0.011,0.0,0.0,0.011,0.0,0.0,0.0,0.0,0.011,0.0,0.011,0.0,0.0,0.022,0.011,0.0,0.0,0.0,0.0,0.0,0.0,0.022,0.0,0.0,0.0,0.0,0.0,0.0,0.011,0.0,0.0,0.0,0.011,0.0,0.0,0.0,0.022,0.0,0.0,0.0,0.0,0.011,0.011,0.0,0.0,0.0,0.0,0.011,0.0,0.011,0.0,0.0,0.011,0.011,0.0,0.011,0.022,0.0,0.011,0.0,0.0,0.0,0.0,0.0,0.011,0.011,0.011,0.011,0.022,0.0,0.022,0.0,0.0,0.0,0.011,0.0,0.0,0.0,0.0,0.022,0.0,0.011,0.011,0.0,0.0,0.011,0.011
0.0,0.0,0.0,0.014,0.0,0.0,0.0,0.014,0.0,0.0,0.0,0.0,0.0,0.014,0.0,0.0,0.014,0.0,0.0,0.014,0.0,0.014,0.0,0.0,0.0,0.0,0.014,0.0,0.0,0.0,0.014,0.0,0.0,0.0,0.0,0.0,0.0,0.0,0.0,0.0,0.0,0.0,0.014,0.0,0.0,0.014,0.0,0.0,0.0,0.0,0.0,0.0,0.014,0.0,0.0,0.0,0.0,0.014,0.014,0.0,0.0,0.0,0.014,0.028,0.014,0.014,0.0,0.0,0.028,0.0,0.0,0.0,0.0,0.0,0.014,0.014,0.0,0.0,0.0,0.014,0.014,0.0,0.028,0.0,0.0,0.0,0.0,0.0,0.0,0.0,0.0,0.0,0.0,0.0,0.014,0.0,0.0,0.0,0.0,0.0,0.0,0.0,0.0,0.0,0.014,0.014,0.0,0.0,0.0,0.0,0.0,0.0,0.0,0.0,0.0,0.0,0.0,0.0,0.0,0.0,0.014,0.0,0.028,0.0,0.0,0.0,0.0,0.0,0.0,0.0,0.0,0.0,0.0,0.014,0.014,0.0,0.0,0.0,0.0,0.0,0.0,0.0,0.028,0.028,0.0,0.0,0.0,0.0,0.028,0.0,0.0,0.0,0.0,0.0,0.0,0.0,0.0,0.0,0.014,0.0,0.0,0.014,0.0,0.042,0.0,0.0,0.0,0.014,0.042,0.0,0.028,0.014,0.0,0.0,0.0,0.014,0.0,0.0,0.0,0.0,0.014,0.0,0.0,0.0,0.0,0.0,0.0,0.0,0.0,0.014,0.0,0.0,0.0,0.0,0.0,0.0,0.0,0.0,0.0,0.0,0.0,0.0,0.0,0.0,0.0,0.0,0.0,0.0,0.0,0.028,0.0,0.0,0.014,0.0,0.0,0.014,0.0,0.0,0.0,0.0,0.0,0.0,0.0,0.0,0.0,0.014,0.0,0.014,0.0,0.028,0.0,0.0,0.0,0.0,0.042,0.0,0.0,0.0,0.0,0.0,0.0,0.0,0.0,0.0,0.0,0.028,0.0,0.0,0.014,0.014,0.0,0.0,0.0,0.014,0.014,0.0
0.0,0.032,0.0,0.016,0.0,0.016,0.016,0.0,0.0,0.0,0.0,0.0,0.016,0.0,0.016,0.0,0.016,0.016,0.0,0.0,0.016,0.0,0.0,0.0,0.0,0.016,0.0,0.0,0.016,0.0,0.0,0.0,0.0,0.0,0.0,0.0,0.0,0.0,0.0,0.032,0.0,0.0,0.0,0.0,0.0,0.0,0.016,0.0,0.0,0.0,0.016,0.0,0.032,0.0,0.0,0.0,0.0,0.0,0.016,0.0,0.016,0.0,0.0,0.0,0.032,0.0,0.0,0.016,0.016,0.0,0.0,0.016,0.0,0.0,0.0,0.0,0.0,0.016,0.0,0.016,0.016,0.0,0.0,0.032,0.0,0.0,0.0,0.0,0.0,0.0,0.0,0.0,0.0,0.0,0.0,0.0,0.0,0.0,0.0,0.0,0.0,0.016,0.0,0.0,0.0,0.0,0.0,0.0,0.0,0.0,0.0,0.0,0.016,0.0,0.0,0.0,0.0,0.0,0.0,0.0,0.0,0.0,0.0,0.016,0.0,0.0,0.0,0.0,0.0,0.0,0.0,0.0,0.016,0.0,0.0,0.0,0.0,0.0,0.0,0.016,0.0,0.0,0.0,0.0,0.0,0.0,0.0,0.0,0.016,0.0,0.0,0.0,0.0,0.0,0.0,0.0,0.0,0.0,0.016,0.0,0.0,0.0,0.016,0.0,0.0,0.0,0.0,0.0,0.0,0.0,0.0,0.0,0.0,0.0,0.016,0.0,0.0,0.0,0.0,0.0,0.0,0.016,0.0,0.0,0.016,0.0,0.016,0.048,0.0,0.0,0.0,0.016,0.016,0.0,0.0,0.0,0.0,0.0,0.0,0.0,0.0,0.016,0.0,0.0,0.0,0.016,0.0,0.0,0.016,0.016,0.0,0.0,0.016,0.0,0.0,0.0,0.0,0.0,0.0,0.0,0.0,0.0,0.0,0.0,0.0,0.016,0.0,0.0,0.0,0.0,0.0,0.0,0.016,0.0,0.0,0.016,0.0,0.016,0.048,0.016,0.0,0.0,0.0,0.016,0.0,0.0,0.0,0.0,0.0,0.0,0.0,0.016,0.0,0.0,0.016,0.0
0.0,0.014,0.0,0.0,0.0,0.0,0.0,0.014,0.0,0.0,0.0,0.0,0.014,0.0,0.014,0.0,0.0,0.014,0.014,0.014,0.0,0.0,0.014,0.0,0.0,0.014,0.0,0.0,0.0,0.014,0.0,0.029,0.0,0.0,0.0,0.0,0.014,0.0,0.0,0.0,0.0,0.0,0.0,0.0,0.014,0.0,0.0,0.0,0.014,0.0,0.0,0.0,0.0,0.0,0.0,0.0,0.0,0.014,0.0,0.0,0.029,0.0,0.0,0.0,0.014,0.0,0.0,0.0,0.014,0.0,0.0,0.014,0.0,0.014,0.0,0.0,0.0,0.0,0.0,0.014,0.0,0.0,0.0,0.0,0.0,0.0,0.0,0.0,0.0,0.0,0.0,0.014,0.0,0.0,0.0,0.0,0.0,0.0,0.0,0.0,0.0,0.0,0.029,0.014,0.0,0.0,0.0,0.014,0.014,0.0,0.014,0.0,0.0,0.0,0.0,0.0,0.0,0.0,0.014,0.0,0.0,0.0,0.0,0.014,0.0,0.014,0.0,0.014,0.0,0.0,0.0,0.0,0.029,0.0,0.0,0.0,0.0,0.0,0.0,0.014,0.0,0.0,0.0,0.0,0.0,0.014,0.0,0.0,0.0,0.0,0.0,0.0,0.0,0.029,0.014,0.0,0.0,0.0,0.014,0.0,0.0,0.0,0.0,0.0,0.0,0.0,0.0,0.0,0.0,0.0,0.0,0.0,0.014,0.014,0.0,0.0,0.014,0.029,0.0,0.0,0.014,0.0,0.0,0.0,0.029,0.0,0.0,0.0,0.0,0.0,0.0,0.0,0.0,0.0,0.0,0.029,0.0,0.014,0.014,0.014,0.0,0.0,0.0,0.0,0.0,0.0,0.0,0.014,0.014,0.0,0.0,0.0,0.0,0.0,0.0,0.0,0.0,0.0,0.0,0.014,0.0,0.0,0.0,0.0,0.0,0.029,0.014,0.0,0.0,0.0,0.014,0.0,0.0,0.0,0.0,0.014,0.0,0.0,0.014,0.0,0.0,0.014,0.0,0.014,0.014,0.0,0.0,0.0,0.0,0.0,0.014,0.0,0.0,0.0,0.014,0.014
0.018,0.0,0.018,0.0,0.0,0.0,0.0,0.0,0.0,0.0,0.0,0.036,0.018,0.0,0.018,0.0,0.0,0.0,0.018,0.0,0.018,0.0,0.0,0.0,0.018,0.0,0.018,0.0,0.0,0.018,0.0,0.0,0.0,0.0,0.0,0.0,0.0,0.0,0.018,0.0,0.0,0.0,0.0,0.0,0.018,0.0,0.018,0.018,0.018,0.0,0.0,0.0,0.0,0.0,0.0,0.0,0.0,0.0,0.0,0.018,0.036,0.0,0.0,0.0,0.018,0.0,0.0,0.0,0.018,0.0,0.018,0.0,0.0,0.018,0.0,0.0,0.0,0.0,0.0,0.0,0.018,0.0,0.0,0.0,0.0,0.0,0.0,0.0,0.0,0.0,0.0,0.0,0.0,0.0,0.0,0.0,0.0,0.0,0.018,0.0,0.0,0.0,0.018,0.0,0.0,0.0,0.0,0.018,0.018,0.0,0.0,0.0,0.0,0.0,0.0,0.0,0.018,0.0,0.0,0.0,0.0,0.0,0.0,0.0,0.0,0.0,0.0,0.0,0.0,0.0,0.018,0.0,0.0,0.0,0.0,0.0,0.0,0.0,0.0,0.018,0.0,0.0,0.0,0.0,0.0,0.0,0.0,0.0,0.0,0.0,0.0,0.0,0.0,0.018,0.0,0.018,0.0,0.0,0.0,0.0,0.0,0.0,0.0,0.0,0.0,0.0,0.0,0.0,0.0,0.0,0.0,0.0,0.018,0.0,0.0,0.0,0.018,0.036,0.0,0.0,0.018,0.0,0.0,0.0,0.0,0.0,0.0,0.018,0.0,0.0,0.0,0.018,0.0,0.0,0.0,0.036,0.0,0.018,0.018,0.018,0.0,0.0,0.0,0.0,0.0,0.0,0.0,0.018,0.0,0.036,0.0,0.0,0.0,0.0,0.0,0.0,0.0,0.0,0.0,0.0,0.0,0.0,0.0,0.0,0.018,0.0,0.0,0.0,0.0,0.0,0.0,0.0,0.0,0.0,0.0,0.0,0.0,0.018,0.018,0.0,0.0,0.018,0.0,0.018,0.0,0.0,0.0,0.0,0.018,0.0,0.0,0.0,0.0,0.0,0.018,0.0
0.0,0.0,0.0,0.0,0.0,0.014,0.0,0.0,0.014,0.0,0.014,0.0,0.0,0.0,0.0,0.0,0.0,0.0,0.014,0.0,0.0,0.0,0.014,0.0,0.0,0.0,0.0,0.0,0.0,0.0,0.027,0.0,0.0,0.0,0.027,0.0,0.014,0.0,0.0,0.0,0.0,0.0,0.014,0.014,0.014,0.0,0.041,0.0,0.0,0.0,0.0,0.0,0.0,0.0,0.0,0.0,0.0,0.014,0.0,0.0,0.0,0.0,0.0,0.0,0.0,0.0,0.0,0.0,0.014,0.0,0.0,0.014,0.0,0.0,0.014,0.027,0.0,0.0,0.0,0.0,0.0,0.0,0.0,0.0,0.0,0.0,0.0,0.014,0.014,0.0,0.014,0.0,0.014,0.0,0.0,0.0,0.0,0.0,0.0,0.014,0.0,0.0,0.0,0.0,0.0,0.0,0.0,0.014,0.0,0.0,0.0,0.0,0.0,0.014,0.0,0.0,0.014,0.0,0.0,0.014,0.0,0.0,0.0,0.014,0.0,0.0,0.0,0.014,0.0,0.014,0.014,0.0,0.0,0.0,0.0,0.0,0.014,0.0,0.0,0.027,0.0,0.0,0.014,0.0,0.0,0.014,0.014,0.0,0.0,0.0,0.014,0.0,0.0,0.0,0.0,0.0,0.0,0.0,0.0,0.0,0.014,0.0,0.0,0.0,0.0,0.014,0.0,0.0,0.014,0.014,0.041,0.0,0.0,0.027,0.0,0.0,0.014,0.0,0.014,0.0,0.0,0.0,0.0,0.027,0.027,0.0,0.014,0.0,0.0,0.0,0.0,0.0,0.0,0.0,0.014,0.0,0.0,0.0,0.0,0.014,0.0,0.014,0.0,0.0,0.0,0.0,0.0,0.0,0.0,0.014,0.0,0.0,0.0,0.014,0.0,0.0,0.0,0.0,0.0,0.0,0.0,0.027,0.0,0.014,0.014,0.0,0.014,0.0,0.014,0.0,0.0,0.0,0.0,0.0,0.014,0.0,0.014,0.0,0.0,0.0,0.0,0.0,0.0,0.0,0.0,0.014,0.0,0.0,0.0,0.0,0.0,0.0,0.0,0.014,0.0,0.0
0.0,0.0,0.012,0.0,0.0,0.0,0.012,0.0,0.0,0.012,0.0,0.0,0.012,0.0,0.0,0.0,0.0,0.0,0.012,0.0,0.0,0.0,0.0,0.0,0.0,0.0,0.012,0.0,0.012,0.0,0.012,0.024,0.0,0.0,0.0,0.0,0.036,0.0,0.012,0.0,0.0,0.0,0.0,0.0,0.012,0.0,0.012,0.0,0.0,0.0,0.012,0.0,0.0,0.012,0.0,0.0,0.0,0.0,0.0,0.0,0.0,0.0,0.024,0.0,0.012,0.0,0.0,0.012,0.0,0.0,0.0,0.012,0.0,0.012,0.012,0.012,0.0,0.012,0.0,0.0,0.0,0.0,0.0,0.0,0.0,0.0,0.0,0.0,0.0,0.012,0.0,0.0,0.0,0.0,0.012,0.0,0.0,0.0,0.024,0.0,0.0,0.0,0.012,0.0,0.0,0.012,0.0,0.0,0.0,0.0,0.0,0.0,0.012,0.012,0.0,0.0,0.0,0.0,0.0,0.012,0.012,0.024,0.0,0.012,0.0,0.0,0.0,0.024,0.0,0.0,0.0,0.0,0.0,0.0,0.0,0.012,0.0,0.024,0.0,0.0,0.0,0.0,0.0,0.0,0.012,0.012,0.024,0.012,0.0,0.0,0.0,0.0,0.024,0.0,0.0,0.0,0.012,0.012,0.012,0.0,0.0,0.0,0.0,0.0,0.0,0.0,0.0,0.012,0.0,0.0,0.0,0.0,0.0,0.0,0.0,0.0,0.0,0.012,0.0,0.012,0.012,0.0,0.0,0.0,0.0,0.012,0.0,0.0,0.0,0.0,0.0,0.0,0.0,0.012,0.0,0.0,0.012,0.0,0.0,0.024,0.0,0.0,0.0,0.012,0.0,0.0,0.0,0.024,0.012,0.0,0.0,0.0,0.0,0.0,0.012,0.0,0.0,0.0,0.0,0.0,0.0,0.0,0.012,0.0,0.0,0.012,0.0,0.0,0.024,0.0,0.0,0.024,0.0,0.0,0.0,0.0,0.012,0.012,0.0,0.0,0.0,0.012,0.0,0.012,0.0,0.0,0.0,0.0,0.0,0.012,0.0,0.012,0.024,0.0,0.0,0.0
0.0,0.0,0.0,0.0,0.016,0.032,0.0,0.0,0.0,0.0,0.0,0.0,0.0,0.0,0.0,0.0,0.0,0.0,0.032,0.0,0.0,0.0,0.032,0.0,0.0,0.0,0.0,0.0,0.0,0.0,0.016,0.0,0.0,0.0,0.0,0.0,0.0,0.016,0.0,0.0,0.0,0.0,0.0,0.016,0.0,0.016,0.0,0.0,0.0,0.0,0.0,0.0,0.0,0.0,0.0,0.0,0.0,0.0,0.016,0.0,0.0,0.0,0.016,0.0,0.0,0.016,0.0,0.0,0.0,0.0,0.0,0.0,0.0,0.016,0.0,0.016,0.0,0.0,0.016,0.0,0.0,0.0,0.0,0.016,0.0,0.0,0.0,0.0,0.0,0.0,0.016,0.016,0.0,0.0,0.0,0.0,0.0,0.0,0.0,0.016,0.0,0.016,0.0,0.0,0.016,0.0,0.0,0.0,0.0,0.0,0.016,0.0,0.0,0.016,0.0,0.0,0.0,0.0,0.0,0.0,0.0,0.0,0.0,0.016,0.0,0.0,0.0,0.016,0.0,0.016,0.0,0.0,0.0,0.0,0.0,0.0,0.0,0.0,0.016,0.0,0.0,0.0,0.0,0.016,0.016,0.0,0.0,0.0,0.016,0.016,0.0,0.0,0.0,0.0,0.0,0.0,0.0,0.0,0.0,0.016,0.016,0.0,0.016,0.0,0.016,0.0,0.0,0.016,0.016,0.016,0.0,0.0,0.016,0.016,0.0,0.0,0.016,0.0,0.0,0.0,0.0,0.0,0.016,0.016,0.0,0.0,0.032,0.0,0.016,0.0,0.0,0.0,0.0,0.016,0.0,0.0,0.016,0.0,0.0,0.016,0.0,0.0,0.0,0.0,0.0,0.0,0.0,0.0,0.0,0.0,0.0,0.0,0.0,0.0,0.0,0.0,0.016,0.016,0.0,0.0,0.016,0.0,0.0,0.0,0.0,0.0,0.0,0.0,0.0,0.0,0.0,0.0,0.0,0.016,0.016,0.016,0.0,0.0,0.016,0.016,0.0,0.016,0.0,0.0,0.0,0.0,0.016,0.0,0.0,0.0,0.0,0.016,0.0,0.016,0.0,0.0
0.0,0.0,0.0,0.0,0.011,0.0,0.0,0.0,0.0,0.0,0.0,0.0,0.0,0.0,0.0,0.0,0.0,0.0,0.011,0.0,0.0,0.0,0.011,0.011,0.0,0.011,0.011,0.0,0.0,0.0,0.023,0.0,0.0,0.011,0.0,0.0,0.0,0.0,0.011,0.0,0.0,0.0,0.0,0.0,0.011,0.023,0.0,0.0,0.0,0.0,0.0,0.0,0.0,0.0,0.0,0.0,0.0,0.0,0.0,0.0,0.0,0.0,0.0,0.0,0.0,0.0,0.0,0.0,0.0,0.023,0.011,0.0,0.0,0.011,0.0,0.034,0.0,0.0,0.0,0.0,0.0,0.011,0.011,0.0,0.0,0.0,0.011,0.0,0.011,0.011,0.023,0.0,0.0,0.0,0.011,0.023,0.0,0.011,0.0,0.0,0.0,0.034,0.011,0.0,0.0,0.023,0.011,0.0,0.0,0.0,0.0,0.0,0.0,0.0,0.011,0.0,0.0,0.011,0.0,0.011,0.0,0.023,0.011,0.0,0.011,0.011,0.011,0.0,0.0,0.0,0.0,0.0,0.0,0.0,0.011,0.011,0.0,0.0,0.0,0.0,0.0,0.0,0.0,0.0,0.0,0.011,0.011,0.0,0.011,0.023,0.023,0.023,0.0,0.023,0.0,0.0,0.0,0.011,0.0,0.011,0.0,0.0,0.0,0.0,0.023,0.034,0.0,0.011,0.0,0.023,0.0,0.0,0.0,0.0,0.0,0.0,0.011,0.0,0.0,0.0,0.011,0.0,0.0,0.011,0.0,0.0,0.0,0.0,0.0,0.0,0.0,0.0,0.0,0.011,0.0,0.0,0.0,0.0,0.0,0.011,0.011,0.0,0.0,0.0,0.0,0.0,0.0,0.0,0.0,0.011,0.011,0.0,0.011,0.0,0.0,0.0,0.0,0.0,0.0,0.0,0.011,0.011,0.0,0.0,0.0,0.0,0.0,0.0,0.0,0.011,0.0,0.011,0.0,0.023,0.0,0.0,0.0,0.0,0.0,0.0,0.0,0.011,0.0,0.0,0.011,0.0,0.0,0.0,0.0,0.0,0.011,0.0,0.0,0.0,0.0,0.0
0.0,0.0,0.0,0.0,0.0,0.0,0.0,0.0,0.014,0.0,0.0,0.0,0.029,0.0,0.0,0.0,0.0,0.0,0.0,0.0,0.0,0.0,0.0,0.0,0.0,0.014,0.029,0.014,0.0,0.0,0.0,0.0,0.014,0.0,0.0,0.0,0.0,0.0,0.0,0.0,0.0,0.0,0.0,0.0,0.0,0.014,0.0,0.0,0.014,0.029,0.0,0.0,0.0,0.0,0.0,0.0,0.0,0.0,0.0,0.0,0.014,0.014,0.014,0.0,0.0,0.0,0.0,0.0,0.0,0.0,0.0,0.0,0.0,0.0,0.0,0.0,0.0,0.0,0.0,0.0,0.0,0.0,0.0,0.0,0.0,0.0,0.0,0.0,0.0,0.0,0.0,0.0,0.0,0.0,0.0,0.0,0.0,0.0,0.014,0.0,0.0,0.0,0.014,0.0,0.014,0.0,0.014,0.014,0.014,0.0,0.0,0.014,0.0,0.0,0.0,0.0,0.0,0.0,0.0,0.0,0.0,0.0,0.0,0.0,0.014,0.014,0.014,0.0,0.0,0.0,0.0,0.014,0.0,0.0,0.014,0.0,0.0,0.0,0.014,0.0,0.014,0.0,0.0,0.014,0.0,0.0,0.0,0.0,0.0,0.0,0.0,0.0,0.0,0.0,0.0,0.014,0.0,0.0,0.0,0.014,0.0,0.0,0.0,0.029,0.0,0.0,0.0,0.0,0.0,0.0,0.0,0.029,0.014,0.0,0.029,0.0,0.0,0.0,0.014,0.014,0.0,0.0,0.014,0.0,0.014,0.0,0.014,0.0,0.014,0.0,0.014,0.0,0.0,0.0,0.014,0.014,0.0,0.0,0.043,0.0,0.0,0.0,0.0,0.014,0.0,0.0,0.0,0.029,0.0,0.0,0.0,0.0,0.0,0.0,0.0,0.0,0.014,0.0,0.014,0.0,0.0,0.0,0.0,0.014,0.0,0.014,0.0,0.0,0.0,0.0,0.0,0.014,0.014,0.0,0.014,0.0,0.0,0.0,0.0,0.014,0.014,0.014,0.0,0.014,0.0,0.0,0.014,0.014,0.0,0.014,0.014,0.014,0.0,0.0,0.0,0.0
0.0,0.0,0.0,0.0,0.0,0.0,0.0,0.0,0.0,0.0,0.0,0.0,0.0,0.0,0.0,0.0,0.0,0.0,0.015,0.0,0.0,0.0,0.0,0.0,0.0,0.015,0.0,0.015,0.0,0.0,0.0,0.0,0.0,0.015,0.0,0.0,0.0,0.0,0.0,0.0,0.0,0.015,0.0,0.0,0.015,0.0,0.031,0.0,0.0,0.0,0.0,0.0,0.0,0.0,0.0,0.0,0.0,0.0,0.0,0.0,0.0,0.015,0.0,0.0,0.0,0.0,0.0,0.0,0.0,0.0,0.015,0.0,0.0,0.0,0.0,0.031,0.0,0.0,0.0,0.0,0.0,0.0,0.015,0.0,0.0,0.0,0.0,0.015,0.0,0.0,0.0,0.0,0.0,0.0,0.015,0.0,0.0,0.0,0.0,0.0,0.0,0.0,0.015,0.0,0.015,0.015,0.0,0.0,0.0,0.0,0.015,0.0,0.0,0.015,0.0,0.0,0.0,0.015,0.015,0.0,0.0,0.0,0.015,0.015,0.0,0.0,0.0,0.0,0.0,0.0,0.0,0.0,0.0,0.0,0.015,0.0,0.015,0.0,0.015,0.015,0.0,0.0,0.0,0.0,0.0,0.015,0.0,0.0,0.0,0.015,0.0,0.0,0.0,0.0,0.015,0.0,0.0,0.015,0.015,0.0,0.0,0.0,0.046,0.0,0.0,0.015,0.0,0.031,0.0,0.0,0.0,0.0,0.0,0.0,0.0,0.0,0.015,0.0,0.0,0.015,0.0,0.0,0.0,0.015,0.0,0.015,0.015,0.046,0.0,0.0,0.015,0.0,0.0,0.015,0.0,0.0,0.015,0.0,0.0,0.0,0.0,0.0,0.0,0.0,0.0,0.0,0.0,0.015,0.0,0.0,0.0,0.0,0.015,0.0,0.0,0.0,0.0,0.0,0.015,0.0,0.015,0.015,0.0,0.0,0.0,0.0,0.0,0.0,0.015,0.0,0.0,0.0,0.031,0.015,0.0,0.0,0.015,0.015,0.015,0.015,0.0,0.0,0.0,0.0,0.0,0.0,0.0,0.015,0.0,0.0,0.015,0.0,0.0,0.0,0.0,0.0
0.0,0.0,0.0,0.0,0.0,0.015,0.0,0.0,0.0,0.0,0.0,0.0,0.0,0.0,0.0,0.0,0.0,0.0,0.03,0.0,0.03,0.015,0.0,0.0,0.0,0.0,0.015,0.015,0.0,0.0,0.0,0.0,0.015,0.0,0.0,0.0,0.0,0.0,0.0,0.0,0.0,0.0,0.015,0.015,0.0,0.0,0.015,0.0,0.0,0.0,0.0,0.0,0.0,0.0,0.0,0.0,0.0,0.015,0.015,0.0,0.0,0.0,0.0,0.0,0.0,0.0,0.0,0.0,0.015,0.0,0.015,0.0,0.0,0.0,0.03,0.015,0.0,0.0,0.015,0.0,0.0,0.03,0.015,0.0,0.0,0.0,0.0,0.015,0.0,0.0,0.0,0.0,0.015,0.0,0.015,0.0,0.0,0.0,0.0,0.0,0.0,0.0,0.0,0.0,0.015,0.0,0.0,0.0,0.0,0.015,0.0,0.0,0.0,0.015,0.0,0.015,0.0,0.0,0.0,0.0,0.0,0.015,0.0,0.015,0.0,0.0,0.0,0.0,0.0,0.015,0.0,0.0,0.015,0.0,0.0,0.0,0.0,0.0,0.0,0.0,0.0,0.0,0.0,0.0,0.0,0.0,0.0,0.0,0.015,0.0,0.0,0.0,0.0,0.0,0.0,0.0,0.0,0.0,0.015,0.0,0.0,0.015,0.0,0.0,0.0,0.0,0.0,0.0,0.0,0.0,0.0,0.015,0.03,0.0,0.0,0.03,0.0,0.0,0.03,0.0,0.015,0.0,0.0,0.0,0.0,0.0,0.015,0.0,0.015,0.015,0.0,0.015,0.0,0.0,0.0,0.0,0.0,0.03,0.015,0.0,0.015,0.0,0.015,0.0,0.0,0.0,0.015,0.0,0.0,0.0,0.0,0.015,0.0,0.0,0.0,0.0,0.0,0.0,0.0,0.0,0.015,0.0,0.0,0.0,0.0,0.0,0.0,0.0,0.0,0.015,0.0,0.015,0.0,0.0,0.0,0.03,0.0,0.0,0.0,0.015,0.0,0.03,0.0,0.0,0.0,0.0,0.0,0.015,0.0,0.0,0.0,0.0,0.015,0.0,0.0,0.015
0.0,0.0,0.033,0.0,0.016,0.0,0.0,0.0,0.0,0.016,0.0,0.016,0.0,0.0,0.0,0.0,0.0,0.0,0.016,0.0,0.0,0.016,0.0,0.0,0.0,0.0,0.0,0.0,0.033,0.0,0.016,0.016,0.016,0.0,0.0,0.0,0.033,0.0,0.0,0.0,0.0,0.0,0.016,0.0,0.016,0.0,0.016,0.0,0.016,0.0,0.0,0.0,0.0,0.0,0.0,0.0,0.0,0.0,0.016,0.0,0.0,0.0,0.0,0.0,0.0,0.0,0.0,0.0,0.0,0.0,0.0,0.033,0.0,0.016,0.0,0.0,0.016,0.0,0.0,0.0,0.0,0.0,0.0,0.016,0.016,0.0,0.0,0.0,0.0,0.0,0.0,0.0,0.016,0.0,0.0,0.0,0.0,0.0,0.0,0.0,0.0,0.0,0.0,0.0,0.0,0.0,0.0,0.0,0.0,0.0,0.0,0.0,0.016,0.033,0.0,0.0,0.0,0.0,0.0,0.0,0.0,0.0,0.016,0.0,0.0,0.0,0.0,0.016,0.016,0.0,0.0,0.0,0.0,0.0,0.0,0.0,0.0,0.0,0.016,0.0,0.0,0.0,0.016,0.0,0.0,0.033,0.0,0.0,0.0,0.0,0.0,0.0,0.0,0.0,0.0,0.0,0.0,0.0,0.0,0.0,0.0,0.0,0.016,0.016,0.0,0.0,0.0,0.0,0.0,0.0,0.0,0.016,0.0,0.0,0.016,0.0,0.0,0.0,0.033,0.0,0.0,0.0,0.0,0.0,0.0,0.0,0.0,0.033,0.0,0.0,0.0,0.016,0.016,0.016,0.0,0.0,0.0,0.0,0.0,0.033,0.016,0.0,0.0,0.016,0.0,0.0,0.016,0.0,0.0,0.0,0.0,0.0,0.0,0.0,0.0,0.016,0.0,0.0,0.0,0.0,0.0,0.0,0.0,0.0,0.0,0.0,0.0,0.0,0.0,0.0,0.0,0.0,0.033,0.0,0.0,0.0,0.016,0.0,0.0,0.016,0.0,0.0,0.0,0.016,0.0,0.016,0.0,0.0,0.0,0.0,0.0,0.0,0.016,0.016,0.0,0.0
0.0,0.009,0.009,0.0,0.009,0.0,0.0,0.0,0.0,0.009,0.0,0.009,0.0,0.0,0.0,0.0,0.0,0.018,0.009,0.0,0.0,0.009,0.0,0.0,0.0,0.0,0.0,0.0,0.009,0.009,0.018,0.009,0.0,0.0,0.0,0.0,0.0,0.009,0.0,0.0,0.009,0.0,0.0,0.0,0.018,0.0,0.027,0.0,0.009,0.0,0.0,0.0,0.0,0.009,0.0,0.0,0.0,0.0,0.009,0.0,0.0,0.0,0.0,0.0,0.0,0.0,0.0,0.0,0.009,0.009,0.0,0.027,0.0,0.0,0.0,0.018,0.009,0.009,0.0,0.0,0.0,0.018,0.009,0.009,0.009,0.0,0.0,0.009,0.009,0.0,0.0,0.0,0.0,0.009,0.0,0.0,0.009,0.0,0.0,0.0,0.0,0.0,0.0,0.0,0.0,0.0,0.0,0.0,0.0,0.0,0.009,0.0,0.0,0.018,0.0,0.0,0.009,0.018,0.0,0.0,0.0,0.009,0.0,0.036,0.0,0.0,0.0,0.018,0.009,0.0,0.009,0.0,0.0,0.0,0.0,0.009,0.0,0.0,0.0,0.0,0.0,0.0,0.0,0.0,0.0,0.018,0.0,0.0,0.0,0.009,0.0,0.0,0.0,0.0,0.0,0.009,0.0,0.0,0.009,0.009,0.009,0.0,0.0,0.0,0.0,0.0,0.0,0.0,0.0,0.0,0.0,0.009,0.0,0.009,0.009,0.0,0.0,0.0,0.018,0.0,0.0,0.009,0.0,0.027,0.009,0.027,0.009,0.0,0.009,0.0,0.0,0.0,0.009,0.0,0.0,0.0,0.009,0.0,0.0,0.009,0.0,0.0,0.009,0.018,0.0,0.0,0.009,0.0,0.0,0.0,0.0,0.009,0.027,0.0,0.009,0.0,0.0,0.0,0.0,0.0,0.009,0.009,0.018,0.0,0.0,0.009,0.0,0.0,0.018,0.0,0.0,0.018,0.0,0.0,0.009,0.009,0.0,0.027,0.0,0.009,0.0,0.0,0.009,0.009,0.0,0.0,0.0,0.009,0.0,0.0,0.0,0.0,0.009,0.009,0.0,0.0
0.0,0.0,0.0,0.0,0.0,0.0,0.0,0.0,0.0,0.017,0.0,0.0,0.0,0.0,0.0,0.0,0.0,0.0,0.0,0.0,0.0,0.0,0.0,0.0,0.0,0.0,0.0,0.0,0.0,0.0,0.017,0.0,0.0,0.0,0.0,0.017,0.017,0.0,0.0,0.017,0.0,0.0,0.0,0.017,0.0,0.017,0.017,0.017,0.0,0.0,0.0,0.0,0.0,0.0,0.0,0.017,0.017,0.0,0.0,0.0,0.0,0.0,0.0,0.0,0.0,0.0,0.0,0.0,0.0,0.0,0.0,0.017,0.0,0.0,0.017,0.033,0.0,0.017,0.0,0.0,0.0,0.0,0.0,0.0,0.0,0.0,0.0,0.0,0.0,0.0,0.0,0.0,0.0,0.0,0.017,0.0,0.0,0.0,0.0,0.0,0.0,0.0,0.0,0.0,0.0,0.0,0.0,0.0,0.0,0.0,0.0,0.0,0.0,0.0,0.0,0.0,0.017,0.0,0.0,0.017,0.033,0.017,0.017,0.017,0.0,0.0,0.0,0.0,0.0,0.0,0.017,0.0,0.0,0.0,0.0,0.0,0.017,0.0,0.017,0.017,0.0,0.0,0.017,0.0,0.0,0.017,0.017,0.017,0.0,0.0,0.0,0.0,0.0,0.0,0.0,0.0,0.0,0.017,0.017,0.0,0.0,0.0,0.017,0.0,0.0,0.0,0.0,0.0,0.017,0.0,0.0,0.0,0.0,0.017,0.017,0.0,0.0,0.0,0.017,0.0,0.017,0.0,0.0,0.017,0.0,0.033,0.0,0.0,0.0,0.0,0.017,0.0,0.0,0.0,0.0,0.0,0.0,0.0,0.0,0.0,0.0,0.017,0.0,0.0,0.0,0.0,0.0,0.0,0.0,0.0,0.033,0.0,0.0,0.0,0.0,0.0,0.0,0.0,0.0,0.0,0.0,0.017,0.033,0.0,0.017,0.0,0.033,0.0,0.033,0.0,0.0,0.017,0.0,0.0,0.017,0.017,0.017,0.0,0.0,0.0,0.0,0.0,0.0,0.0,0.0,0.0,0.0,0.0,0.0,0.0,0.017,0.0,0.0,0.0,0.0,0.0
0.0,0.0,0.0,0.015,0.0,0.0,0.0,0.0,0.015,0.0,0.0,0.0,0.015,0.015,0.0,0.0,0.0,0.0,0.0,0.0,0.0,0.0,0.0,0.0,0.0,0.0,0.015,0.0,0.0,0.0,0.015,0.0,0.0,0.0,0.0,0.015,0.0,0.0,0.0,0.0,0.015,0.0,0.0,0.0,0.0,0.0,0.0,0.015,0.0,0.015,0.0,0.0,0.0,0.015,0.0,0.0,0.0,0.015,0.015,0.0,0.0,0.015,0.0,0.0,0.0,0.0,0.0,0.0,0.0,0.0,0.015,0.0,0.0,0.0,0.015,0.015,0.0,0.0,0.0,0.0,0.0,0.0,0.03,0.0,0.015,0.0,0.0,0.015,0.0,0.0,0.0,0.0,0.0,0.0,0.015,0.015,0.0,0.0,0.0,0.0,0.0,0.0,0.0,0.0,0.0,0.0,0.0,0.015,0.0,0.0,0.0,0.0,0.015,0.0,0.0,0.0,0.015,0.0,0.0,0.0,0.0,0.0,0.015,0.015,0.0,0.0,0.03,0.0,0.015,0.0,0.0,0.015,0.0,0.0,0.0,0.0,0.0,0.0,0.0,0.0,0.0,0.0,0.03,0.015,0.0,0.0,0.0,0.0,0.0,0.0,0.0,0.0,0.0,0.0,0.0,0.0,0.015,0.0,0.0,0.0,0.03,0.0,0.0,0.03,0.0,0.0,0.0,0.0,0.015,0.0,0.015,0.0,0.0,0.015,0.0,0.0,0.0,0.0,0.0,0.0,0.0,0.015,0.0,0.0,0.0,0.0,0.0,0.0,0.0,0.015,0.0,0.015,0.0,0.0,0.015,0.0,0.0,0.0,0.0,0.015,0.0,0.0,0.0,0.0,0.0,0.0,0.0,0.0,0.0,0.015,0.0,0.0,0.015,0.03,0.0,0.015,0.0,0.0,0.0,0.0,0.0,0.0,0.0,0.015,0.0,0.0,0.015,0.0,0.0,0.0,0.0,0.015,0.03,0.0,0.015,0.0,0.0,0.0,0.0,0.015,0.0,0.0,0.0,0.0,0.0,0.03,0.0,0.015,0.015,0.0,0.015,0.0,0.0,0.015,0.0,0.015
0.0,0.0,0.0,0.016,0.0,0.0,0.0,0.016,0.0,0.0,0.0,0.0,0.0,0.0,0.016,0.032,0.0,0.0,0.0,0.0,0.0,0.0,0.0,0.016,0.0,0.0,0.0,0.0,0.0,0.0,0.016,0.0,0.016,0.016,0.0,0.0,0.0,0.0,0.0,0.032,0.0,0.0,0.0,0.0,0.0,0.0,0.0,0.016,0.0,0.0,0.0,0.016,0.016,0.0,0.0,0.0,0.0,0.0,0.016,0.016,0.0,0.032,0.0,0.0,0.0,0.0,0.0,0.016,0.0,0.0,0.0,0.0,0.016,0.016,0.0,0.016,0.0,0.0,0.016,0.0,0.0,0.0,0.0,0.016,0.0,0.0,0.0,0.0,0.0,0.0,0.0,0.0,0.0,0.0,0.016,0.0,0.0,0.0,0.0,0.0,0.0,0.0,0.0,0.0,0.0,0.0,0.0,0.0,0.0,0.0,0.0,0.0,0.0,0.0,0.0,0.0,0.0,0.0,0.0,0.016,0.032,0.0,0.0,0.016,0.0,0.016,0.0,0.0,0.016,0.016,0.0,0.016,0.0,0.016,0.0,0.0,0.016,0.0,0.0,0.0,0.0,0.0,0.0,0.0,0.0,0.0,0.0,0.0,0.0,0.0,0.0,0.0,0.0,0.0,0.0,0.0,0.0,0.016,0.0,0.0,0.0,0.0,0.0,0.0,0.0,0.0,0.0,0.0,0.0,0.0,0.0,0.016,0.0,0.0,0.0,0.016,0.0,0.0,0.0,0.0,0.016,0.0,0.0,0.0,0.016,0.0,0.0,0.0,0.016,0.016,0.0,0.0,0.0,0.0,0.0,0.0,0.0,0.0,0.0,0.0,0.0,0.0,0.0,0.0,0.016,0.016,0.0,0.0,0.016,0.0,0.048,0.0,0.016,0.0,0.0,0.0,0.0,0.0,0.0,0.0,0.0,0.0,0.016,0.016,0.032,0.0,0.016,0.0,0.0,0.0,0.0,0.0,0.0,0.0,0.016,0.0,0.0,0.016,0.016,0.0,0.0,0.0,0.0,0.016,0.032,0.016,0.0,0.016,0.0,0.0,0.0,0.0,0.0,0.0,0.0,0.0
0.0,0.0,0.0,0.0,0.0,0.0,0.0,0.019,0.0,0.0,0.0,0.0,0.0,0.0,0.0,0.009,0.0,0.0,0.0,0.0,0.009,0.0,0.0,0.009,0.0,0.009,0.0,0.0,0.0,0.009,0.019,0.009,0.019,0.009,0.009,0.0,0.009,0.0,0.0,0.009,0.0,0.009,0.009,0.0,0.0,0.0,0.0,0.009,0.0,0.009,0.009,0.0,0.0,0.0,0.0,0.0,0.0,0.0,0.0,0.0,0.0,0.009,0.0,0.0,0.0,0.0,0.0,0.0,0.0,0.009,0.0,0.0,0.009,0.0,0.0,0.009,0.009,0.009,0.0,0.0,0.0,0.009,0.0,0.019,0.0,0.0,0.009,0.009,0.0,0.0,0.009,0.0,0.009,0.0,0.009,0.0,0.0,0.0,0.0,0.0,0.0,0.009,0.0,0.0,0.0,0.009,0.0,0.0,0.0,0.0,0.0,0.0,0.0,0.0,0.019,0.009,0.009,0.0,0.0,0.019,0.028,0.0,0.019,0.019,0.0,0.0,0.0,0.009,0.0,0.019,0.0,0.009,0.0,0.0,0.009,0.019,0.028,0.009,0.0,0.0,0.0,0.0,0.0,0.0,0.0,0.0,0.009,0.0,0.009,0.019,0.0,0.0,0.0,0.0,0.0,0.0,0.009,0.019,0.019,0.0,0.0,0.009,0.0,0.0,0.0,0.009,0.0,0.028,0.009,0.0,0.0,0.0,0.0,0.0,0.009,0.0,0.0,0.0,0.0,0.0,0.0,0.0,0.0,0.0,0.009,0.019,0.0,0.0,0.0,0.009,0.0,0.0,0.0,0.0,0.0,0.0,0.0,0.009,0.0,0.0,0.0,0.009,0.019,0.0,0.009,0.0,0.0,0.0,0.0,0.0,0.009,0.0,0.009,0.0,0.0,0.0,0.0,0.0,0.0,0.0,0.009,0.0,0.019,0.0,0.009,0.0,0.028,0.0,0.0,0.009,0.0,0.009,0.0,0.019,0.0,0.009,0.0,0.0,0.019,0.0,0.0,0.0,0.0,0.0,0.0,0.009,0.0,0.009,0.0,0.0,0.009,0.0,0.0,0.0,0.009,0.0
0.0,0.0,0.01,0.0,0.0,0.0,0.0,0.01,0.0,0.0,0.0,0.021,0.0,0.0,0.0,0.0,0.01,0.01,0.01,0.0,0.0,0.0,0.0,0.0,0.0,0.0,0.0,0.0,0.01,0.021,0.0,0.01,0.021,0.021,0.01,0.0,0.0,0.01,0.0,0.0,0.0,0.01,0.0,0.0,0.01,0.01,0.01,0.021,0.0,0.0,0.01,0.0,0.0,0.0,0.0,0.0,0.01,0.0,0.0,0.0,0.0,0.0,0.0,0.0,0.01,0.0,0.0,0.0,0.0,0.0,0.0,0.021,0.01,0.0,0.0,0.021,0.0,0.0,0.0,0.0,0.0,0.0,0.01,0.0,0.0,0.0,0.0,0.0,0.01,0.0,0.0,0.0,0.0,0.0,0.0,0.0,0.0,0.01,0.0,0.0,0.0,0.0,0.0,0.0,0.0,0.0,0.0,0.0,0.0,0.0,0.0,0.0,0.0,0.01,0.01,0.0,0.0,0.01,0.0,0.021,0.021,0.0,0.0,0.01,0.0,0.0,0.0,0.021,0.0,0.01,0.01,0.0,0.021,0.0,0.0,0.01,0.021,0.0,0.01,0.01,0.01,0.0,0.0,0.0,0.0,0.01,0.0,0.0,0.01,0.0,0.0,0.0,0.0,0.0,0.0,0.0,0.0,0.0,0.01,0.0,0.0,0.0,0.0,0.0,0.0,0.0,0.0,0.01,0.0,0.0,0.0,0.0,0.0,0.021,0.0,0.0,0.0,0.0,0.0,0.01,0.01,0.0,0.0,0.021,0.0,0.01,0.01,0.0,0.0,0.01,0.0,0.01,0.0,0.0,0.0,0.0,0.01,0.0,0.0,0.0,0.021,0.0,0.0,0.0,0.0,0.0,0.01,0.0,0.0,0.0,0.01,0.0,0.0,0.0,0.01,0.0,0.0,0.0,0.0,0.0,0.01,0.01,0.021,0.01,0.0,0.0,0.031,0.01,0.01,0.0,0.0,0.0,0.0,0.0,0.0,0.021,0.0,0.01,0.01,0.0,0.0,0.0,0.0,0.0,0.0,0.0,0.0,0.01,0.01,0.0,0.01,0.01,0.0,0.0,0.031,0.01
0.0,0.0,0.0,0.0,0.0,0.016,0.0,0.0,0.0,0.0,0.0,0.0,0.0,0.0,0.0,0.0,0.0,0.0,0.016,0.0,0.016,0.032,0.0,0.0,0.0,0.0,0.0,0.0,0.0,0.0,0.0,0.0,0.0,0.016,0.0,0.0,0.0,0.0,0.0,0.0,0.0,0.016,0.016,0.0,0.0,0.0,0.016,0.0,0.0,0.0,0.016,0.0,0.0,0.0,0.0,0.0,0.0,0.0,0.0,0.0,0.0,0.0,0.0,0.0,0.0,0.016,0.0,0.0,0.0,0.0,0.0,0.0,0.016,0.0,0.016,0.016,0.0,0.0,0.0,0.0,0.016,0.0,0.016,0.0,0.016,0.0,0.0,0.048,0.0,0.0,0.0,0.0,0.0,0.016,0.048,0.016,0.0,0.0,0.0,0.0,0.0,0.0,0.0,0.0,0.0,0.0,0.0,0.0,0.0,0.0,0.0,0.0,0.0,0.0,0.0,0.0,0.016,0.016,0.0,0.0,0.0,0.0,0.032,0.032,0.0,0.0,0.016,0.0,0.0,0.0,0.0,0.0,0.0,0.016,0.0,0.0,0.0,0.0,0.0,0.0,0.016,0.0,0.0,0.0,0.0,0.0,0.0,0.0,0.0,0.0,0.0,0.032,0.0,0.0,0.0,0.0,0.0,0.0,0.016,0.0,0.0,0.0,0.0,0.016,0.0,0.016,0.0,0.0,0.016,0.0,0.032,0.0,0.016,0.0,0.0,0.0,0.0,0.032,0.0,0.0,0.0,0.0,0.0,0.016,0.0,0.032,0.0,0.0,0.0,0.0,0.0,0.0,0.0,0.0,0.0,0.0,0.016,0.016,0.0,0.0,0.0,0.0,0.016,0.0,0.0,0.0,0.0,0.0,0.0,0.0,0.016,0.0,0.0,0.016,0.0,0.0,0.0,0.0,0.0,0.0,0.0,0.016,0.0,0.0,0.0,0.0,0.0,0.0,0.0,0.016,0.0,0.016,0.0,0.0,0.016,0.016,0.016,0.016,0.016,0.0,0.0,0.0,0.0,0.0,0.0,0.0,0.0,0.0,0.0,0.0,0.0,0.016,0.0,0.0,0.0,0.0
0.0,0.0,0.0,0.0,0.016,0.0,0.0,0.0,0.0,0.0,0.0,0.0,0.0,0.0,0.016,0.016,0.0,0.0,0.016,0.0,0.0,0.0,0.0,0.016,0.0,0.0,0.0,0.0,0.0,0.016,0.016,0.0,0.0,0.0,0.0,0.0,0.016,0.0,0.0,0.0,0.0,0.0,0.016,0.0,0.0,0.0,0.0,0.0,0.0,0.0,0.016,0.0,0.0,0.0,0.0,0.0,0.0,0.016,0.0,0.0,0.016,0.0,0.016,0.0,0.0,0.0,0.0,0.0,0.0,0.0,0.0,0.0,0.0,0.0,0.0,0.0,0.0,0.0,0.0,0.016,0.0,0.0,0.0,0.0,0.0,0.0,0.0,0.0,0.0,0.0,0.0,0.0,0.016,0.016,0.016,0.0,0.0,0.0,0.0,0.0,0.0,0.0,0.0,0.0,0.0,0.0,0.0,0.0,0.0,0.0,0.0,0.0,0.016,0.016,0.0,0.0,0.0,0.016,0.0,0.016,0.032,0.0,0.0,0.032,0.0,0.0,0.0,0.0,0.0,0.0,0.0,0.0,0.0,0.0,0.0,0.032,0.0,0.0,0.0,0.0,0.016,0.0,0.0,0.0,0.0,0.0,0.0,0.016,0.0,0.0,0.0,0.016,0.0,0.0,0.0,0.0,0.016,0.0,0.0,0.0,0.0,0.0,0.0,0.0,0.0,0.016,0.0,0.0,0.0,0.0,0.016,0.016,0.0,0.0,0.0,0.016,0.0,0.0,0.0,0.0,0.0,0.0,0.0,0.0,0.016,0.0,0.0,0.0,0.032,0.0,0.0,0.016,0.0,0.016,0.0,0.032,0.0,0.016,0.0,0.0,0.0,0.016,0.016,0.0,0.0,0.0,0.0,0.0,0.0,0.0,0.0,0.0,0.0,0.0,0.0,0.016,0.0,0.0,0.0,0.0,0.0,0.0,0.016,0.0,0.0,0.032,0.0,0.016,0.0,0.0,0.0,0.016,0.0,0.016,0.0,0.0,0.0,0.0,0.016,0.032,0.032,0.0,0.016,0.0,0.0,0.0,0.0,0.0,0.0,0.0,0.016,0.016,0.0,0.0,0.016,0.016
0.024,0.012,0.0,0.012,0.012,0.024,0.012,0.0,0.0,0.0,0.0,0.0,0.012,0.0,0.0,0.012,0.0,0.0,0.0,0.012,0.012,0.012,0.012,0.0,0.0,0.012,0.0,0.0,0.0,0.0,0.0,0.0,0.0,0.0,0.0,0.0,0.0,0.0,0.0,0.012,0.0,0.0,0.0,0.0,0.0,0.0,0.012,0.012,0.012,0.0,0.012,0.0,0.0,0.0,0.012,0.0,0.0,0.0,0.0,0.0,0.0,0.024,0.012,0.0,0.012,0.012,0.0,0.0,0.0,0.0,0.0,0.0,0.0,0.0,0.0,0.012,0.0,0.012,0.0,0.012,0.0,0.0,0.0,0.012,0.0,0.0,0.0,0.012,0.0,0.0,0.0,0.012,0.012,0.0,0.0,0.0,0.0,0.012,0.0,0.0,0.0,0.0,0.0,0.012,0.0,0.0,0.0,0.012,0.0,0.0,0.0,0.012,0.012,0.0,0.0,0.012,0.0,0.0,0.0,0.0,0.0,0.0,0.0,0.012,0.0,0.012,0.0,0.0,0.0,0.012,0.0,0.012,0.0,0.012,0.0,0.0,0.0,0.0,0.0,0.012,0.0,0.0,0.0,0.012,0.0,0.0,0.0,0.0,0.0,0.0,0.0,0.0,0.0,0.0,0.0,0.0,0.012,0.0,0.012,0.012,0.012,0.0,0.0,0.0,0.0,0.0,0.0,0.0,0.0,0.0,0.0,0.0,0.0,0.0,0.012,0.012,0.0,0.012,0.0,0.0,0.0,0.0,0.012,0.0,0.024,0.0,0.0,0.0,0.0,0.0,0.024,0.012,0.012,0.012,0.0,0.0,0.0,0.012,0.0,0.0,0.0,0.012,0.0,0.0,0.012,0.0,0.0,0.0,0.024,0.0,0.012,0.0,0.0,0.0,0.0,0.0,0.012,0.0,0.012,0.0,0.0,0.0,0.0,0.0,0.012,0.0,0.012,0.012,0.0,0.0,0.0,0.012,0.012,0.0,0.0,0.0,0.012,0.012,0.0,0.0,0.0,0.0,0.0,0.0,0.036,0.0,0.0,0.0,0.012,0.012,0.012,0.012,0.0,0.0,0.012,0.0
0.0,0.012,0.0,0.0,0.012,0.023,0.0,0.0,0.0,0.0,0.012,0.0,0.0,0.0,0.0,0.0,0.012,0.0,0.0,0.012,0.012,0.012,0.012,0.012,0.0,0.0,0.0,0.0,0.0,0.0,0.0,0.0,0.0,0.012,0.0,0.0,0.0,0.0,0.0,0.012,0.0,0.012,0.012,0.0,0.0,0.0,0.012,0.012,0.0,0.0,0.0,0.0,0.0,0.0,0.012,0.0,0.0,0.0,0.0,0.0,0.0,0.012,0.0,0.0,0.012,0.012,0.012,0.0,0.0,0.0,0.0,0.0,0.012,0.012,0.0,0.0,0.0,0.012,0.0,0.012,0.012,0.0,0.0,0.012,0.0,0.012,0.012,0.0,0.012,0.0,0.0,0.012,0.0,0.0,0.023,0.0,0.0,0.012,0.012,0.0,0.0,0.0,0.0,0.0,0.0,0.0,0.0,0.012,0.0,0.0,0.0,0.012,0.0,0.0,0.0,0.0,0.012,0.0,0.0,0.0,0.0,0.0,0.012,0.012,0.0,0.0,0.0,0.0,0.0,0.012,0.0,0.0,0.012,0.023,0.0,0.0,0.0,0.0,0.012,0.023,0.0,0.0,0.0,0.0,0.0,0.0,0.012,0.0,0.012,0.0,0.0,0.012,0.0,0.0,0.0,0.0,0.0,0.012,0.0,0.0,0.012,0.012,0.0,0.0,0.012,0.012,0.0,0.0,0.012,0.012,0.023,0.012,0.0,0.0,0.012,0.012,0.0,0.0,0.0,0.0,0.0,0.0,0.012,0.0,0.012,0.0,0.012,0.0,0.0,0.0,0.012,0.023,0.0,0.0,0.0,0.0,0.0,0.0,0.0,0.0,0.0,0.0,0.0,0.0,0.0,0.0,0.0,0.0,0.012,0.0,0.012,0.0,0.0,0.0,0.0,0.0,0.012,0.0,0.012,0.0,0.0,0.0,0.0,0.0,0.0,0.0,0.023,0.0,0.0,0.0,0.0,0.0,0.023,0.0,0.023,0.0,0.0,0.012,0.0,0.0,0.0,0.0,0.0,0.0,0.012,0.0,0.0,0.0,0.012,0.0,0.023,0.0,0.0,0.0,0.023,0.0
0.023,0.012,0.0,0.0,0.012,0.012,0.0,0.023,0.0,0.0,0.0,0.0,0.0,0.0,0.035,0.0,0.0,0.0,0.0,0.012,0.012,0.0,0.0,0.0,0.0,0.0,0.0,0.0,0.0,0.023,0.023,0.0,0.0,0.0,0.0,0.0,0.0,0.0,0.0,0.0,0.0,0.0,0.0,0.0,0.0,0.0,0.0,0.0,0.0,0.0,0.0,0.0,0.012,0.0,0.0,0.0,0.012,0.012,0.012,0.012,0.0,0.012,0.012,0.0,0.023,0.035,0.0,0.012,0.0,0.0,0.0,0.023,0.0,0.0,0.0,0.0,0.0,0.0,0.0,0.023,0.023,0.0,0.0,0.0,0.0,0.0,0.0,0.0,0.0,0.0,0.0,0.0,0.0,0.0,0.0,0.0,0.0,0.0,0.0,0.0,0.0,0.0,0.0,0.0,0.0,0.0,0.012,0.012,0.0,0.0,0.0,0.0,0.0,0.0,0.0,0.0,0.023,0.0,0.0,0.0,0.012,0.023,0.0,0.012,0.0,0.0,0.0,0.0,0.0,0.0,0.0,0.023,0.0,0.0,0.0,0.0,0.0,0.0,0.0,0.0,0.0,0.012,0.012,0.0,0.012,0.012,0.0,0.0,0.012,0.0,0.0,0.0,0.0,0.0,0.012,0.0,0.0,0.0,0.023,0.0,0.0,0.0,0.0,0.0,0.0,0.012,0.0,0.012,0.0,0.012,0.0,0.012,0.0,0.0,0.012,0.012,0.0,0.0,0.0,0.0,0.012,0.0,0.012,0.0,0.0,0.0,0.012,0.0,0.0,0.0,0.0,0.012,0.0,0.0,0.0,0.0,0.0,0.0,0.0,0.0,0.0,0.0,0.0,0.0,0.0,0.0,0.0,0.0,0.035,0.012,0.0,0.012,0.0,0.0,0.0,0.0,0.0,0.0,0.012,0.0,0.0,0.0,0.0,0.0,0.023,0.0,0.0,0.023,0.023,0.0,0.012,0.012,0.0,0.012,0.012,0.0,0.0,0.023,0.0,0.0,0.0,0.0,0.0,0.0,0.012,0.0,0.0,0.0,0.023,0.012,0.0,0.0,0.0,0.0,0.012,0.0
0.0,0.0,0.0,0.0,0.014,0.0,0.0,0.0,0.0,0.0,0.0,0.0,0.0,0.0,0.014,0.014,0.014,0.0,0.0,0.014,0.0,0.014,0.014,0.0,0.0,0.0,0.0,0.0,0.0,0.0,0.014,0.0,0.0,0.014,0.0,0.0,0.0,0.014,0.0,0.0,0.014,0.014,0.0,0.0,0.0,0.0,0.0,0.0,0.0,0.0,0.0,0.0,0.0,0.0,0.0,0.0,0.014,0.0,0.0,0.014,0.014,0.014,0.014,0.0,0.0,0.0,0.0,0.014,0.0,0.014,0.0,0.014,0.014,0.014,0.0,0.0,0.0,0.0,0.0,0.029,0.0,0.014,0.014,0.0,0.014,0.0,0.0,0.0,0.0,0.0,0.014,0.0,0.0,0.0,0.0,0.0,0.0,0.0,0.0,0.0,0.0,0.0,0.0,0.0,0.0,0.0,0.014,0.014,0.0,0.0,0.0,0.0,0.0,0.0,0.0,0.0,0.0,0.0,0.0,0.0,0.0,0.0,0.0,0.014,0.0,0.0,0.0,0.0,0.0,0.0,0.0,0.014,0.0,0.014,0.0,0.0,0.0,0.0,0.029,0.0,0.0,0.0,0.014,0.0,0.0,0.0,0.014,0.0,0.014,0.0,0.0,0.0,0.0,0.0,0.0,0.0,0.0,0.0,0.0,0.0,0.0,0.0,0.014,0.014,0.014,0.0,0.0,0.0,0.014,0.0,0.029,0.014,0.0,0.0,0.014,0.014,0.0,0.0,0.0,0.0,0.014,0.0,0.014,0.0,0.014,0.0,0.014,0.0,0.0,0.0,0.029,0.0,0.0,0.014,0.0,0.0,0.0,0.0,0.0,0.0,0.0,0.0,0.0,0.0,0.0,0.0,0.0,0.0,0.0,0.014,0.0,0.014,0.0,0.0,0.0,0.0,0.0,0.0,0.014,0.0,0.0,0.0,0.0,0.0,0.014,0.0,0.014,0.0,0.0,0.0,0.0,0.0,0.0,0.0,0.014,0.0,0.0,0.029,0.014,0.014,0.014,0.0,0.0,0.0,0.014,0.0,0.0,0.0,0.0,0.0,0.0,0.043,0.0,0.0,0.0,0.0
0.0,0.0,0.0,0.0,0.0,0.0,0.0,0.028,0.0,0.0,0.014,0.0,0.0,0.0,0.028,0.0,0.0,0.014,0.0,0.0,0.014,0.014,0.014,0.0,0.0,0.0,0.0,0.0,0.014,0.014,0.0,0.014,0.014,0.014,0.0,0.0,0.0,0.0,0.0,0.0,0.0,0.0,0.0,0.014,0.0,0.0,0.0,0.0,0.0,0.0,0.0,0.0,0.0,0.0,0.0,0.0,0.0,0.0,0.042,0.0,0.0,0.0,0.0,0.014,0.0,0.014,0.0,0.014,0.014,0.014,0.0,0.0,0.0,0.0,0.0,0.0,0.0,0.0,0.0,0.014,0.014,0.0,0.0,0.014,0.0,0.0,0.014,0.0,0.0,0.0,0.028,0.0,0.0,0.0,0.0,0.0,0.0,0.0,0.0,0.0,0.0,0.0,0.0,0.0,0.0,0.0,0.0,0.028,0.0,0.0,0.0,0.0,0.0,0.0,0.014,0.014,0.014,0.0,0.0,0.0,0.0,0.0,0.0,0.0,0.0,0.0,0.014,0.0,0.0,0.014,0.0,0.0,0.0,0.014,0.0,0.014,0.0,0.0,0.0,0.0,0.0,0.0,0.0,0.0,0.014,0.0,0.0,0.0,0.014,0.0,0.0,0.0,0.0,0.0,0.0,0.0,0.0,0.0,0.0,0.0,0.0,0.014,0.0,0.0,0.014,0.0,0.0,0.0,0.014,0.0,0.0,0.0,0.042,0.0,0.014,0.014,0.028,0.0,0.014,0.0,0.0,0.0,0.0,0.0,0.0,0.0,0.014,0.0,0.0,0.014,0.0,0.0,0.0,0.0,0.014,0.014,0.0,0.0,0.0,0.0,0.028,0.0,0.0,0.0,0.0,0.0,0.014,0.0,0.0,0.014,0.0,0.0,0.0,0.0,0.0,0.0,0.0,0.0,0.0,0.0,0.014,0.0,0.0,0.0,0.0,0.0,0.0,0.0,0.0,0.014,0.0,0.0,0.0,0.014,0.014,0.042,0.0,0.0,0.0,0.0,0.0,0.0,0.0,0.0,0.0,0.0,0.0,0.014,0.0,0.014,0.014,0.0,0.0,0.0,0.014,0.028
0.014,0.0,0.014,0.0,0.0,0.0,0.014,0.0,0.0,0.014,0.0,0.0,0.0,0.014,0.0,0.0,0.0,0.0,0.0,0.0,0.0,0.0,0.0,0.0,0.0,0.0,0.014,0.0,0.0,0.0,0.0,0.014,0.0,0.0,0.014,0.0,0.028,0.0,0.014,0.028,0.0,0.0,0.0,0.0,0.0,0.0,0.0,0.0,0.0,0.0,0.0,0.0,0.0,0.014,0.0,0.0,0.0,0.0,0.0,0.0,0.0,0.014,0.0,0.014,0.014,0.014,0.0,0.0,0.0,0.0,0.0,0.014,0.014,0.028,0.0,0.0,0.0,0.0,0.0,0.014,0.014,0.0,0.028,0.0,0.014,0.0,0.0,0.014,0.0,0.0,0.0,0.0,0.0,0.0,0.014,0.0,0.0,0.0,0.0,0.0,0.0,0.0,0.0,0.0,0.014,0.0,0.014,0.0,0.0,0.0,0.0,0.014,0.0,0.0,0.0,0.0,0.0,0.014,0.0,0.0,0.0,0.028,0.0,0.014,0.0,0.0,0.014,0.0,0.0,0.0,0.0,0.014,0.0,0.0,0.0,0.0,0.0,0.014,0.0,0.0,0.0,0.0,0.0,0.014,0.014,0.014,0.014,0.014,0.0,0.0,0.0,0.0,0.0,0.0,0.014,0.0,0.0,0.0,0.028,0.0,0.014,0.0,0.0,0.014,0.014,0.0,0.0,0.0,0.0,0.014,0.0,0.0,0.0,0.0,0.0,0.0,0.0,0.0,0.0,0.0,0.0,0.0,0.0,0.014,0.0,0.0,0.0,0.0,0.0,0.014,0.014,0.0,0.0,0.0,0.0,0.0,0.0,0.0,0.0,0.0,0.0,0.0,0.0,0.0,0.0,0.0,0.0,0.0,0.0,0.0,0.0,0.0,0.028,0.028,0.0,0.0,0.0,0.0,0.0,0.014,0.0,0.014,0.0,0.0,0.0,0.0,0.0,0.0,0.014,0.0,0.0,0.014,0.014,0.0,0.0,0.0,0.0,0.014,0.0,0.014,0.0,0.0,0.0,0.0,0.0,0.028,0.014,0.0,0.0,0.0,0.014,0.014,0.0,0.014,0.0,0.0
0.0,0.0,0.0,0.0,0.0,0.0,0.0,0.0,0.0,0.0,0.0,0.0,0.0,0.0,0.0,0.023,0.0,0.0,0.035,0.0,0.0,0.0,0.0,0.012,0.0,0.0,0.0,0.0,0.0,0.012,0.0,0.0,0.0,0.0,0.0,0.0,0.0,0.012,0.0,0.0,0.0,0.0,0.012,0.023,0.012,0.0,0.0,0.0,0.0,0.0,0.012,0.0,0.0,0.0,0.0,0.0,0.012,0.0,0.0,0.012,0.0,0.012,0.012,0.0,0.0,0.0,0.0,0.012,0.023,0.012,0.0,0.0,0.0,0.012,0.023,0.012,0.012,0.0,0.0,0.0,0.012,0.0,0.012,0.012,0.0,0.0,0.0,0.0,0.0,0.0,0.0,0.0,0.012,0.012,0.0,0.0,0.0,0.0,0.0,0.0,0.0,0.0,0.0,0.0,0.0,0.0,0.0,0.0,0.0,0.0,0.012,0.0,0.0,0.0,0.0,0.012,0.0,0.012,0.0,0.047,0.012,0.012,0.012,0.0,0.0,0.0,0.0,0.012,0.0,0.0,0.0,0.012,0.012,0.012,0.0,0.0,0.0,0.0,0.0,0.0,0.0,0.0,0.0,0.0,0.0,0.012,0.0,0.0,0.023,0.0,0.0,0.0,0.0,0.0,0.0,0.0,0.0,0.012,0.012,0.0,0.0,0.0,0.0,0.0,0.0,0.0,0.0,0.023,0.0,0.012,0.0,0.0,0.012,0.012,0.0,0.0,0.0,0.012,0.0,0.012,0.012,0.0,0.0,0.0,0.0,0.012,0.0,0.0,0.0,0.012,0.0,0.0,0.0,0.0,0.0,0.0,0.0,0.0,0.0,0.012,0.0,0.0,0.012,0.0,0.0,0.0,0.023,0.0,0.0,0.023,0.0,0.0,0.012,0.0,0.0,0.012,0.0,0.0,0.0,0.0,0.0,0.023,0.023,0.012,0.012,0.023,0.0,0.0,0.012,0.012,0.0,0.0,0.0,0.012,0.0,0.0,0.0,0.0,0.0,0.012,0.0,0.0,0.0,0.0,0.012,0.012,0.0,0.012,0.012,0.0,0.0,0.0,0.0,0.012,0.0,0.012
0.0,0.01,0.0,0.0,0.01,0.01,0.01,0.0,0.0,0.0,0.0,0.01,0.0,0.0,0.0,0.0,0.01,0.01,0.0,0.01,0.01,0.0,0.0,0.01,0.01,0.0,0.0,0.0,0.0,0.0,0.02,0.0,0.0,0.0,0.0,0.0,0.0,0.01,0.0,0.0,0.0,0.0,0.0,0.01,0.01,0.0,0.01,0.02,0.0,0.0,0.0,0.0,0.01,0.0,0.0,0.0,0.0,0.0,0.01,0.01,0.0,0.01,0.0,0.0,0.01,0.01,0.0,0.0,0.01,0.01,0.0,0.0,0.0,0.0,0.0,0.01,0.0,0.01,0.02,0.0,0.0,0.01,0.0,0.0,0.0,0.0,0.0,0.0,0.0,0.0,0.01,0.0,0.0,0.0,0.02,0.0,0.0,0.01,0.0,0.0,0.0,0.0,0.0,0.0,0.0,0.0,0.01,0.0,0.0,0.0,0.0,0.0,0.0,0.0,0.0,0.0,0.0,0.0,0.0,0.0,0.02,0.01,0.01,0.01,0.0,0.01,0.0,0.01,0.0,0.01,0.01,0.0,0.01,0.0,0.0,0.01,0.0,0.01,0.0,0.01,0.0,0.0,0.0,0.01,0.0,0.0,0.01,0.0,0.0,0.0,0.01,0.01,0.0,0.0,0.0,0.0,0.0,0.0,0.0,0.02,0.0,0.01,0.0,0.0,0.01,0.01,0.0,0.01,0.01,0.01,0.0,0.0,0.01,0.0,0.0,0.0,0.0,0.0,0.02,0.0,0.0,0.0,0.0,0.0,0.01,0.0,0.0,0.0,0.01,0.0,0.03,0.01,0.0,0.0,0.0,0.0,0.0,0.0,0.0,0.01,0.0,0.0,0.01,0.01,0.0,0.0,0.0,0.0,0.01,0.0,0.0,0.02,0.0,0.0,0.0,0.0,0.0,0.0,0.0,0.0,0.0,0.0,0.01,0.0,0.02,0.0,0.02,0.01,0.0,0.0,0.0,0.01,0.0,0.02,0.01,0.0,0.0,0.0,0.0,0.03,0.0,0.01,0.0,0.0,0.02,0.0,0.0,0.01,0.01,0.0,0.01,0.01,0.0,0.02,0.0,0.0
0.0,0.012,0.0,0.0,0.012,0.0,0.0,0.024,0.012,0.0,0.0,0.0,0.0,0.0,0.0,0.0,0.012,0.0,0.0,0.012,0.0,0.0,0.0,0.0,0.0,0.0,0.0,0.0,0.0,0.012,0.012,0.0,0.012,0.0,0.0,0.0,0.0,0.0,0.0,0.012,0.0,0.0,0.0,0.012,0.0,0.012,0.0,0.037,0.0,0.0,0.0,0.0,0.012,0.0,0.0,0.012,0.0,0.0,0.0,0.012,0.0,0.0,0.012,0.0,0.0,0.012,0.012,0.0,0.0,0.0,0.0,0.0,0.0,0.0,0.0,0.012,0.0,0.012,0.012,0.0,0.0,0.0,0.0,0.0,0.0,0.0,0.0,0.0,0.0,0.0,0.0,0.0,0.0,0.0,0.012,0.0,0.0,0.0,0.0,0.0,0.0,0.0,0.0,0.0,0.0,0.012,0.0,0.0,0.0,0.0,0.0,0.0,0.0,0.0,0.0,0.0,0.0,0.0,0.012,0.0,0.024,0.012,0.0,0.012,0.012,0.0,0.0,0.0,0.012,0.012,0.0,0.0,0.0,0.0,0.0,0.0,0.0,0.0,0.0,0.024,0.0,0.012,0.0,0.012,0.012,0.0,0.0,0.0,0.0,0.0,0.0,0.012,0.0,0.0,0.0,0.0,0.0,0.0,0.012,0.012,0.0,0.0,0.0,0.012,0.012,0.0,0.0,0.012,0.012,0.0,0.0,0.0,0.012,0.0,0.0,0.0,0.0,0.0,0.012,0.0,0.0,0.0,0.0,0.0,0.0,0.0,0.012,0.0,0.012,0.0,0.024,0.024,0.0,0.0,0.0,0.0,0.012,0.0,0.0,0.0,0.0,0.0,0.012,0.012,0.0,0.0,0.0,0.0,0.0,0.0,0.012,0.012,0.0,0.0,0.0,0.0,0.0,0.0,0.012,0.0,0.0,0.0,0.012,0.0,0.012,0.0,0.024,0.012,0.0,0.012,0.0,0.0,0.0,0.012,0.012,0.0,0.0,0.0,0.012,0.024,0.0,0.012,0.012,0.0,0.012,0.0,0.0,0.0,0.024,0.0,0.012,0.012,0.0,0.012,0.012,0.012
0.0,0.0,0.0,0.0,0.0,0.0,0.0,0.012,0.0,0.0,0.0,0.0,0.0,0.0,0.0,0.0,0.0,0.012,0.012,0.0,0.0,0.0,0.0,0.012,0.012,0.0,0.0,0.0,0.0,0.0,0.024,0.012,0.0,0.0,0.0,0.0,0.012,0.0,0.0,0.0,0.0,0.0,0.0,0.012,0.0,0.0,0.0,0.024,0.0,0.0,0.0,0.0,0.0,0.012,0.0,0.0,0.0,0.0,0.0,0.0,0.012,0.0,0.0,0.012,0.0,0.0,0.0,0.0,0.0,0.012,0.012,0.012,0.0,0.012,0.0,0.012,0.0,0.0,0.0,0.012,0.0,0.012,0.0,0.0,0.0,0.0,0.0,0.0,0.0,0.0,0.0,0.0,0.0,0.0,0.012,0.024,0.0,0.024,0.0,0.0,0.0,0.0,0.0,0.0,0.0,0.0,0.0,0.012,0.0,0.0,0.0,0.0,0.0,0.0,0.0,0.0,0.0,0.0,0.012,0.012,0.0,0.012,0.012,0.012,0.0,0.024,0.0,0.012,0.0,0.0,0.0,0.0,0.024,0.0,0.0,0.0,0.0,0.0,0.0,0.0,0.0,0.012,0.0,0.012,0.0,0.012,0.0,0.0,0.0,0.0,0.0,0.012,0.0,0.0,0.0,0.0,0.0,0.0,0.0,0.0,0.0,0.0,0.0,0.012,0.0,0.0,0.0,0.0,0.012,0.0,0.0,0.0,0.012,0.012,0.012,0.0,0.0,0.0,0.012,0.0,0.0,0.0,0.012,0.0,0.012,0.0,0.0,0.0,0.0,0.0,0.037,0.012,0.0,0.0,0.0,0.0,0.0,0.0,0.0,0.012,0.0,0.0,0.012,0.012,0.0,0.0,0.0,0.0,0.0,0.0,0.012,0.012,0.012,0.0,0.0,0.012,0.012,0.0,0.012,0.0,0.0,0.024,0.0,0.0,0.0,0.0,0.0,0.012,0.0,0.012,0.0,0.0,0.0,0.0,0.012,0.012,0.0,0.0,0.0,0.024,0.0,0.012,0.012,0.0,0.024,0.012,0.0,0.012,0.0,0.0,0.012,0.012,0.012,0.024,0.0,0.0
0.0,0.0,0.0,0.0,0.0,0.0,0.0,0.0,0.0,0.009,0.009,0.0,0.0,0.0,0.009,0.0,0.009,0.0,0.009,0.009,0.0,0.0,0.0,0.009,0.0,0.0,0.0,0.0,0.009,0.0,0.009,0.0,0.0,0.019,0.0,0.009,0.009,0.0,0.0,0.009,0.019,0.0,0.009,0.0,0.009,0.009,0.009,0.0,0.0,0.0,0.0,0.0,0.0,0.009,0.0,0.0,0.0,0.009,0.0,0.0,0.0,0.0,0.009,0.0,0.0,0.0,0.009,0.009,0.009,0.0,0.0,0.0,0.009,0.009,0.019,0.019,0.0,0.0,0.0,0.009,0.0,0.0,0.019,0.0,0.009,0.009,0.0,0.0,0.0,0.0,0.0,0.019,0.0,0.0,0.019,0.0,0.0,0.0,0.0,0.0,0.0,0.009,0.0,0.0,0.0,0.0,0.0,0.0,0.0,0.009,0.0,0.009,0.0,0.009,0.0,0.0,0.0,0.009,0.0,0.0,0.0,0.019,0.009,0.009,0.0,0.009,0.0,0.0,0.0,0.0,0.009,0.0,0.009,0.0,0.0,0.019,0.009,0.0,0.0,0.0,0.0,0.009,0.0,0.0,0.009,0.009,0.0,0.0,0.009,0.009,0.009,0.0,0.0,0.0,0.0,0.0,0.0,0.009,0.0,0.009,0.009,0.009,0.009,0.0,0.009,0.009,0.0,0.0,0.0,0.019,0.0,0.0,0.0,0.0,0.0,0.009,0.0,0.009,0.009,0.0,0.0,0.0,0.009,0.009,0.0,0.0,0.0,0.009,0.009,0.019,0.009,0.0,0.0,0.0,0.0,0.0,0.009,0.009,0.0,0.0,0.009,0.0,0.0,0.009,0.0,0.0,0.0,0.0,0.0,0.0,0.028,0.0,0.0,0.0,0.009,0.009,0.0,0.009,0.0,0.0,0.0,0.0,0.009,0.0,0.0,0.0,0.0,0.0,0.009,0.009,0.0,0.009,0.009,0.0,0.009,0.009,0.009,0.0,0.0,0.019,0.0,0.0,0.009,0.0,0.028,0.0,0.0,0.0,0.0,0.0,0.009,0.009,0.0,0.0,0.0,0.0
0.0,0.0,0.0,0.014,0.014,0.0,0.0,0.0,0.0,0.0,0.0,0.0,0.0,0.0,0.014,0.014,0.014,0.0,0.027,0.0,0.014,0.014,0.0,0.0,0.0,0.0,0.0,0.0,0.014,0.0,0.0,0.0,0.0,0.014,0.0,0.0,0.014,0.0,0.0,0.0,0.014,0.0,0.0,0.0,0.0,0.0,0.014,0.027,0.0,0.0,0.0,0.0,0.0,0.0,0.0,0.0,0.0,0.0,0.0,0.014,0.0,0.0,0.014,0.0,0.0,0.014,0.0,0.014,0.014,0.0,0.0,0.014,0.0,0.0,0.0,0.041,0.0,0.0,0.0,0.0,0.0,0.014,0.014,0.0,0.0,0.0,0.014,0.0,0.0,0.0,0.014,0.0,0.0,0.0,0.014,0.0,0.0,0.0,0.0,0.0,0.0,0.0,0.0,0.0,0.0,0.014,0.0,0.0,0.0,0.0,0.0,0.0,0.0,0.0,0.014,0.0,0.0,0.0,0.0,0.0,0.0,0.0,0.014,0.014,0.0,0.0,0.014,0.0,0.014,0.0,0.0,0.0,0.014,0.027,0.0,0.0,0.0,0.0,0.0,0.0,0.0,0.0,0.0,0.0,0.0,0.014,0.0,0.0,0.0,0.0,0.0,0.014,0.0,0.0,0.0,0.0,0.0,0.0,0.0,0.0,0.0,0.014,0.0,0.0,0.0,0.0,0.0,0.0,0.0,0.0,0.0,0.0,0.0,0.014,0.0,0.014,0.0,0.0,0.014,0.0,0.0,0.014,0.0,0.0,0.014,0.0,0.014,0.0,0.0,0.041,0.0,0.014,0.0,0.0,0.0,0.0,0.0,0.0,0.0,0.0,0.014,0.014,0.014,0.0,0.0,0.0,0.0,0.0,0.014,0.0,0.0,0.0,0.014,0.0,0.0,0.0,0.0,0.0,0.0,0.0,0.0,0.0,0.014,0.014,0.014,0.014,0.0,0.0,0.0,0.0,0.0,0.0,0.0,0.0,0.0,0.027,0.014,0.0,0.014,0.014,0.0,0.0,0.014,0.0,0.014,0.0,0.0,0.027,0.014,0.0,0.0,0.014,0.014,0.0,0.0,0.0
0.0,0.0,0.015,0.0,0.0,0.0,0.0,0.0,0.0,0.0,0.046,0.0,0.015,0.0,0.0,0.0,0.0,0.0,0.0,0.0,0.0,0.0,0.0,0.0,0.0,0.0,0.0,0.015,0.0,0.0,0.0,0.015,0.015,0.0,0.0,0.0,0.0,0.0,0.0,0.0,0.015,0.031,0.015,0.0,0.0,0.0,0.0,0.0,0.0,0.0,0.0,0.031,0.0,0.015,0.0,0.0,0.015,0.015,0.0,0.0,0.0,0.0,0.0,0.0,0.015,0.0,0.0,0.0,0.0,0.0,0.0,0.0,0.0,0.0,0.0,0.0,0.0,0.015,0.0,0.0,0.0,0.0,0.0,0.0,0.0,0.0,0.0,0.015,0.0,0.0,0.0,0.0,0.015,0.0,0.015,0.015,0.0,0.0,0.0,0.0,0.0,0.0,0.0,0.0,0.0,0.0,0.0,0.0,0.0,0.0,0.0,0.015,0.0,0.0,0.0,0.015,0.0,0.0,0.0,0.0,0.015,0.0,0.015,0.0,0.0,0.015,0.0,0.015,0.0,0.0,0.031,0.015,0.0,0.0,0.015,0.015,0.015,0.0,0.015,0.0,0.0,0.0,0.0,0.0,0.015,0.0,0.0,0.0,0.0,0.0,0.0,0.015,0.0,0.0,0.0,0.0,0.0,0.0,0.015,0.0,0.015,0.031,0.015,0.0,0.015,0.0,0.0,0.015,0.031,0.0,0.0,0.0,0.0,0.0,0.0,0.0,0.0,0.0,0.0,0.0,0.015,0.0,0.0,0.0,0.0,0.0,0.0,0.0,0.0,0.015,0.0,0.0,0.0,0.0,0.0,0.0,0.0,0.0,0.0,0.0,0.0,0.0,0.0,0.0,0.015,0.0,0.031,0.0,0.0,0.0,0.0,0.015,0.0,0.015,0.0,0.015,0.0,0.0,0.0,0.0,0.0,0.0,0.0,0.0,0.015,0.0,0.015,0.0,0.0,0.015,0.0,0.0,0.015,0.0,0.015,0.0,0.0,0.015,0.0,0.0,0.0,0.0,0.0,0.0,0.015,0.015,0.0,0.0,0.0,0.0,0.0,0.015,0.0,0.0,0.015,0.0
0.0,0.0,0.01,0.0,0.0,0.0,0.0,0.0,0.0,0.0,0.019,0.0,0.0,0.0,0.0,0.0,0.0,0.0,0.01,0.0,0.0,0.0,0.0,0.029,0.0,0.0,0.0,0.0,0.0,0.0,0.01,0.0,0.0,0.0,0.0,0.0,0.01,0.0,0.0,0.0,0.01,0.019,0.01,0.0,0.0,0.0,0.019,0.0,0.0,0.0,0.0,0.0,0.0,0.01,0.0,0.0,0.0,0.0,0.0,0.0,0.0,0.0,0.0,0.0,0.01,0.0,0.01,0.0,0.0,0.01,0.0,0.0,0.01,0.01,0.0,0.01,0.0,0.01,0.0,0.0,0.0,0.0,0.0,0.0,0.0,0.0,0.0,0.01,0.0,0.0,0.0,0.0,0.01,0.019,0.019,0.019,0.0,0.0,0.0,0.0,0.0,0.0,0.0,0.0,0.0,0.0,0.0,0.0,0.0,0.0,0.0,0.0,0.0,0.01,0.01,0.0,0.01,0.0,0.0,0.019,0.01,0.019,0.0,0.019,0.0,0.01,0.01,0.019,0.0,0.0,0.0,0.0,0.01,0.019,0.0,0.0,0.0,0.0,0.01,0.01,0.0,0.0,0.0,0.0,0.019,0.0,0.01,0.0,0.0,0.0,0.0,0.019,0.0,0.0,0.0,0.0,0.0,0.01,0.0,0.019,0.0,0.019,0.0,0.0,0.01,0.01,0.0,0.019,0.0,0.019,0.029,0.0,0.0,0.01,0.0,0.0,0.0,0.0,0.0,0.0,0.019,0.0,0.0,0.0,0.019,0.0,0.019,0.0,0.0,0.0,0.0,0.0,0.0,0.0,0.0,0.0,0.0,0.0,0.0,0.01,0.0,0.0,0.01,0.0,0.0,0.0,0.0,0.0,0.0,0.01,0.01,0.01,0.0,0.01,0.0,0.01,0.0,0.0,0.0,0.0,0.01,0.0,0.01,0.0,0.0,0.01,0.019,0.0,0.01,0.01,0.0,0.01,0.01,0.0,0.01,0.01,0.0,0.01,0.019,0.0,0.0,0.0,0.0,0.0,0.0,0.01,0.0,0.0,0.0,0.01,0.01,0.01,0.0,0.0,0.019,0.0
0.0,0.0,0.0,0.0,0.0,0.015,0.0,0.0,0.0,0.015,0.0,0.0,0.0,0.0,0.0,0.0,0.0,0.0,0.0,0.0,0.015,0.0,0.015,0.0,0.0,0.0,0.0,0.0,0.0,0.0,0.0,0.0,0.0,0.0,0.0,0.015,0.0,0.0,0.0,0.015,0.015,0.0,0.0,0.0,0.0,0.015,0.031,0.0,0.0,0.0,0.0,0.0,0.0,0.0,0.0,0.0,0.0,0.015,0.0,0.0,0.0,0.015,0.0,0.015,0.0,0.015,0.0,0.0,0.0,0.015,0.0,0.0,0.015,0.0,0.015,0.015,0.0,0.0,0.0,0.015,0.015,0.015,0.015,0.0,0.0,0.0,0.0,0.0,0.0,0.0,0.015,0.0,0.0,0.0,0.0,0.015,0.0,0.0,0.0,0.0,0.0,0.0,0.0,0.0,0.015,0.0,0.0,0.0,0.0,0.0,0.0,0.0,0.0,0.0,0.0,0.0,0.015,0.0,0.0,0.015,0.0,0.0,0.0,0.015,0.015,0.015,0.015,0.0,0.0,0.0,0.015,0.0,0.0,0.0,0.0,0.0,0.0,0.0,0.0,0.031,0.0,0.0,0.0,0.015,0.0,0.0,0.0,0.0,0.015,0.0,0.0,0.0,0.0,0.0,0.0,0.0,0.0,0.015,0.0,0.0,0.0,0.0,0.046,0.0,0.0,0.0,0.0,0.0,0.0,0.0,0.0,0.0,0.0,0.0,0.0,0.0,0.0,0.0,0.0,0.0,0.0,0.015,0.0,0.031,0.015,0.0,0.015,0.0,0.0,0.0,0.0,0.0,0.0,0.0,0.0,0.0,0.0,0.0,0.0,0.0,0.0,0.0,0.0,0.0,0.0,0.0,0.015,0.0,0.0,0.0,0.031,0.015,0.015,0.0,0.0,0.015,0.0,0.0,0.0,0.0,0.0,0.0,0.015,0.031,0.015,0.0,0.0,0.0,0.0,0.015,0.0,0.0,0.015,0.0,0.0,0.0,0.0,0.031,0.0,0.0,0.0,0.0,0.0,0.015,0.031,0.015,0.0,0.0,0.0,0.0,0.0,0.015,0.0,0.015,0.0,0.0
0.025,0.0,0.013,0.0,0.0,0.0,0.0,0.0,0.013,0.013,0.0,0.0,0.0,0.0,0.0,0.0,0.0,0.013,0.0,0.0,0.0,0.0,0.0,0.013,0.013,0.0,0.013,0.013,0.0,0.013,0.0,0.0,0.0,0.013,0.013,0.0,0.013,0.0,0.0,0.025,0.013,0.0,0.0,0.0,0.0,0.0,0.0,0.0,0.013,0.013,0.0,0.0,0.0,0.0,0.0,0.0,0.0,0.0,0.0,0.0,0.0,0.0,0.0,0.0,0.013,0.0,0.0,0.0,0.0,0.0,0.013,0.013,0.013,0.0,0.0,0.0,0.0,0.0,0.0,0.0,0.0,0.0,0.0,0.0,0.0,0.0,0.013,0.0,0.0,0.0,0.013,0.0,0.0,0.0,0.013,0.013,0.0,0.0,0.013,0.0,0.0,0.0,0.0,0.0,0.0,0.0,0.025,0.0,0.013,0.0,0.0,0.0,0.0,0.0,0.0,0.0,0.013,0.0,0.0,0.0,0.013,0.0,0.0,0.0,0.0,0.0,0.013,0.025,0.0,0.0,0.0,0.0,0.013,0.0,0.025,0.0,0.0,0.025,0.013,0.0,0.0,0.0,0.0,0.0,0.013,0.0,0.0,0.0,0.0,0.013,0.0,0.0,0.0,0.0,0.0,0.0,0.0,0.0,0.0,0.025,0.0,0.0,0.013,0.0,0.0,0.013,0.0,0.0,0.0,0.0,0.0,0.025,0.0,0.013,0.013,0.013,0.0,0.0,0.0,0.013,0.013,0.0,0.0,0.0,0.013,0.0,0.0,0.0,0.013,0.0,0.013,0.0,0.0,0.0,0.013,0.0,0.0,0.013,0.0,0.0,0.0,0.0,0.0,0.0,0.025,0.0,0.0,0.0,0.0,0.013,0.013,0.0,0.0,0.0,0.0,0.013,0.0,0.0,0.0,0.0,0.0,0.0,0.0,0.0,0.0,0.025,0.013,0.0,0.0,0.0,0.0,0.0,0.0,0.013,0.0,0.013,0.0,0.0,0.0,0.013,0.0,0.0,0.0,0.013,0.0,0.013,0.0,0.0,0.013,0.0,0.025,0.013,0.0,0.0,0.025,0.013
0.0,0.0,0.0,0.0,0.009,0.009,0.0,0.0,0.0,0.0,0.0,0.0,0.0,0.0,0.0,0.0,0.009,0.009,0.037,0.019,0.0,0.009,0.0,0.009,0.0,0.0,0.0,0.0,0.0,0.0,0.0,0.009,0.009,0.009,0.009,0.0,0.009,0.009,0.0,0.0,0.0,0.019,0.0,0.0,0.0,0.009,0.0,0.009,0.0,0.0,0.0,0.0,0.0,0.009,0.0,0.0,0.009,0.0,0.0,0.009,0.0,0.0,0.0,0.0,0.0,0.009,0.0,0.0,0.019,0.009,0.0,0.009,0.028,0.019,0.019,0.009,0.0,0.009,0.019,0.0,0.0,0.0,0.009,0.0,0.009,0.0,0.0,0.0,0.0,0.009,0.0,0.0,0.0,0.0,0.028,0.0,0.0,0.0,0.0,0.0,0.0,0.0,0.0,0.009,0.0,0.0,0.0,0.0,0.0,0.0,0.0,0.0,0.0,0.009,0.0,0.0,0.009,0.0,0.0,0.0,0.0,0.009,0.019,0.028,0.0,0.0,0.009,0.0,0.0,0.009,0.0,0.0,0.028,0.0,0.0,0.0,0.0,0.0,0.0,0.009,0.0,0.0,0.0,0.0,0.0,0.009,0.028,0.0,0.0,0.0,0.0,0.028,0.0,0.0,0.0,0.0,0.0,0.009,0.019,0.0,0.0,0.009,0.0,0.0,0.019,0.009,0.0,0.009,0.0,0.0,0.0,0.0,0.0,0.0,0.0,0.0,0.0,0.009,0.0,0.0,0.019,0.0,0.0,0.019,0.0,0.009,0.0,0.009,0.0,0.0,0.009,0.0,0.0,0.0,0.0,0.0,0.019,0.0,0.0,0.0,0.0,0.0,0.0,0.0,0.0,0.0,0.0,0.0,0.0,0.019,0.0,0.009,0.0,0.0,0.009,0.0,0.0,0.0,0.0,0.0,0.009,0.0,0.009,0.0,0.0,0.009,0.0,0.0,0.009,0.009,0.0,0.009,0.009,0.009,0.0,0.0,0.009,0.028,0.019,0.0,0.0,0.0,0.0,0.0,0.0,0.0,0.0,0.0,0.0,0.009,0.0,0.009,0.0,0.0,0.0,0.0
0.019,0.009,0.0,0.0,0.009,0.009,0.009,0.0,0.0,0.009,0.0,0.0,0.0,0.0,0.009,0.0,0.0,0.0,0.0,0.009,0.019,0.0,0.0,0.0,0.0,0.009,0.0,0.009,0.0,0.0,0.0,0.0,0.009,0.0,0.0,0.009,0.009,0.0,0.009,0.009,0.0,0.0,0.0,0.009,0.0,0.0,0.0,0.0,0.009,0.0,0.0,0.0,0.0,0.0,0.0,0.009,0.009,0.0,0.028,0.009,0.0,0.0,0.0,0.009,0.0,0.0,0.009,0.0,0.0,0.009,0.009,0.0,0.0,0.009,0.0,0.0,0.0,0.0,0.028,0.0,0.0,0.0,0.0,0.019,0.0,0.0,0.0,0.0,0.0,0.0,0.0,0.009,0.0,0.0,0.0,0.0,0.0,0.0,0.019,0.0,0.009,0.0,0.0,0.0,0.0,0.0,0.0,0.0,0.0,0.019,0.0,0.0,0.009,0.009,0.0,0.0,0.0,0.0,0.0,0.0,0.0,0.0,0.0,0.009,0.0,0.0,0.019,0.009,0.009,0.009,0.0,0.0,0.0,0.0,0.0,0.0,0.019,0.009,0.009,0.0,0.009,0.009,0.0,0.009,0.0,0.009,0.009,0.0,0.0,0.0,0.0,0.0,0.019,0.0,0.0,0.0,0.0,0.0,0.0,0.028,0.009,0.0,0.009,0.0,0.0,0.0,0.0,0.0,0.0,0.0,0.0,0.0,0.009,0.0,0.0,0.009,0.0,0.0,0.0,0.009,0.019,0.0,0.0,0.0,0.009,0.019,0.0,0.0,0.0,0.009,0.009,0.0,0.0,0.009,0.0,0.009,0.009,0.0,0.0,0.0,0.0,0.0,0.0,0.0,0.0,0.0,0.009,0.0,0.009,0.009,0.0,0.0,0.0,0.0,0.009,0.0,0.0,0.0,0.0,0.0,0.019,0.0,0.009,0.0,0.0,0.0,0.009,0.019,0.0,0.0,0.009,0.019,0.019,0.0,0.0,0.009,0.0,0.0,0.019,0.009,0.0,0.0,0.0,0.0,0.0,0.009,0.0,0.019,0.009,0.009,0.0,0.009,0.0,0.019,0.0,0.009
0.0,0.009,0.009,0.0,0.009,0.009,0.019,0.0,0.0,0.019,0.0,0.0,0.0,0.0,0.0,0.0,0.0,0.0,0.0,0.009,0.019,0.0,0.009,0.0,0.009,0.0,0.009,0.0,0.0,0.0,0.0,0.0,0.0,0.0,0.0,0.0,0.019,0.0,0.0,0.0,0.0,0.0,0.0,0.0,0.0,0.0,0.0,0.009,0.0,0.0,0.0,0.0,0.0,0.0,0.009,0.009,0.0,0.0,0.019,0.009,0.0,0.0,0.0,0.0,0.0,0.0,0.009,0.0,0.0,0.009,0.0,0.0,0.0,0.0,0.0,0.009,0.0,0.009,0.019,0.0,0.0,0.0,0.009,0.009,0.0,0.0,0.0,0.0,0.0,0.019,0.0,0.0,0.0,0.0,0.009,0.009,0.0,0.0,0.0,0.009,0.0,0.0,0.019,0.009,0.019,0.0,0.009,0.0,0.0,0.0,0.0,0.0,0.009,0.0,0.0,0.0,0.0,0.009,0.0,0.019,0.0,0.009,0.0,0.009,0.0,0.0,0.009,0.019,0.019,0.019,0.0,0.0,0.0,0.009,0.0,0.0,0.0,0.0,0.0,0.0,0.0,0.009,0.009,0.0,0.0,0.009,0.0,0.009,0.0,0.0,0.009,0.0,0.0,0.0,0.019,0.0,0.0,0.009,0.0,0.019,0.037,0.0,0.0,0.0,0.0,0.0,0.0,0.009,0.0,0.009,0.009,0.0,0.0,0.0,0.009,0.009,0.0,0.0,0.0,0.0,0.009,0.0,0.0,0.0,0.0,0.009,0.019,0.0,0.0,0.009,0.009,0.0,0.0,0.009,0.0,0.0,0.0,0.0,0.0,0.0,0.0,0.0,0.0,0.0,0.0,0.0,0.0,0.0,0.009,0.0,0.0,0.0,0.0,0.0,0.0,0.019,0.0,0.009,0.0,0.0,0.009,0.019,0.009,0.0,0.0,0.0,0.0,0.009,0.009,0.009,0.0,0.009,0.019,0.0,0.0,0.019,0.0,0.009,0.019,0.0,0.0,0.0,0.0,0.0,0.0,0.009,0.0,0.009,0.009,0.009,0.0,0.009,0.0,0.009,0.009,0.0
0.0,0.0,0.0,0.009,0.0,0.0,0.0,0.0,0.0,0.009,0.0,0.009,0.009,0.0,0.0,0.0,0.009,0.009,0.0,0.0,0.0,0.009,0.0,0.0,0.0,0.009,0.0,0.0,0.0,0.009,0.0,0.0,0.0,0.0,0.009,0.0,0.0,0.0,0.0,0.009,0.0,0.0,0.0,0.0,0.0,0.0,0.028,0.019,0.0,0.009,0.0,0.0,0.009,0.0,0.0,0.009,0.0,0.009,0.0,0.0,0.0,0.0,0.0,0.009,0.009,0.0,0.019,0.0,0.0,0.0,0.009,0.009,0.0,0.0,0.0,0.019,0.0,0.009,0.009,0.0,0.009,0.0,0.0,0.009,0.009,0.009,0.0,0.0,0.0,0.0,0.0,0.009,0.009,0.0,0.0,0.0,0.0,0.0,0.0,0.0,0.0,0.0,0.0,0.009,0.0,0.0,0.0,0.0,0.0,0.0,0.009,0.0,0.0,0.0,0.0,0.009,0.009,0.009,0.0,0.009,0.009,0.009,0.009,0.009,0.0,0.0,0.0,0.0,0.0,0.0,0.0,0.0,0.019,0.0,0.0,0.0,0.0,0.0,0.0,0.019,0.0,0.0,0.0,0.0,0.0,0.0,0.009,0.0,0.009,0.0,0.0,0.009,0.0,0.0,0.0,0.0,0.0,0.019,0.009,0.0,0.0,0.009,0.0,0.0,0.0,0.009,0.0,0.009,0.0,0.0,0.0,0.0,0.009,0.0,0.0,0.0,0.0,0.0,0.009,0.009,0.028,0.0,0.0,0.0,0.0,0.0,0.019,0.047,0.0,0.0,0.009,0.009,0.0,0.0,0.0,0.0,0.0,0.009,0.0,0.0,0.009,0.0,0.0,0.0,0.0,0.009,0.0,0.009,0.009,0.009,0.019,0.009,0.0,0.0,0.009,0.0,0.0,0.0,0.0,0.0,0.0,0.0,0.028,0.0,0.0,0.009,0.009,0.0,0.009,0.009,0.0,0.0,0.009,0.019,0.0,0.009,0.009,0.028,0.028,0.0,0.0,0.0,0.0,0.0,0.0,0.0,0.0,0.0,0.009,0.0,0.009,0.009,0.0,0.0,0.019,0.0
0.0,0.0,0.0,0.0,0.011,0.0,0.011,0.0,0.011,0.0,0.0,0.0,0.011,0.0,0.0,0.0,0.011,0.0,0.021,0.0,0.0,0.0,0.0,0.0,0.0,0.011,0.0,0.0,0.0,0.011,0.0,0.0,0.0,0.0,0.011,0.0,0.011,0.0,0.0,0.011,0.0,0.011,0.011,0.0,0.0,0.0,0.032,0.0,0.0,0.0,0.0,0.011,0.011,0.011,0.0,0.0,0.0,0.0,0.0,0.0,0.0,0.0,0.0,0.011,0.0,0.021,0.0,0.011,0.021,0.0,0.0,0.0,0.0,0.021,0.011,0.021,0.0,0.011,0.0,0.0,0.011,0.0,0.011,0.0,0.011,0.011,0.0,0.0,0.0,0.0,0.0,0.011,0.0,0.011,0.011,0.0,0.0,0.0,0.0,0.0,0.0,0.0,0.0,0.011,0.0,0.0,0.0,0.0,0.0,0.011,0.0,0.0,0.0,0.0,0.0,0.0,0.0,0.021,0.0,0.0,0.011,0.021,0.011,0.0,0.0,0.0,0.0,0.0,0.0,0.0,0.011,0.0,0.0,0.0,0.0,0.011,0.0,0.0,0.011,0.011,0.0,0.0,0.0,0.011,0.0,0.021,0.011,0.011,0.011,0.0,0.011,0.0,0.0,0.0,0.0,0.0,0.0,0.0,0.032,0.0,0.0,0.0,0.0,0.0,0.011,0.011,0.0,0.0,0.0,0.011,0.0,0.011,0.0,0.0,0.021,0.0,0.0,0.0,0.0,0.0,0.0,0.011,0.0,0.0,0.021,0.021,0.011,0.0,0.0,0.0,0.011,0.0,0.0,0.0,0.0,0.0,0.0,0.0,0.0,0.0,0.0,0.0,0.0,0.0,0.0,0.011,0.0,0.0,0.0,0.0,0.011,0.0,0.011,0.011,0.0,0.021,0.0,0.0,0.0,0.0,0.0,0.0,0.0,0.0,0.011,0.011,0.011,0.011,0.021,0.011,0.0,0.011,0.0,0.0,0.011,0.011,0.0,0.0,0.0,0.011,0.0,0.0,0.0,0.0,0.0,0.0,0.0,0.0,0.011,0.0,0.0,0.011,0.0,0.0,0.011,0.011
0.0,0.014,0.0,0.0,0.0,0.014,0.014,0.0,0.0,0.0,0.0,0.0,0.0,0.0,0.029,0.0,0.0,0.0,0.0,0.0,0.014,0.0,0.014,0.0,0.0,0.0,0.014,0.0,0.0,0.0,0.014,0.0,0.0,0.0,0.0,0.0,0.0,0.0,0.0,0.0,0.014,0.0,0.0,0.0,0.014,0.0,0.0,0.014,0.0,0.0,0.0,0.0,0.0,0.0,0.0,0.0,0.0,0.0,0.029,0.0,0.014,0.0,0.0,0.0,0.0,0.0,0.0,0.0,0.014,0.0,0.0,0.0,0.0,0.0,0.0,0.0,0.0,0.0,0.0,0.014,0.0,0.014,0.0,0.014,0.014,0.0,0.0,0.0,0.0,0.0,0.0,0.014,0.0,0.0,0.0,0.0,0.0,0.0,0.014,0.0,0.0,0.0,0.0,0.0,0.0,0.0,0.0,0.014,0.0,0.0,0.0,0.014,0.0,0.0,0.0,0.0,0.0,0.014,0.0,0.014,0.014,0.014,0.0,0.0,0.0,0.0,0.029,0.0,0.014,0.0,0.0,0.014,0.0,0.0,0.0,0.0,0.0,0.0,0.014,0.014,0.0,0.0,0.0,0.0,0.0,0.0,0.0,0.0,0.0,0.0,0.0,0.0,0.014,0.0,0.0,0.0,0.0,0.014,0.014,0.0,0.029,0.0,0.0,0.0,0.0,0.0,0.014,0.0,0.014,0.0,0.0,0.0,0.014,0.0,0.0,0.014,0.029,0.0,0.0,0.0,0.0,0.0,0.0,0.0,0.0,0.0,0.0,0.0,0.014,0.014,0.0,0.014,0.0,0.014,0.0,0.014,0.0,0.014,0.0,0.014,0.0,0.0,0.0,0.014,0.0,0.0,0.0,0.0,0.0,0.0,0.0,0.0,0.0,0.014,0.0,0.0,0.0,0.0,0.0,0.0,0.0,0.014,0.0,0.014,0.0,0.0,0.014,0.0,0.0,0.0,0.0,0.029,0.0,0.014,0.014,0.014,0.0,0.0,0.0,0.0,0.0,0.029,0.014,0.0,0.0,0.0,0.0,0.014,0.0,0.014,0.014,0.0,0.014,0.0,0.0,0.0
0.0,0.014,0.0,0.0,0.0,0.014,0.014,0.014,0.014,0.0,0.0,0.0,0.0,0.0,0.014,0.0,0.0,0.0,0.0,0.0,0.014,0.0,0.014,0.0,0.0,0.0,0.014,0.0,0.014,0.014,0.0,0.0,0.014,0.0,0.014,0.0,0.029,0.0,0.0,0.0,0.0,0.0,0.0,0.0,0.014,0.0,0.0,0.0,0.0,0.0,0.0,0.0,0.0,0.0,0.0,0.0,0.0,0.0,0.014,0.0,0.014,0.014,0.0,0.0,0.0,0.0,0.029,0.0,0.0,0.0,0.0,0.0,0.0,0.014,0.0,0.014,0.0,0.0,0.0,0.029,0.014,0.0,0.0,0.029,0.014,0.0,0.0,0.0,0.0,0.0,0.0,0.014,0.0,0.014,0.0,0.0,0.0,0.0,0.0,0.0,0.0,0.014,0.0,0.0,0.0,0.0,0.0,0.014,0.0,0.0,0.0,0.014,0.014,0.0,0.0,0.0,0.014,0.0,0.014,0.0,0.0,0.0,0.0,0.0,0.0,0.0,0.0,0.0,0.0,0.014,0.0,0.0,0.0,0.0,0.0,0.0,0.014,0.014,0.0,0.0,0.0,0.0,0.0,0.0,0.014,0.0,0.014,0.0,0.014,0.0,0.0,0.0,0.0,0.0,0.0,0.0,0.0,0.0,0.0,0.0,0.0,0.0,0.014,0.0,0.0,0.0,0.0,0.0,0.014,0.0,0.0,0.0,0.014,0.0,0.0,0.014,0.029,0.0,0.0,0.0,0.0,0.0,0.0,0.0,0.0,0.0,0.014,0.0,0.014,0.0,0.0,0.014,0.014,0.014,0.0,0.014,0.0,0.014,0.0,0.014,0.0,0.0,0.0,0.0,0.0,0.0,0.0,0.0,0.0,0.0,0.014,0.0,0.0,0.014,0.0,0.014,0.0,0.014,0.0,0.0,0.0,0.0,0.0,0.0,0.0,0.0,0.0,0.0,0.0,0.0,0.0,0.0,0.0,0.0,0.014,0.014,0.0,0.0,0.014,0.0,0.0,0.029,0.0,0.0,0.0,0.029,0.0,0.0,0.0,0.0,0.0,0.0,0.0,0.014,0.0,0.0
