1.4405,2.2408,1.4405,1.7606,1.2805,1.7606,1.1204,1.1204,2.2408,1.1204,0.1601,0.3201,0.3201,0,0.1601,0,0,0.4802,0,0,0,0.3201,0,0.4802,0.1601,0.3201,0.3201,0.1601,0.3201,0.1601,0.1601,0,0.3201,0,0.1601,0,0,0.4802,0.1601,0,0,0.3201,0.1601,0.1601,0,0,0.3201,0,0.3201,0.4802,0.8003,0,0.1601,0.1601,0,0,0,0,0.1601,0,0,0.3201,0,0.3201,0.1601,0.1601,0,0,0.4802,0.3201,0,0.1601,0,0.3201,0,0.4802,0,0,0.1601,0,0,0,0.3201,0,0.4802,0.1601,0.1601,0,0,0,0.1601,0.6402,0.1601,0.3201,0.1601,0.3201,0,0,0.3201,0.1601,0,0.1601,0,0,0,0.3201,0.3201,0,0.3201,0,0.104,0.1173,0.128,0.1267,0.1754,0.1886
2.5889,2.7412,1.6752,1.9797,0.3046,1.9797,0.3046,1.8275,2.7412,0.3046,0.6092,0.3046,0.4569,0,0.3046,0.1523,0,0.3046,0.1523,0.1523,0,0.4569,0.3046,0.3046,0,0.4569,0.1523,0.1523,0.9137,0,0.6092,0.3046,0.1523,0.1523,0,0,0,0.3046,0.1523,0,0.1523,0.7614,0.1523,0.3046,0,0,0,0.1523,0.4569,0,0.1523,0,0,0,0,0,0,0.1523,0,0,0.1523,0.6092,0.1523,0.3046,0,0.3046,0,0,0.3046,0.1523,0,0,0.1523,0.1523,0,0,0,0,0,0,0.4569,0.1523,0.1523,0.1523,0,0.3046,0,0.4569,0.1523,0,0.3046,0,0.1523,0.6092,0,0.7614,0.1523,0.3046,0.4569,0,0,0.1523,0,0,0,0,0,0,0.1523,0,0.1116,0.154,0.134,0.188,0.152,0.1081
0.7382,2.5098,0.7382,2.3622,0.2953,2.3622,0.4429,2.0669,2.5098,0.4429,0,0,0,0,0,0.1476,0.1476,0.1476,0.1476,0,0.1476,1.1811,0.1476,0.2953,0,0.1476,0,0.1476,0.2953,0.1476,0,0,0,0,0.1476,0.2953,0,0.1476,0.1476,0,0.2953,0.4429,0.1476,0.8858,0,0,0.1476,0.1476,0.1476,0.1476,0,0,0,0,0,0.1476,0,0.1476,0,0,0,0.4429,0.1476,0.2953,0,0.7382,0.1476,0.1476,0.2953,0.1476,0,0,0,0.1476,0,0.1476,0,0,0.1476,0,0.2953,0.1476,0.2953,0.1476,0.1476,0.1476,0,0.7382,0.1476,0,0,0.2953,0,0.4429,0,0.4429,0,0.1476,1.1811,0,0,0,0,0.1476,0,0.1476,0,0.1476,0,0,0.1181,0.1286,0.1479,0.1564,0.153,0.1483
1.6517,1.5337,1.1798,2.4776,1.5337,2.4776,0.5899,1.0618,1.5337,0.5899,0.236,0,0.236,0.236,0.3539,0.3539,0,0.236,0,0,0,0.118,0,0,0.3539,0.4719,0,0,0.4719,0.118,0.3539,0.118,0.118,0,0.118,0.118,0,0.118,0,0.118,0.3539,0.236,0.3539,0.7079,0,0.236,0,0,0.4719,0.118,0.4719,0.118,0.118,0,0.118,0.118,0.118,0.236,0.236,0,0,0.5899,0.236,0.4719,0.118,0.7079,0.118,0.118,0,0.118,0,0.118,0,0.118,0,0.118,0,0.118,0.118,0,0.236,0.118,0,0.118,0.3539,0.118,0,0.118,0,0,0,0,0.118,0.5899,0.118,0.236,0.118,0.118,0.118,0.118,0,0.118,0,0.236,0,0,0.236,0,0,0,0.1051,0.1648,0.1568,0.1487,0.1515,0.1552
1.9045,2.4486,0.9523,2.0405,1.0883,2.0405,0.8162,0.6802,2.4486,0.8162,0.2721,0.2721,0.136,0,0.4081,0.2721,0.136,0.136,0.136,0.136,0.2721,0.6802,0,0.2721,0,0.5441,0.136,0,0.5441,0,0.2721,0.2721,0.136,0,0,0,0,0.136,0.136,0,0.2721,0.4081,0,0.5441,0,0,0.136,0.136,0.5441,0,0.2721,0.136,0.136,0,0,0,0,0,0.136,0.2721,0,0.2721,0,0.5441,0,0.5441,0.136,0.136,0.2721,0.136,0.136,0.2721,0,0.136,0.2721,0,0,0,0,0,0.136,0,0.136,0.136,0,0.136,0.136,0,0,0,0.136,0,0.2721,0.2721,0.2721,0.4081,0.136,0,0.6802,0.2721,0,0.136,0.136,0.136,0.136,0.136,0,0.136,0,0,0.0961,0.1276,0.1518,0.1466,0.1643,0.1776
1.3589,2.1742,1.0871,2.9895,0.5436,2.9895,1.223,0.5436,2.1742,1.223,0.1359,0.1359,0.1359,0.1359,0.1359,0.4077,0.1359,0,0.1359,0,0.1359,0.6794,0,0.1359,0,0.5436,0,0,0.2718,0.4077,0.2718,0.1359,0,0.4077,0,0.1359,0,0.1359,0,0,0.1359,0.4077,0.4077,0.6794,0,0,0.2718,0,0.6794,0.4077,0.2718,0,0,0,0.1359,0,0.1359,0,0,0,0.4077,0.4077,0.2718,0.5436,0,0.6794,0.2718,0.1359,0,0.2718,0,0,0.1359,0.2718,0,0.4077,0,0,0.4077,0,0,0,0.1359,0,0,0,0.1359,0.1359,0,0.1359,0,0.2718,0,0.4077,0,0.5436,0,0.1359,0.6794,0,0,0,0,0.4077,0.2718,0.2718,0.2718,0,0,0,0.1343,0.1373,0.1617,0.1546,0.1427,0.1335
1.621,0.9975,1.621,3.6161,0.3741,3.6161,0.7481,0.4988,0.9975,0.7481,0.4988,0.2494,0.2494,0.1247,0.1247,0.1247,0.1247,0,0,0.1247,0.1247,0,0,0.1247,0,0.3741,0,0,0.2494,0.1247,0.1247,0,0.2494,0.4988,0,0.4988,0,0.2494,0,0,0.3741,0.2494,0.3741,1.2469,0,0.6235,0.2494,0.1247,0.3741,0,0.1247,0,0.2494,0,0,0,0,0,0,0,0.2494,0.2494,0.1247,0.7481,0.1247,1.3716,0.2494,0.1247,0.1247,0.1247,0,0.2494,0,0.1247,0,0,0.1247,0,0.2494,0,0,0,0.2494,0.1247,0,0.1247,0,0,0,0,0.1247,0,0,0.2494,0.1247,0.2494,0,0,0,0.2494,0,0,0.1247,0.2494,0,0.2494,0,0,0,0.1247,0.1277,0.1637,0.1857,0.1397,0.1103,0.1483
1.4821,1.6057,0.7411,2.4702,0.8646,2.4702,0.3705,1.4821,1.6057,0.3705,0.3705,0.1235,0.247,0.1235,0.247,0.1235,0,0.247,0,0,0,0.494,0,0,0.1235,0.9881,0,0,0,0,0,0.1235,0.247,0.1235,0,0,0,0.247,0,0,0.1235,0.1235,0,0.6176,0.1235,0.247,0.1235,0.1235,0.9881,0,0.1235,0.1235,0,0.247,0,0.1235,0,0,0.1235,0,0.3705,0.494,0,0.3705,0.1235,0.6176,0.1235,0,0,0.3705,0,0,0,0.3705,0,0,0,0,0,0,0.247,0.1235,0.1235,0,0.1235,0.1235,0.1235,0.6176,0,0,0.1235,0,0.1235,0.494,0.1235,0.1235,0,0.1235,0.494,0,0,0,0,0.1235,0,0.1235,0,0.1235,0,0,0.107,0.1321,0.1501,0.1435,0.1601,0.1837
2.3657,1.656,0.4731,1.5377,1.656,1.5377,0.5914,0.9463,1.656,0.5914,0.7097,0.1183,0,0.1183,0.7097,0.2366,0.1183,0.2366,0.1183,0,0.3549,0.3549,0,0.3549,0.1183,0.1183,0.1183,0,0.2366,0,0.1183,0,0.1183,0,0.1183,0,0,0,0,0,0.1183,0.5914,0.1183,0.2366,0,0,0,0.2366,0.1183,0.1183,0.7097,0.1183,0.1183,0,0.2366,0,0.1183,0,0.3549,0,0,0.1183,0,0.4731,0,0.2366,0.1183,0,0.3549,0.2366,0,0.2366,0,0.2366,0,0.1183,0,0,0,0,0.2366,0,0.1183,0,0.1183,0.1183,0,0.3549,0,0,0,0,0,0.1183,0.2366,0.5914,0.1183,0,0.3549,0.2366,0.1183,0.1183,0,0,0.1183,0.1183,0,0,0.1183,0,0.0799,0.1143,0.1477,0.1777,0.1875,0.1747
1.5556,3.889,0.4667,1.4,1.0889,1.4,0.9334,1.4,3.889,0.9334,0.1556,0.1556,0.1556,0,0.1556,0.4667,0,0.1556,0.3111,0,0.3111,1.5556,0,0.4667,0.1556,0.1556,0.3111,0.1556,0.6222,0.1556,0.3111,0,0,0.1556,0,0,0,0,0,0,0.1556,0.7778,0,0.1556,0,0,0,0,0.1556,0.1556,0.1556,0.3111,0,0,0.1556,0,0,0.1556,0.3111,0,0,0.1556,0.1556,0,0,0,0.1556,0.4667,0.4667,0,0,0.3111,0.1556,0,0,0.1556,0.1556,0,0.1556,0,0,0.1556,0,0.3111,0.3111,0,0.1556,0.1556,0.1556,0.1556,0.3111,0.3111,0,0.1556,0.3111,0.6222,0.1556,0.1556,1.4,0.3111,0,0.1556,0,0.1556,0,0,0,0.1556,0.3111,0.1556,0.1279,0.146,0.125,0.1286,0.1472,0.1698
1.9437,1.9437,0.7775,1.8141,1.1662,1.8141,0.9071,1.0367,1.9437,0.9071,0.7775,0.1296,0.1296,0.1296,0.2592,0.1296,0.1296,0,0.1296,0.1296,0.1296,0.2592,0,0.3887,0,0.7775,0.1296,0.1296,0,0.1296,0.1296,0,0.1296,0,0,0,0,0.2592,0.1296,0.1296,0,0.3887,0.1296,0.2592,0.1296,0,0,0,0.7775,0.1296,0.2592,0,0,0,0.2592,0.1296,0.1296,0.2592,0,0,0.2592,0.6479,0,0,0,0.2592,0,0.1296,0.3887,0.1296,0.1296,0.1296,0.1296,0.1296,0,0.1296,0.1296,0,0.1296,0,0,0,0.1296,0,0.5183,0.1296,0.1296,0.1296,0,0,0.1296,0,0,0.7775,0,0.2592,0.2592,0.1296,0.2592,0.1296,0.1296,0.3887,0,0.1296,0,0,0,0,0.1296,0.1296,0.0865,0.1421,0.1526,0.1418,0.1515,0.1959
1.8139,1.2093,0.7256,2.2976,0.9674,2.2976,0.7256,1.0883,1.2093,0.7256,0.2419,0,0.2419,0.2419,0.2419,0.4837,0,0.2419,0,0.1209,0,0,0,0.2419,0,0.3628,0.2419,0,0.2419,0.1209,0.3628,0,0,0,0,0.1209,0.1209,0.1209,0,0,0.3628,0.2419,0.1209,0.8465,0,0,0,0.1209,0.3628,0.2419,0.3628,0.1209,0.1209,0,0.1209,0.1209,0.1209,0,0,0,0.2419,0.2419,0.1209,0.4837,0,0.7256,0,0.1209,0.2419,0.1209,0.1209,0.1209,0,0.1209,0,0.2419,0,0,0.1209,0,0.1209,0.1209,0,0,0.3628,0,0,0.4837,0,0,0,0,0.1209,0.3628,0.1209,0.2419,0.2419,0,0,0.1209,0,0.3628,0,0,0,0,0,0,0.2419,0,0.1035,0.1465,0.1672,0.1474,0.1446,0.1698
2.3259,3.7214,1.5506,2.3259,0.7753,2.3259,0.6202,1.7056,3.7214,0.6202,0.6202,0.1551,0.3101,0,0.6202,0.1551,0,0.3101,0.1551,0,0,0.4652,0.1551,0.4652,0,0.1551,0.1551,0,2.1708,0.1551,0.4652,0.1551,0.4652,0,0,0,0,0.4652,0,0,0.3101,1.2405,0.1551,0,0,0,0.1551,0,0.1551,0.3101,0.1551,0,0,0,0,0.1551,0,0.4652,0,0,0,0.4652,0.1551,0.9303,0,0,0,0,0.4652,0.1551,0,0,0,0.1551,0,0.3101,0,0,0.1551,0,0.4652,0,0.3101,0.1551,0.1551,0,0.1551,0.4652,0,0,0.3101,0.9303,0,0.6202,0,1.3955,0.1551,0,0.3101,0,0,0.3101,0,0,0,0.1551,0,0,0.1551,0,0.0783,0.1131,0.1411,0.1684,0.1708,0.1733
3.1629,3.321,1.7396,1.5814,0.7907,1.5814,0.9489,2.0559,3.321,0.9489,0.6326,0.1581,0.9489,0.1581,0.1581,0,0,0.7907,0.3163,0,0.1581,0.4744,0.3163,0.6326,0,0.1581,0,0.4744,0.6326,0.4744,0.9489,0.1581,0,0,0.1581,0,0.1581,0.1581,0.1581,0,0,1.4233,0,0,0,0,0,0,0.1581,0,0.3163,0,0.1581,0,0.1581,0,0,0.1581,0,0,0.1581,0.1581,0,0.3163,0,0,0,0,0.6326,0.3163,0,0.1581,0,0.3163,0,0,0,0,0.4744,0,0.7907,0,0,0,0.1581,0,0.1581,0.3163,0.4744,0,0.1581,0.1581,0,0.1581,0.1581,1.4233,0.6326,0.1581,0.3163,0.1581,0,0.6326,0.1581,0,0,0,0,0,0.1581,0,0.0788,0.1161,0.1508,0.177,0.164,0.1552
1.3753,4.126,1.5473,2.7507,0.8596,2.7507,0.5158,2.2349,4.126,0.5158,0,0.1719,0,0.1719,0.1719,0,0,0.8596,0,0,0,0,0.3438,1.5473,0,0,0,0.3438,1.5473,0.3438,0.1719,0.1719,0.3438,0.1719,0.1719,0,0,0.3438,0,0,0,2.063,0.1719,0,0,0.1719,0,0.3438,0,0,0.3438,0,0.1719,0,0.3438,0,0,0,0,0,0,0,0.1719,0.6877,0,0,0,0.1719,1.5473,0.1719,0,0,0,0.1719,0,0,0,0,0.3438,0,0.5158,0,0.1719,0,0.1719,0.5158,0.1719,0.1719,0.5158,0,0.3438,1.3753,0,0,0,2.063,0.3438,0,0,0,0,0.3438,0,0,0,0,0,0,0.1719,0,0.1112,0.1179,0.1486,0.117,0.1624,0.171
3.7253,5.7949,1.6557,2.0696,0.4139,2.0696,0.4139,2.8975,5.7949,0.4139,0.8278,0.207,0.207,0,0.207,0,0.207,1.2418,0.6209,0,0,1.2418,0.6209,2.0696,0,0.207,0,0.207,1.2418,0.207,0.6209,0.207,0.4139,0,0.207,0,0,0.207,0,0,0,1.8627,0,0,0,0,0,0,0.207,0,0.207,0,0,0,0,0,0,0.207,0,0,0,0,0,0,0,0,0,0,2.0696,0,0,0.207,0,0,0,0,0,0,0.207,0,1.6557,0,0.207,0,0,0,0,0.6209,0.4139,0,0.4139,1.6557,0.207,0,0,1.8627,0.207,0.207,1.0348,0.207,0,0.4139,0,0,0,0,0,0,0,0,0.0739,0.1159,0.144,0.1508,0.1528,0.1556
1.4229,1.0164,1.118,2.6426,0.8131,2.6426,0.2033,1.118,1.0164,0.2033,0.2033,0.2033,0.2033,0.1016,0.3049,0.3049,0,0.1016,0,0,0.1016,0,0,0.4065,0,0.4065,0,0.1016,0,0,0.2033,0,0.2033,0.3049,0,0,0,0.3049,0.1016,0,0.2033,0.5082,0.4065,0.5082,0.2033,0,0,0.2033,0.5082,0.1016,0.2033,0,0.2033,0,0,0.1016,0,0.2033,0,0,0.2033,0.3049,0.1016,0.6098,0.2033,0.5082,0.1016,0.1016,0.4065,0.1016,0,0,0,0.1016,0,0.1016,0,0,0,0,0.1016,0,0,0.1016,0.1016,0.6098,0.1016,0.1016,0,0,0.1016,0,0,0.4065,0,0.5082,0,0,0,0,0,0,0,0.1016,0,0.1016,0,0,0,0,0.125,0.1512,0.1407,0.1654,0.1672,0.1487
0.7904,3.9519,0,1.1856,2.7663,1.1856,3.7543,2.7663,3.9519,3.7543,0,0.1976,0,0,0.1976,0,0.1976,0.1976,0,0,0,0,0,0.5928,0,0,0,0,1.1856,2.1736,0,0,0,0,0,0,0,0,0,0,0,1.1856,0,0,0,0,0,0,0,0,0.5928,0,0,0,0,0,0,1.5808,0,0.5928,0,0,0,0,0,0,0,0,0.5928,0.5928,0,0,0,0.5928,0,0,0,0.5928,2.1736,0.3952,0.1976,0,0,0,1.7784,0,0.3952,0.1976,0,0,0,0.3952,0,0,0.3952,1.1856,1.976,0,0,0,0,1.976,0,0,0.3952,0,1.1856,0.1976,0,0,0.0705,0.1087,0.1654,0.1614,0.1608,0.1356
2.526,2.8067,2.105,2.6664,0.421,2.6664,0.2807,0.2807,2.8067,0.2807,0.9823,0,0.5613,0.1403,0.1403,0.421,0,0,0.2807,0,0.5613,0,0.1403,0.2807,0.2807,0.9823,0,0,0.5613,0,0.7017,0.2807,0.2807,0.2807,0,0,0,0.2807,0.2807,0,0,0.5613,0.421,0.5613,0,0,0,0,0.9823,0.1403,0,0,0.2807,0.1403,0,0,0,0,0,0,0.1403,0.421,0.1403,0.842,0,0.5613,0,0,0.5613,0,0,0.1403,0,0,0,0.1403,0,0,0,0,0,0,0.2807,0,0,0,0,0,0,0,0.1403,1.1227,0,0.421,0,0.5613,0.2807,0,0,0.1403,0,0.2807,0,0,0,0,0,0,0,0,0.1,0.1308,0.1554,0.1669,0.1489,0.1576
0.4766,4.4484,1.1121,2.3831,0.6355,2.3831,0.4766,2.3831,4.4484,0.4766,0,0,0,0.1589,0,0.1589,0,0.1589,0,0,0.1589,2.0653,0.4766,0.4766,0.1589,0.4766,0,0.3177,0.3177,0,0,0.3177,0,0.1589,0,0,0.1589,0,0.4766,0,0,1.271,0,0.3177,0,0,0,0.1589,0.4766,0,0,0,0,0,0,0,0,0.4766,0,0.1589,0.1589,0.3177,0.3177,0.3177,0,0.4766,0,0.3177,0.3177,0.1589,0,0.1589,0,0.1589,0,0,0,0,0.1589,0,0.1589,0.1589,0.1589,0.3177,0.4766,0,0.1589,0.4766,0.4766,0,0,0,0,0.3177,0,1.271,0.1589,0.3177,2.2242,0.1589,0,0.1589,0.1589,0,0,0,0,0.1589,0,0,0.1165,0.1581,0.1422,0.1477,0.1512,0.1254
1.2399,2.1079,1.2399,2.7279,0.744,2.7279,0.248,1.6119,2.1079,0.248,0.124,0,0.124,0.248,0,0.248,0,0.372,0.124,0,0.248,0,0.124,0.992,0.124,0.124,0.124,0.124,0.248,0,0.124,0,0,0.124,0.124,0.248,0,0.248,0.372,0,0.124,0.992,0.248,0.868,0.124,0,0,0.124,0.124,0.124,0.248,0,0,0,0,0.248,0,0,0.124,0,0.124,0.372,0.248,0.124,0,0.744,0,0.372,0.744,0,0,0.124,0,0,0,0.124,0,0,0,0,0.124,0,0.248,0,0.372,0.248,0,0.372,0.248,0,0.124,0.496,0.124,0.372,0,0.744,0.124,0,0,0.124,0,0.124,0,0,0,0,0,0,0.124,0,0.1256,0.1275,0.1429,0.1509,0.1573,0.1717
1.8392,1.9706,1.4451,2.2333,1.051,2.2333,0.6569,1.8392,1.9706,0.6569,0.2627,0.1314,0.5255,0.2627,0.1314,0,0.1314,0.3941,0,0,0,0.3941,0.1314,0,0.1314,0.6569,0.2627,0.1314,0.1314,0.1314,0.3941,0,0.1314,0,0,0,0,0.5255,0.2627,0.1314,0.1314,0.2627,0.2627,0.2627,0,0,0.1314,0.3941,0.6569,0.1314,0.2627,0,0.1314,0.1314,0.2627,0,0,0,0.1314,0,0.2627,0.6569,0,0.7882,0,0.3941,0,0,0,0.1314,0.1314,0.1314,0,0.1314,0,0.1314,0,0.1314,0,0,0.2627,0,0.2627,0,0.2627,0.6569,0,0.2627,0.1314,0,0,0.2627,0,0.6569,0.1314,0.2627,0.1314,0,0.3941,0.1314,0,0.1314,0,0,0.1314,0.1314,0,0,0.2627,0,0.106,0.1378,0.1358,0.1347,0.1903,0.164
0.8111,3.2444,0.3244,1.46,1.1355,1.46,2.271,3.4066,3.2444,2.271,0.1622,0,0,0,0,0,0,0.6489,0,0,0.1622,0.1622,0,0.6489,0,0.1622,0,0.3244,0.4867,1.2977,0,0,0,0,0,0,0,0.3244,0,0,0,1.1355,0,0,0.1622,0,0,0,0.1622,0,0,0,0,0,0.1622,0,0.1622,0.6489,0,0.1622,0,0,0,0,0,0,0,0.1622,0.8111,0.4867,0,0.1622,0,0.4867,0,0,0.1622,0.1622,1.2977,0,0.4867,0.1622,0.1622,0.3244,0.4867,0.1622,0.4867,0.6489,0.3244,0,0,0.3244,0,0,0,1.1355,1.2977,0.1622,0.1622,0.1622,0,1.2977,0.1622,0,0.3244,0,0.1622,0.1622,0,0.1622,0.0898,0.1178,0.1375,0.1597,0.1773,0.1557
2.2172,1.1086,0.5543,2.1063,0.6651,2.1063,0.3326,0.3326,1.1086,0.3326,0.4434,0,0.2217,0.1109,0.5543,0.5543,0.1109,0,0.2217,0,0.2217,0.1109,0,0.2217,0,0.5543,0,0,0,0,0.3326,0,0,0.1109,0,0,0,0.1109,0,0,0.4434,0.4434,0.1109,0.3326,0.1109,0,0,0,0.5543,0.1109,0.4434,0,0,0,0,0.1109,0,0,0,0,0.1109,0.5543,0.1109,0.4434,0,0.3326,0.1109,0,0.2217,0.2217,0,0,0,0.2217,0,0.1109,0,0,0,0,0.2217,0,0.1109,0,0,0,0,0,0,0,0,0,0,0.5543,0,0.4434,0,0,0.1109,0,0,0,0,0.1109,0,0,0.1109,0.1109,0,0,0.1033,0.1358,0.1722,0.1656,0.144,0.1682
1.9582,2.1089,0.6025,1.2051,0.7532,1.2051,0.3013,1.9582,2.1089,0.3013,0.4519,0,0.3013,0,0.1506,0,0,0.6025,0.3013,0.1506,0.3013,0.4519,0,0.4519,0,0.4519,0.1506,0,0.3013,0,0.1506,0.1506,0,0,0,0,0,0.3013,0,0,0,0.4519,0,0.1506,0,0,0,0,0.4519,0.1506,0.1506,0.1506,0.1506,0,0.1506,0,0,0.1506,0,0,0,0.3013,0,0,0,0.1506,0.1506,0.1506,0.4519,0,0,0,0,0,0.1506,0.1506,0,0,0,0,0.7532,0.3013,0.1506,0,0.1506,0,0,0.4519,0,0,0.1506,0.3013,0,0.4519,0,0.4519,0,0.3013,0.4519,0,0,0,0,0.1506,0,0,0,0,0.1506,0,0.0705,0.1131,0.1416,0.1586,0.1746,0.1909
1.468,2.3244,0.8563,2.4467,0.6117,2.4467,0.367,1.3457,2.3244,0.367,0.367,0.1223,0.1223,0,0.1223,0.2447,0,0.2447,0.1223,0,0.2447,0.734,0,0,0.1223,0.6117,0,0.1223,0.4893,0,0.1223,0.1223,0.1223,0.1223,0,0.1223,0,0.1223,0.1223,0,0.2447,0.4893,0,0.367,0,0,0.1223,0.367,0.734,0.1223,0.1223,0,0.1223,0.367,0,0,0,0,0,0,0.2447,0.367,0.1223,0.9787,0.2447,0.2447,0,0.2447,0,0,0,0.1223,0,0,0,0.1223,0,0,0.1223,0,0,0,0.2447,0.1223,0.1223,0.4893,0,0.2447,0,0.1223,0.1223,0,0.1223,0.4893,0,0.4893,0.2447,0,0.734,0.1223,0,0.2447,0,0,0,0.1223,0,0,0,0,0.1269,0.1485,0.135,0.1591,0.1661,0.142
2.6134,1.9257,2.3383,2.4758,0.8253,2.4758,0.5502,2.7509,1.9257,0.5502,0.6877,0.2751,0.2751,0.4126,0.2751,0,0,0.4126,0.1375,0,0.1375,0.2751,0.1375,0.4126,0,0.4126,0.2751,0,0.2751,0,0.6877,0.2751,0.4126,0,0,0.1375,0,0.6877,0.1375,0,0.1375,0.6877,0.1375,0.4126,0,0.2751,0,0,0.4126,0.4126,0.2751,0,0.1375,0,0.1375,0,0.1375,0.1375,0,0,0,0.2751,0.4126,0.5502,0.1375,0.4126,0.1375,0,0.4126,0.1375,0,0,0,0.1375,0,0.4126,0,0,0,0,0.4126,0.1375,0.5502,0,0.1375,0.1375,0,1.3755,0,0,0.1375,0,0.2751,0.4126,0,0.6877,0,0.1375,0.2751,0,0,0,0,0.1375,0.1375,0,0,0,0.2751,0,0.0927,0.1192,0.1428,0.1464,0.1825,0.1788
2.2892,2.8996,0.9157,3.3574,2.2892,3.3574,0.6104,1.0683,2.8996,0.6104,0.6104,0,0,0.1526,0.7631,0,0.1526,0.3052,0.3052,0,0,0.9157,0.3052,0.3052,0.1526,0.4578,0.3052,0,0.3052,0.1526,0.1526,0,0.1526,0,0,0.3052,0,0.3052,0,0,0.6104,0.7631,0,0.9157,0,0,0.1526,0.1526,0.4578,0.3052,0.4578,0.1526,0.3052,0,0.7631,0.1526,0,0.3052,0,0,0,0.6104,0.1526,1.2209,0,0.9157,0,0,0.3052,0.1526,0,0,0,0.1526,0,0.3052,0,0,0.1526,0,0.4578,0.1526,0,0,0.3052,0.1526,0,0,0,0,0,0.3052,0,0.6104,0.1526,0.7631,0,0,1.0683,0,0,0,0,0,0.1526,0.1526,0,0,0.3052,0,0.092,0.1454,0.1371,0.1405,0.1612,0.1711
1.3232,2.3524,1.9113,3.0875,1.7643,3.0875,0.5881,2.3524,2.3524,0.5881,0.147,0,0.147,0,0.294,0.4411,0.147,0.147,0,0,0,0.294,0,0.4411,0,0.4411,0.294,0.294,0.5881,0,0.294,0,0.7351,0,0.294,0,0,0.294,0.147,0,0.294,0.5881,0.147,0.4411,0.4411,0.5881,0,0.147,0.4411,0,0.147,0,0.294,0.147,0.147,0.4411,0,0.4411,0,0.147,0.147,0.5881,0,1.1762,0,0.294,0,0.147,0.4411,0.294,0,0.147,0,0.294,0.147,0,0,0,0,0,0.294,0,0.294,0,0.4411,0.294,0,0.8821,0.147,0,0,0.5881,0,0.5881,0,0.5881,0.147,0,0.294,0.147,0,0.147,0.147,0,0,0,0,0,0.294,0,0.105,0.1176,0.1286,0.1829,0.1621,0.1568
1.2491,2.4982,1.9431,1.5267,0.5552,1.5267,0.694,1.6655,2.4982,0.694,0.1388,0,0.4164,0,0.1388,0,0,0.5552,0,0,0.2776,0.2776,0.2776,0.2776,0,0.4164,0.1388,0.2776,0.2776,0.2776,0.2776,0.2776,0.1388,0.1388,0,0,0,0.2776,0.694,0,0,0.5552,0.2776,0.1388,0,0,0,0,0.4164,0.1388,0,0.1388,0.2776,0,0,0,0,0,0.1388,0,0,0.4164,0.1388,0.2776,0,0.1388,0.1388,0.1388,0.2776,0,0,0.1388,0,0,0,0.1388,0.1388,0,0.2776,0,0.2776,0.2776,0.1388,0.1388,0.4164,0.2776,0,0.1388,0,0,0.2776,0,0.2776,0.4164,0,0.5552,0.2776,0.2776,0.2776,0.1388,0,0.2776,0,0.1388,0,0,0,0,0.1388,0.1388,0.1131,0.1422,0.1319,0.1515,0.178,0.1446
1.1293,1.581,2.0328,2.4845,0.4517,2.4845,0.5647,1.3552,1.581,0.5647,0.4517,0.1129,0.2259,0,0,0.1129,0,0,0.2259,0,0,0.3388,0.2259,0.3388,0,0.4517,0,0,0.2259,0,0.2259,0.1129,0.5647,0,0.1129,0.1129,0,0.9035,0,0,0.2259,0.2259,0.2259,0.5647,0,0,0.1129,0.4517,0.4517,0.2259,0,0,0.1129,0.1129,0.1129,0,0,0,0,0,0,0.5647,0.1129,0.6776,0,0.5647,0,0,0.2259,0.3388,0,0,0,0.3388,0,0.2259,0,0,0,0,0.2259,0,0.4517,0,0,0.5647,0,0,0.1129,0,0,0,0.1129,0.4517,0.2259,0.2259,0.2259,0,0.3388,0,0,0.2259,0,0,0,0.1129,0.2259,0,0,0,0.0979,0.1253,0.1554,0.1666,0.1762,0.1656
0.9884,2.4709,0.8648,2.1003,0.6177,2.1003,0.8648,2.8416,2.4709,0.8648,0,0.2471,0,0,0.1235,0,0.1235,0.3706,0,0,0,0.3706,0,0.1235,0,0.9884,0.3706,0.2471,0.2471,0.1235,0.1235,0.2471,0.2471,0.1235,0,0,0,0.1235,0,0,0,0.3706,0,0.3706,0,0,0,0.3706,0.9884,0,0.1235,0.1235,0,0,0,0,0,0.3706,0,0,0,0.3706,0,0.4942,0,0.4942,0,0.1235,0.1235,0.4942,0,0.2471,0,0.4942,0,0,0,0,0.1235,0,0.4942,0.1235,0.4942,0.1235,0.1235,0.1235,0.3706,0.7413,0.2471,0,0.1235,0.2471,0,0.3706,0.3706,0.3706,0,0.2471,0.4942,0.2471,0.1235,0,0.1235,0,0,0.1235,0,0.2471,0.2471,0,0.0806,0.1379,0.1622,0.163,0.1639,0.1688
3.9035,0.7555,0.7555,2.7702,1.3851,2.7702,1.0073,0.3778,0.7555,1.0073,2.0147,0,0.2518,0.3778,0.3778,0.1259,0,0.3778,0,0.2518,0.1259,0,0,0.1259,0.1259,0.2518,0,0,0,0.1259,0.3778,0,0,0.1259,0,0,0.1259,0,0,0.1259,0.1259,0.5037,0,1.0073,0,0.2518,0.3778,0,0.2518,0.2518,0.3778,0,0.1259,0.2518,0.2518,0.1259,0,0,0.2518,0,0.2518,0.1259,0.2518,0.1259,0.3778,0.8814,0.3778,0,0.1259,0.2518,0.2518,0,0,0.2518,0.1259,0.2518,0,0,0.1259,0,0.1259,0,0.1259,0.1259,0,0,0,0,0,0,0,0,0,0.1259,0,0.5037,0.1259,0,0,0,0.1259,0.1259,0,0.2518,0.1259,0.3778,0,0,0,0,0.1131,0.139,0.1494,0.1634,0.1468,0.1623
2.7395,1.7866,1.4293,2.0249,0.9529,2.0249,0.3573,1.9058,1.7866,0.3573,0.8338,0.3573,0.1191,0.2382,0.2382,0.3573,0,0.5955,0,0,0.2382,0.1191,0,0.2382,0,0.7147,0.1191,0,0.2382,0.1191,0.1191,0.1191,0.3573,0.2382,0.1191,0,0,0.4764,0,0,0.2382,0.1191,0.3573,0.4764,0,0,0,0.1191,0.7147,0,0.3573,0.1191,0.1191,0,0.1191,0.1191,0,0,0.1191,0,0.2382,0.3573,0.1191,0.3573,0,0.4764,0,0.2382,0.2382,0,0,0.2382,0,0,0,0,0,0,0.1191,0,0.4764,0.1191,0.2382,0.1191,0.2382,0.2382,0,0.3573,0,0,0.2382,0,0,0.3573,0.2382,0.1191,0.2382,0.1191,0.2382,0.2382,0,0.2382,0,0,0,0,0,0,0.1191,0,0.1079,0.1351,0.1603,0.1494,0.1814,0.1468
2.6008,1.4088,1.0837,1.8422,0.7586,1.8422,0.4335,0.8669,1.4088,0.4335,1.3004,0.3251,0.2167,0,0.1084,0.1084,0.1084,0.1084,0.1084,0.2167,0.4335,0.1084,0,0.4335,0,0.2167,0.1084,0,0,0.1084,0.2167,0,0.2167,0.3251,0,0.1084,0,0,0.2167,0,0,0.5418,0.2167,0.1084,0,0.3251,0.1084,0.2167,0.2167,0.1084,0.2167,0.1084,0.1084,0.1084,0,0,0,0.1084,0.1084,0,0.4335,0.3251,0,0.4335,0,0.1084,0.1084,0,0.4335,0,0,0,0,0,0.2167,0.1084,0,0,0.1084,0,0,0,0,0,0.2167,0.2167,0,0.3251,0,0,0,0,0.2167,0.3251,0.2167,0.5418,0,0,0.1084,0,0,0,0.1084,0.1084,0,0.1084,0,0,0.1084,0,0.1009,0.1681,0.1711,0.1795,0.1494,0.1226
1.6229,3.2458,0.5902,1.6229,1.0328,1.6229,0.8852,1.3278,3.2458,0.8852,0.2951,0.1475,0.2951,0,0,0.4426,0.1475,0.1475,0.1475,0,0.1475,0.7377,0,0.2951,0.1475,0.4426,0,0.2951,0.8852,0.2951,0.1475,0,0.1475,0,0,0,0,0.1475,0.1475,0,0.4426,0.4426,0.1475,0.1475,0,0,0,0,0.2951,0.1475,0.2951,0.1475,0,0,0,0,0,0.1475,0.1475,0.1475,0,0.4426,0,0,0.1475,0.1475,0.1475,0.1475,0.2951,0.2951,0,0,0,0.2951,0.1475,0.1475,0,0,0.2951,0,0,0.4426,0,0.1475,0.2951,0.1475,0,0,0.2951,0,0.2951,0.2951,0,0.5902,0.1475,0.2951,0.5902,0.2951,0.7377,0,0,0.5902,0,0.1475,0.1475,0,0,0,0,0,0.1333,0.1125,0.147,0.1439,0.1725,0.1432
0.8311,0.935,0.935,2.4932,0.7272,2.4932,0.6233,1.766,0.935,0.6233,0.1039,0,0,0,0.1039,0.4155,0,0.2078,0,0,0.1039,0.1039,0,0.1039,0,0.3117,0.1039,0.2078,0,0,0.3117,0,0.1039,0,0,0.1039,0,0.3117,0.1039,0,0.3117,0.2078,0.3117,0.4155,0.2078,0.2078,0.1039,0.5194,0.2078,0,0,0,0.1039,0.2078,0,0.2078,0,0.2078,0,0,0,0.5194,0,0.6233,0.2078,0.4155,0.2078,0.1039,0.1039,0.3117,0,0.1039,0.1039,0.2078,0.1039,0,0.1039,0,0,0,0,0,0.2078,0.2078,0.1039,0.5194,0.1039,0.2078,0.3117,0,0,0,0,0.5194,0,0.2078,0,0,0.1039,0.1039,0,0,0,0.2078,0,0.1039,0,0,0.1039,0.2078,0.1366,0.1257,0.1587,0.1391,0.1844,0.1515
2.1096,2.637,1.1867,1.5822,1.0548,1.5822,1.0548,1.0548,2.637,1.0548,0.5274,0.1319,0.1319,0.2637,0.1319,0.2637,0.1319,0.5274,0,0,0,0.6593,0,0.2637,0.1319,0.2637,0.2637,0,0.5274,0.5274,0.2637,0.1319,0.2637,0,0,0,0,0.2637,0.1319,0,0.2637,0.5274,0,0.2637,0,0,0,0,0.2637,0.2637,0.3956,0.2637,0,0.1319,0,0.1319,0,0,0.1319,0,0.1319,0.2637,0.1319,0.2637,0.2637,0.1319,0.1319,0,0.2637,0,0,0.1319,0.1319,0,0,0.2637,0,0,0.5274,0,0.2637,0,0.2637,0,0.2637,0,0.1319,0,0,0.1319,0.2637,0.2637,0.1319,0.2637,0.1319,0.5274,0.3956,0,0.5274,0.1319,0,0.2637,0.1319,0.1319,0.1319,0,0,0.1319,0.2637,0,0.0976,0.1401,0.1332,0.1632,0.1782,0.1559
2.0541,1.6916,1.2083,2.0541,0.8458,2.0541,1.0875,1.3291,1.6916,1.0875,0.4833,0,0,0.3625,0.2417,0.3625,0.1208,0.2417,0.1208,0,0.1208,0,0,0.1208,0,0.4833,0.3625,0.2417,0.2417,0.1208,0.6041,0,0.1208,0,0,0,0,0.1208,0.2417,0.1208,0.2417,0.4833,0.1208,0.2417,0,0,0.2417,0.2417,0.3625,0.1208,0.2417,0.1208,0.1208,0,0.2417,0,0,0.1208,0,0,0.1208,0.4833,0.2417,0.2417,0,0.2417,0.2417,0.1208,0.1208,0.2417,0.1208,0.4833,0,0.2417,0,0.1208,0,0,0.1208,0,0,0,0.3625,0.1208,0.2417,0.2417,0,0.2417,0.1208,0,0,0,0,0.4833,0.1208,0.4833,0.1208,0,0,0.4833,0.1208,0.1208,0.1208,0.2417,0,0.1208,0,0,0.3625,0,0.1162,0.1383,0.1672,0.1606,0.1377,0.1592
1.5223,2.0297,0.888,2.1566,0.7611,2.1566,1.1417,2.4103,2.0297,1.1417,0.3806,0,0.2537,0.2537,0.2537,0,0.1269,0.1269,0.1269,0,0,0.5074,0,0.3806,0.2537,0.6343,0.1269,0,0,0.1269,0.2537,0.1269,0.1269,0,0,0,0,0.2537,0,0,0.1269,0.5074,0.1269,0.1269,0,0,0,0.5074,0.6343,0.1269,0,0,0,0,0,0,0.1269,0.2537,0.2537,0.1269,0.1269,0.2537,0.1269,0.2537,0,0.2537,0.1269,0.2537,0.3806,0.3806,0,0.1269,0,0.3806,0.1269,0.1269,0.1269,0.1269,0.1269,0,0.2537,0,0.2537,0.2537,0,0.5074,0.2537,0.7611,0,0.1269,0.1269,0.2537,0,0.2537,0,0.5074,0.2537,0,0.5074,0.1269,0.2537,0.2537,0,0.2537,0.1269,0,0,0.1269,0,0.1269,0.1131,0.1575,0.1453,0.1621,0.1625,0.1327
1.7631,1.9982,0.2351,2.2333,1.6456,2.2333,0.4702,1.0579,1.9982,0.4702,0.5877,0.1175,0.1175,0,0.4702,0.1175,0.1175,0.1175,0,0,0,0.3526,0,0.7053,0,0.5877,0,0.1175,0.2351,0,0.2351,0,0,0,0,0,0,0,0,0,0,0.5877,0,0.5877,0.1175,0,0.1175,0.1175,0.5877,0.1175,0.1175,0.1175,0,0.2351,0.5877,0.1175,0.1175,0.2351,0.1175,0,0.3526,0.1175,0,0.2351,0,0.5877,0.1175,0,0.7053,0.1175,0,0.1175,0,0.1175,0,0.1175,0,0.1175,0,0,0.2351,0.1175,0,0.1175,0.1175,0.1175,0,0.2351,0,0.1175,0.2351,0.4702,0,0.1175,0.1175,0.4702,0,0.1175,0.3526,0.1175,0,0,0.1175,0.1175,0.1175,0.1175,0,0,0,0,0.0822,0.1407,0.1656,0.1828,0.1558,0.1555
0.7949,1.817,0.5678,2.1577,0.9085,2.1577,0.6814,1.5899,1.817,0.6814,0.1136,0.1136,0,0.1136,0.1136,0,0,0.2271,0,0.1136,0.2271,0.1136,0,0.3407,0.1136,0.5678,0.2271,0,0.2271,0,0,0.1136,0.2271,0,0,0,0,0.2271,0,0,0.1136,0.3407,0.1136,0.5678,0,0,0,0.2271,0.6814,0.1136,0.1136,0.2271,0,0,0,0,0.1136,0.2271,0.1136,0,0.1136,0.5678,0,0.3407,0.1136,0.5678,0,0.1136,0.3407,0,0,0.3407,0,0,0,0.2271,0.1136,0,0,0,0,0,0.2271,0.2271,0.3407,0.4543,0.2271,0.1136,0,0,0.1136,0,0,0.5678,0.1136,0.3407,0,0.1136,0.2271,0.3407,0,0,0,0,0.1136,0,0,0.2271,0.2271,0.1136,0.0916,0.1299,0.1584,0.1752,0.1694,0.1619
1.8842,2.4226,0.1346,1.7496,1.7496,1.7496,1.0767,0.9421,2.4226,1.0767,0.5384,0.1346,0,0,0.5384,0.1346,0,0.2692,0.2692,0,0.1346,0.1346,0,0.4038,0.4038,0.4038,0.5384,0,0.2692,0.1346,0,0,0,0,0,0,0,0.1346,0,0,0,0.4038,0.1346,0.5384,0,0,0.1346,0,0.4038,0.1346,0.4038,0.2692,0,0.2692,0,0,0,0,0.4038,0.2692,0.1346,0.2692,0,0.1346,0.1346,0.5384,0,0.1346,0.4038,0,0.1346,0.1346,0,0,0.1346,0.1346,0.1346,0,0.1346,0.2692,0.4038,0,0,0.1346,0.1346,0,0,0.2692,0,0,0.1346,0.8075,0,0.2692,0.2692,0.4038,0.2692,0,0.1346,0.1346,0,0.2692,0,0,0,0.1346,0,0.1346,0.4038,0.1346,0.0913,0.1145,0.1419,0.161,0.1655,0.1912
0.6801,1.4736,0.5668,2.1537,1.1335,2.1537,0.9068,1.7003,1.4736,0.9068,0.1134,0,0,0.1134,0.1134,0,0.2267,0.1134,0,0,0,0.1134,0,0.3401,0,0.5668,0.3401,0.1134,0,0,0.2267,0,0,0.1134,0,0,0,0.2267,0,0,0.1134,0.3401,0,0.5668,0,0,0,0.2267,0.5668,0.3401,0.1134,0.1134,0.3401,0,0.1134,0.1134,0,0.3401,0,0,0.1134,0.4534,0,0,0.1134,0.5668,0.1134,0.2267,0.3401,0.2267,0,0.2267,0,0.2267,0,0.3401,0.1134,0,0,0,0,0,0.2267,0.3401,0.2267,0.2267,0.1134,0.3401,0.1134,0,0,0.2267,0,0.3401,0.2267,0.3401,0,0,0.1134,0.2267,0,0,0,0.1134,0.3401,0,0,0,0.3401,0.1134,0.0978,0.1336,0.1766,0.1603,0.165,0.1533
1.5276,1.6451,0.235,2.3501,1.7626,2.3501,1.0575,1.1751,1.6451,1.0575,0.1175,0.1175,0,0,0.3525,0.3525,0.235,0.1175,0.1175,0.1175,0.235,0.1175,0,0.235,0.1175,0.47,0.235,0.1175,0,0.1175,0.1175,0.1175,0,0,0,0,0,0,0,0,0.3525,0.705,0,0.3525,0,0,0,0.235,0.47,0.235,0.1175,0,0,0.235,0.235,0,0.3525,0.235,0.3525,0.235,0.1175,0.3525,0,0.705,0.1175,0.47,0.235,0.1175,0.235,0,0,0,0.1175,0,0.235,0.235,0,0.1175,0.1175,0.235,0.3525,0.1175,0,0.235,0.235,0,0,0,0,0.1175,0.1175,0,0.1175,0.3525,0,0.705,0,0.235,0.1175,0,0,0.1175,0,0.235,0.47,0,0,0,0.235,0,0.1057,0.1459,0.1636,0.151,0.1597,0.1567
0.9163,1.9636,0.3927,1.8327,1.44,1.8327,1.3091,1.0473,1.9636,1.3091,0,0,0,0.1309,0.1309,0.2618,0,0.1309,0.2618,0,0,0.3927,0.1309,0.2618,0.3927,0.1309,0.1309,0.2618,0.2618,0,0,0.1309,0,0,0,0,0,0,0.2618,0,0.2618,0.5236,0,0.1309,0,0,0,0.3927,0.1309,0.3927,0.3927,0.1309,0,0.1309,0.2618,0,0.2618,0,0.1309,0,0,0.2618,0,0,0.2618,0.1309,0.3927,0,0.2618,0.5236,0,0.2618,0,0.5236,0,0.3927,0,0.1309,0,0,0,0.1309,0,0,0.1309,0.3927,0.1309,0,0.1309,0.1309,0,0,0.2618,0.2618,0.1309,0.5236,0.1309,0,0.3927,0.2618,0.1309,0.1309,0,0.3927,0.1309,0,0.2618,0.1309,0.1309,0,0.1541,0.1586,0.145,0.1606,0.1242,0.1265
0.7641,2.4198,1.783,2.0377,0.2547,2.0377,0.3821,2.0377,2.4198,0.3821,0.2547,0,0.2547,0,0,0,0,0.2547,0,0,0.1274,0.6368,0.3821,0.3821,0,0.3821,0.1274,0,0.2547,0.1274,0,0.1274,0.1274,0.2547,0,0.1274,0,0.6368,0.3821,0,0,0.3821,0.1274,0.2547,0.1274,0.1274,0,0.5094,0.5094,0,0,0,0,0.1274,0,0,0,0.1274,0,0,0.1274,0.6368,0,0.2547,0,0.3821,0.1274,0.1274,0.3821,0,0,0.2547,0,0,0,0,0,0,0.1274,0,0.2547,0,0.2547,0.1274,0.1274,0.7641,0,0.3821,0.1274,0,0,0.2547,0.5094,0.5094,0,0.2547,0.1274,0,0.5094,0.2547,0,0.1274,0,0.1274,0,0,0,0,0.1274,0,0.1208,0.1164,0.1698,0.1482,0.1608,0.1566
1.7894,2.1249,0.3355,1.6776,1.9012,1.6776,0.3355,1.1184,2.1249,0.3355,0.4473,0,0.1118,0.1118,0.5592,0,0,0.2237,0.3355,0,0.1118,0.3355,0,0.2237,0.1118,0.5592,0.1118,0.2237,0.4473,0,0,0.1118,0,0.1118,0,0,0,0.1118,0,0,0.2237,0.671,0,0,0,0,0,0,0.7829,0,0.3355,0.3355,0.1118,0.2237,0.4473,0.2237,0,0.1118,0,0.1118,0.1118,0.3355,0.1118,0.2237,0.2237,0,0.2237,0.2237,0.1118,0.1118,0.1118,0.1118,0,0.1118,0,0,0,0,0,0,0.2237,0,0,0.1118,0.3355,0.2237,0,0.1118,0,0,0.2237,0.2237,0,0.3355,0.2237,0.671,0,0,0.3355,0.1118,0,0,0,0.2237,0,0,0,0,0.1118,0,0.1038,0.1312,0.1438,0.1751,0.1727,0.1617
1.1092,2.2183,1.2676,1.9014,0,1.9014,1.5845,2.3768,2.2183,1.5845,0.1585,0.1585,0,0.1585,0,0.1585,0,0.1585,0.1585,0,0,0.1585,0,0.3169,0,0.1585,0.4754,0,0.9507,0.1585,0.1585,0.1585,0.1585,0.1585,0,0,0,0.3169,0.1585,0.1585,0.1585,0.4754,0,0.4754,0,0,0,0.1585,0.1585,0.4754,0,0,0,0,0,0,0,0,0,0,0.3169,0,0.1585,0,0,0.4754,0.4754,0.1585,0.1585,0.1585,0.1585,0.4754,0.1585,0.1585,0,0.4754,0,0,0.1585,0,0,0.1585,0.3169,0.1585,0,0.1585,0.3169,1.1092,0,0.1585,0,0.6338,0.3169,0,0,0.4754,0,0.3169,0,0.4754,0,0,0.1585,0.4754,0,0,0.3169,0.1585,0.4754,0,0.1406,0.1255,0.1588,0.1397,0.1529,0.1241
1.6362,2.9998,0.6818,1.3635,1.4999,1.3635,0.5454,0.9545,2.9998,0.5454,0.8181,0.2727,0.2727,0.1364,0,0,0,0,0.1364,0,0.1364,0.8181,0,0.2727,0.5454,0.6818,0.1364,0,0.4091,0,0.1364,0.1364,0.1364,0,0,0,0,0,0.2727,0,0,0.1364,0,0.2727,0.1364,0,0,0,0.6818,0.1364,0.1364,0,0.1364,0.1364,0.2727,0.1364,0,0.2727,0.2727,0,0.1364,0.4091,0,0,0.1364,0.2727,0,0,0.2727,0.1364,0,0,0,0.1364,0.1364,0,0,0.2727,0,0,0.1364,0,0.1364,0,0,0.1364,0,0.2727,0,0.2727,0.1364,0.8181,0,0.4091,0.1364,0.1364,0.4091,0.1364,0.8181,0,0,0.4091,0,0,0,0,0,0,0.1364,0,0.0895,0.1356,0.1605,0.188,0.1535,0.1366
2.0316,2.2856,2.1586,2.2856,0.127,2.2856,1.1428,0.8888,2.2856,1.1428,0.3809,0.127,0.254,0,0,0.5079,0.254,0,0.3809,0.127,0.127,0.254,0.3809,0.3809,0,0.127,0.3809,0,0.254,0.3809,0.8888,0.254,0.5079,0,0,0,0,0.254,0.127,0,0.254,0.5079,0.3809,0.254,0,0.127,0.127,0.127,0.127,0.3809,0,0,0.127,0,0,0,0,0,0,0,0.127,0.6349,0,0.6349,0,0.254,0,0.127,0.3809,0.127,0,0.127,0.127,0.127,0,0.3809,0,0,0.3809,0,0.127,0.127,0,0.254,0.127,0.127,0,0.127,0,0,0.127,0,0.127,0.6349,0,0.6349,0.254,0.127,0.254,0.127,0,0.254,0.254,0,0,0.127,0.127,0,0.3809,0,0.1117,0.1685,0.177,0.1536,0.1338,0.1284
0.5903,3.6896,1.4758,1.4758,1.0331,1.4758,0.7379,1.9186,3.6896,0.7379,0.1476,0,0.1476,0,0,0,0,0.1476,0,0,0,0.8855,0.5903,0.1476,0.2952,0.4428,0.2952,0.2952,0.4428,0.2952,0,0.4428,0.1476,0,0,0.1476,0,0.2952,0.4428,0,0.1476,0.5903,0,0,0.1476,0,0.1476,0,0.2952,0.1476,0,0.2952,0,0,0.1476,0,0,0.1476,0.4428,0,0,0.5903,0,0.2952,0,0,0,0.4428,0.1476,0,0,0.1476,0,0,0,0.1476,0.1476,0,0.2952,0,0.1476,0.2952,0.1476,0.4428,0.1476,0,0,0.2952,0.4428,0,0.1476,0.2952,0.2952,0.5903,0.2952,0.5903,0.1476,0.2952,0.8855,0.1476,0,0.1476,0,0,0,0.1476,0,0,0.2952,0.1476,0.1337,0.1265,0.1383,0.1481,0.1527,0.153
2.3329,2.2033,0.648,1.8145,0.5184,1.8145,0.648,1.4257,2.2033,0.648,0.7776,0.1296,0.2592,0.5184,0.1296,0.1296,0,0.2592,0,0,0,0.5184,0,0.1296,0,0.5184,0.2592,0.1296,0.5184,0.1296,0.3888,0.1296,0,0,0,0,0,0.1296,0,0,0.3888,0.5184,0,0.1296,0,0,0,0.1296,0.5184,0.1296,0,0,0,0.2592,0,0,0,0.2592,0,0,0.3888,0.5184,0,0,0.1296,0.3888,0,0,0.1296,0.2592,0,0,0.1296,0.2592,0,0.1296,0,0,0.1296,0,0.1296,0.1296,0.2592,0,0.1296,0,0.1296,0.3888,0.1296,0.1296,0.1296,0,0,0.5184,0.1296,0.5184,0.2592,0.1296,0.5184,0,0,0.2592,0,0,0,0.1296,0,0,0.2592,0,0.1113,0.1258,0.1628,0.1531,0.1649,0.1525
1.6104,2.4889,1.6104,2.0497,1.1712,2.0497,1.0248,1.464,2.4889,1.0248,0.2928,0.1464,0,0,0.5856,0.1464,0,0,0.2928,0.1464,0.2928,0.2928,0.1464,0.8784,0,0.4392,0.1464,0,0.2928,0,0.2928,0.1464,0.4392,0.1464,0,0,0,0.4392,0.1464,0,0.1464,1.0248,0,0,0.1464,0,0,0.1464,0.4392,0.1464,0.1464,0,0.2928,0,0,0.2928,0,0.2928,0,0.1464,0,0.4392,0,0,0,0,0.1464,0,0.8784,0.5856,0,0,0.1464,0.4392,0.1464,0.1464,0.1464,0,0,0,0.2928,0.1464,0.2928,0,0.1464,0.1464,0,0.2928,0,0,0.1464,0,0.1464,0.4392,0,0.8784,0.2928,0.2928,0.2928,0,0,0.2928,0,0.1464,0.1464,0,0.2928,0,0.1464,0,0.11,0.1223,0.1565,0.1265,0.1498,0.1885
1.4381,1.4381,0.1198,2.0374,0.9588,2.0374,0.8389,1.3183,1.4381,0.8389,0.2397,0,0,0.2397,0.4794,0.1198,0.1198,0.2397,0,0,0,0.2397,0,0.1198,0,0.4794,0.2397,0,0.2397,0.1198,0.1198,0,0,0,0,0,0,0,0,0,0.3595,0.4794,0,0.2397,0,0,0,0.2397,0.4794,0.2397,0.1198,0.1198,0,0.2397,0,0.3595,0,0.1198,0,0,0.1198,0.2397,0,0.7191,0.1198,0.3595,0.1198,0,0.1198,0.1198,0,0.2397,0,0.1198,0.1198,0.2397,0,0,0.1198,0,0.4794,0,0,0.1198,0.1198,0,0.1198,0.4794,0,0,0,0,0,0.1198,0.1198,0.4794,0.1198,0.1198,0.2397,0.2397,0,0.1198,0.1198,0.1198,0,0,0.1198,0,0.2397,0.1198,0.1047,0.1391,0.1628,0.1865,0.1525,0.1345
1.6098,3.2196,1.0732,2.1464,1.0732,2.1464,0.8049,1.2074,3.2196,0.8049,0.2683,0.1342,0.2683,0,0.1342,0.2683,0,0.2683,0.1342,0.1342,0.2683,0.5366,0.2683,0.2683,0,0.6708,0.2683,0.1342,0.8049,0,0.2683,0.4025,0,0,0,0.1342,0,0.1342,0,0,0.1342,0.5366,0.1342,0.4025,0,0,0.1342,0,0.6708,0.1342,0.1342,0.2683,0,0.1342,0,0,0.2683,0.2683,0,0,0.2683,0.6708,0,0.2683,0.1342,0.2683,0,0,0.1342,0.4025,0.1342,0.1342,0,0.4025,0,0.1342,0,0,0,0,0.1342,0.1342,0.1342,0,0.2683,0,0,0,0.5366,0,0,0.2683,0.1342,0.6708,0.4025,0.5366,0.1342,0.2683,0.6708,0.1342,0,0.1342,0,0,0.1342,0.1342,0,0.1342,0.2683,0,0.1082,0.1732,0.178,0.1597,0.129,0.1178
1.1762,2.3523,0.294,1.4702,1.1762,1.4702,1.6172,1.4702,2.3523,1.6172,0.147,0.294,0.147,0.147,0.147,0,0,0.147,0.147,0,0,0.4411,0,0,0.147,0.294,0.4411,0,0.4411,0.5881,0.147,0,0,0.147,0,0,0,0,0,0,0.147,0.294,0,0.294,0,0,0,0,0.294,0.4411,0,0,0,0.147,0.5881,0.147,0,0,0.147,0,0.294,0.4411,0,0,0.147,0.294,0.294,0,0,0,0,0.147,0,0,0,0.4411,0.294,0.147,0.5881,0,0.147,0.294,0,0,0,0,0.147,0.7351,0,0.147,0.147,0,0.147,0.4411,0.147,0.294,0.4411,0.294,0.294,0.147,0,0.4411,0,0.294,0,0,0,0.147,0.4411,0.294,0.1165,0.1529,0.1438,0.1596,0.1479,0.1323
1.2228,1.1117,2.2233,2.8903,0.667,2.8903,0.5558,1.1117,1.1117,0.5558,0.2223,0.1112,0.1112,0.2223,0.2223,0,0,0.2223,0,0,0.1112,0,0.2223,0,0.1112,0.5558,0,0.1112,0,0,0.3335,0,0.8893,0.1112,0,0.2223,0.1112,0.1112,0.4447,0,0.1112,0.8893,0.3335,0.667,0,0.1112,0.1112,0.2223,0.4447,0,0.1112,0,0.3335,0,0.2223,0,0,0,0,0,0.1112,0.1112,0.1112,0.8893,0.1112,0.667,0.2223,0.2223,0,0.4447,0,0,0,0.4447,0,0,0.1112,0,0,0,0.1112,0,0.1112,0.2223,0,0.3335,0,0.1112,0.2223,0,0,0,0.1112,0.1112,0,0.8893,0,0,0,0,0,0,0,0.2223,0,0.1112,0,0.1112,0,0.1112,0.1133,0.126,0.1454,0.1651,0.1807,0.1583
0.8176,1.9855,0.584,2.8031,1.0512,2.8031,0.584,1.2848,1.9855,0.584,0,0,0,0,0.3504,0.1168,0.1168,0,0.1168,0.1168,0.1168,0.4672,0.1168,0.3504,0.1168,0.584,0.1168,0,0,0.1168,0.1168,0,0.1168,0.2336,0,0,0,0,0,0,0.3504,0.7008,0,0.9344,0,0,0,0.2336,0.4672,0.1168,0.2336,0.1168,0,0,0.1168,0.1168,0.1168,0.2336,0.1168,0,0,0.4672,0.1168,0.584,0,0.9344,0.1168,0.2336,0.3504,0,0,0.2336,0,0,0.1168,0.1168,0,0,0.1168,0,0,0,0.1168,0.2336,0.2336,0.2336,0.1168,0.2336,0.1168,0,0,0,0,0.3504,0.1168,0.7008,0,0.1168,0.4672,0.2336,0,0,0.1168,0.1168,0,0,0,0.1168,0.2336,0,0.0934,0.1394,0.1683,0.1651,0.1602,0.1568
3.2064,2.0521,0.6413,2.0521,1.2825,2.0521,0.2565,0.6413,2.0521,0.2565,1.026,0.1283,0.2565,0.2565,0.513,0.1283,0,0.3848,0.3848,0,0.2565,0.1283,0,0.6413,0.2565,0.7695,0,0,0,0,0.2565,0,0,0,0.1283,0,0,0,0.1283,0.1283,0.1283,1.2825,0,0,0,0,0,0,0.6413,0,0.6413,0,0,0.1283,0.1283,0,0,0,0.3848,0,0.3848,0.3848,0.1283,0.513,0.1283,0,0,0.1283,0.3848,0,0,0.1283,0.1283,0,0,0,0,0,0,0,0.2565,0,0.1283,0,0.1283,0,0,0.1283,0,0,0.1283,0,0,0.513,0,1.1543,0,0,0.1283,0.1283,0,0,0,0,0,0,0.2565,0,0,0,0.0916,0.1179,0.1516,0.1704,0.1634,0.1769
4.0771,1.9728,1.0521,1.4467,0.5261,1.4467,0.263,1.4467,1.9728,0.263,1.9728,0.1315,0.3946,0.263,0.1315,0,0.1315,0.6576,0.263,0,0.5261,0.263,0.1315,0.1315,0.1315,0.3946,0.1315,0,0.263,0,0.263,0,0.263,0,0,0,0,0.1315,0.3946,0,0,0.6576,0,0.3946,0,0,0,0,0.3946,0,0.1315,0,0.1315,0,0,0,0,0.1315,0.1315,0,0.263,0.1315,0,0.263,0.1315,0.3946,0,0,0,0.263,0,0,0,0.263,0,0,0,0,0,0,0.6576,0,0.1315,0,0.1315,0,0,0.3946,0.1315,0,0.1315,0.7891,0,0.1315,0,0.6576,0,0,0.263,0,0.1315,0,0,0,0,0,0,0,0.1315,0,0.0695,0.1237,0.1568,0.1807,0.1719,0.1659
4.1111,0.9593,2.7408,1.9185,0.2741,1.9185,0.2741,1.6445,0.9593,0.2741,0.9593,0.137,1.5074,0,0.2741,0.6852,0.137,0.2741,0.137,0,0.137,0,0,0.4111,0,0.2741,0.137,0,0,0,1.2333,0.137,0.6852,0,0,0,0,0.5482,0,0,0.2741,0.2741,0.137,0.6852,0,0,0,0.137,0.2741,0.137,0.137,0,0.137,0,0,0,0,0,0,0,0.2741,0.137,0,0.5482,0,0.2741,0,0.137,0.4111,0.137,0,0,0,0.137,0,0.137,0,0,0,0,0.6852,0,0.2741,0,0,0.2741,0,0.4111,0,0,0.2741,0.2741,0,0.137,0,0.2741,0,0,0,0,0.137,0,0,0,0,0,0,0,0.137,0,0.0935,0.135,0.1491,0.1696,0.1634,0.1523
0.6966,2.0899,1.1146,2.0899,0.836,2.0899,0.836,2.5079,2.0899,0.836,0.1393,0,0.1393,0,0.1393,0,0,0.2787,0,0,0,0.2787,0.1393,0.418,0,0.418,0,0.2787,0.2787,0.2787,0.1393,0,0.1393,0.2787,0,0,0,0.5573,0,0,0,0.6966,0.1393,0.418,0,0,0,0.1393,0.6966,0,0,0.2787,0.2787,0,0.1393,0,0.1393,0,0,0,0,0.2787,0,0.2787,0,0.5573,0,0.418,0.418,0,0,0.2787,0.1393,0,0,0,0.1393,0,0.2787,0,0.2787,0,0.1393,0.418,0.2787,0.418,0.1393,0.5573,0.1393,0.1393,0,0,0,0.2787,0.1393,0.6966,0.418,0,0.2787,0.2787,0,0.2787,0,0,0.1393,0,0,0.2787,0,0.1393,0.0996,0.1401,0.1588,0.1725,0.1468,0.1428
1.0175,2.4165,1.399,2.9253,1.0175,2.9253,1.1447,1.0175,2.4165,1.1447,0.2544,0,0,0.1272,0.2544,0,0,0.1272,0.2544,0,0.3816,0.1272,0.2544,0.2544,0.2544,0.6359,0.1272,0,0.2544,0.1272,0.1272,0,0,0.1272,0,0,0,0.6359,0.3816,0.1272,0,0.5087,0.2544,0.5087,0,0.2544,0,0,0.6359,0.7631,0,0,0.3816,0,0,0,0.1272,0.1272,0.2544,0,0.2544,0.7631,0.1272,0.6359,0,0.5087,0.3816,0,0.2544,0,0,0.1272,0.1272,0,0,0.7631,0,0,0.1272,0,0,0.2544,0.1272,0.1272,0.2544,0.1272,0.1272,0,0,0,0,0.2544,0.1272,0.7631,0,0.6359,0.3816,0,0.1272,0.1272,0,0.3816,0,0.3816,0.1272,0,0,0.1272,0.1272,0,0.1025,0.1447,0.1298,0.1522,0.1742,0.1693
1.9414,3.5842,1.6427,3.7335,0.2987,3.7335,0.2987,1.1947,3.5842,0.2987,0.2987,0.1493,0.1493,0.448,0,0.448,0,0.2987,0.1493,0,0,0.896,0.1493,0.1493,0.1493,1.3441,0.1493,0.2987,0.2987,0.1493,0.2987,0.1493,0.2987,0.1493,0,0.1493,0,0.2987,0.2987,0,0.1493,1.1947,0.2987,0.7467,0,0,0,0,1.3441,0,0,0,0,0,0.1493,0,0,0.1493,0,0,0.448,0.896,0.2987,1.1947,0,0.5974,0,0,0.1493,0.1493,0,0,0,0.1493,0,0,0,0,0.1493,0,0.448,0.2987,0.2987,0,0,0,0,0,0,0,0.1493,0,0.1493,0.896,0,1.1947,0.1493,0.1493,0.896,0,0.1493,0,0,0,0,0,0,0,0.1493,0,0.1159,0.1404,0.1541,0.1647,0.1432,0.1323
1.3794,1.8811,1.5049,2.8843,1.254,2.8843,0.3762,2.6335,1.8811,0.3762,0,0.2508,0.2508,0,0.1254,0.1254,0.1254,0.3762,0,0,0,0.1254,0,0.3762,0.2508,1.0032,0,0,0,0.1254,0.5016,0.1254,0.3762,0.1254,0,0,0,0.3762,0,0,0,0.627,0,0.627,0.2508,0.2508,0,0.1254,1.0032,0,0,0,0.2508,0.3762,0,0.1254,0,0.2508,0.2508,0,0.3762,0.3762,0,0.2508,0.1254,0.5016,0.1254,0.5016,0.3762,0.2508,0,0,0,0.2508,0,0,0,0,0.1254,0,0.3762,0.3762,0.5016,0.2508,0.1254,0.2508,0.1254,0.627,0,0,0.1254,0,0.1254,0.5016,0.1254,0.627,0,0.2508,0.1254,0,0,0,0,0.1254,0.1254,0,0,0.1254,0,0,0.1182,0.1224,0.161,0.1482,0.1658,0.159
0.9045,3.6181,1.0854,2.7135,1.809,2.7135,2.8944,2.8944,3.6181,2.8944,0.1809,0.1809,0.1809,0,0.1809,0,0,0.1809,0,0,0.1809,0.1809,0,0.3618,0.3618,0.5427,1.0854,0.1809,0,0.7236,0.1809,0.3618,0.1809,0,0,0,0,0.3618,0,0,0,0.7236,0,0.9045,0.1809,0,0,0,0.3618,0.5427,0.1809,0,0,0,0.3618,0,0.3618,0.5427,0.1809,0.1809,0,0.7236,0,0,0,0.9045,0.1809,0,0.3618,0.5427,0,0.3618,0,0.5427,0.1809,0.5427,0.3618,0.1809,0.7236,0,0,0,0.7236,0,0.1809,0,0.5427,1.0854,0,0.1809,0,0.7236,0,0.7236,0.1809,0.7236,0.3618,0.1809,0.3618,0.3618,0.1809,0.3618,0,0.1809,0.1809,0,0,0.1809,1.4472,0.3618,0.0902,0.1273,0.1479,0.1512,0.1388,0.1638
0.8711,1.4933,0.4978,3.2355,1.7422,3.2355,1.3689,1.7422,1.4933,1.3689,0.1244,0,0.1244,0,0.4978,0,0.1244,0,0,0,0,0,0,0.1244,0,0.9955,0.1244,0,0,0.2489,0,0.1244,0.1244,0.1244,0,0,0,0.1244,0,0,0,0.4978,0.1244,0.8711,0.1244,0,0,0.2489,0.8711,0.4978,0.2489,0.3733,0,0.1244,0.1244,0.1244,0.3733,0.2489,0,0,0,0.4978,0,0.4978,0.1244,0.6222,0.2489,0.4978,0.1244,0.6222,0.1244,0,0,0.4978,0,0.4978,0,0,0.2489,0,0.1244,0,0.1244,0.2489,0.1244,0.3733,0.2489,0.3733,0.1244,0,0.1244,0,0,0.4978,0.2489,0.4978,0,0.1244,0,0,0,0,0,0.2489,0.4978,0.1244,0.2489,0.1244,0.1244,0,0.12,0.1597,0.1612,0.1662,0.1222,0.1463
2.2947,2.4477,1.3768,2.6007,1.6828,2.6007,0.9179,0.6119,2.4477,0.9179,0.153,0.153,0.4589,0.306,0.4589,0.153,0,0,0.4589,0,0.6119,0.306,0,0.4589,0.153,0.7649,0.153,0,0,0,0.4589,0,0.153,0.153,0.306,0,0,0.153,0.153,0,0,0.6119,0,0.153,0.306,0.306,0.306,0,0.7649,0.153,0.306,0,0.153,0.306,0.153,0.153,0,0.153,0.153,0.306,0.306,0.9179,0,0,0.153,0.153,0.153,0.153,0.6119,0.153,0.153,0.153,0,0.153,0.153,0.153,0.153,0,0,0,0,0.153,0.306,0,0,0,0,0.153,0,0,0.153,0,0.153,1.0709,0,0.6119,0.153,0,0.153,0.153,0.153,0.153,0,0,0,0.306,0,0,0.153,0.153,0.1361,0.1469,0.1047,0.1522,0.1677,0.1395
1.5289,1.3105,0.3276,2.4025,1.4197,2.4025,0.7644,1.8565,1.3105,0.7644,0.2184,0.1092,0,0.2184,0.2184,0.3276,0,0.4368,0,0,0.1092,0,0,0.1092,0,0.7644,0,0.1092,0,0.2184,0.1092,0,0,0.1092,0.1092,0,0,0,0,0,0.1092,0.4368,0.1092,0.6552,0,0,0,0.2184,0.7644,0.1092,0.1092,0.1092,0,0.1092,0.2184,0,0,0.6552,0.1092,0,0.6552,0.3276,0,0.2184,0.2184,0.4368,0.2184,0,0.1092,0.2184,0,0,0.1092,0.3276,0,0.1092,0,0,0.2184,0,0.2184,0.1092,0,0.1092,0.4368,0.1092,0.2184,0.4368,0.1092,0.1092,0,0,0,0.3276,0.1092,0.546,0.3276,0,0,0,0,0.2184,0,0.2184,0.1092,0.1092,0,0,0,0.1092,0.1072,0.1331,0.146,0.1614,0.167,0.1761
1.4821,1.8241,1.5961,2.6222,1.0261,2.6222,0.228,1.0261,1.8241,0.228,0.114,0.342,0.342,0.114,0.342,0.114,0,0.114,0,0,0.228,0.114,0.114,0.342,0,1.0261,0,0,0,0,0.456,0,0.342,0.228,0,0.114,0,0.228,0.228,0,0,0.456,0.114,0.456,0.342,0,0,0.228,0.9121,0.114,0,0.114,0.342,0,0,0.114,0,0.114,0.228,0,0.342,0.57,0,0.57,0,0.456,0.114,0.114,0.342,0.114,0,0,0,0.114,0,0.114,0,0,0,0,0.114,0,0.228,0,0.114,0.342,0.114,0.114,0,0,0.114,0.228,0,0.684,0.228,0.342,0,0.114,0.114,0,0,0,0.114,0.114,0,0,0,0,0,0,0.1079,0.1503,0.1478,0.1787,0.1633,0.1379
1.1222,1.995,1.3715,2.2443,0.7481,2.2443,0.6234,1.8703,1.995,0.6234,0.3741,0,0.2494,0.1247,0.1247,0,0,0.1247,0.1247,0,0,0.6234,0,0.1247,0.2494,0.4987,0,0.3741,0,0.1247,0.2494,0,0.1247,0.1247,0.2494,0.1247,0,0.1247,0.3741,0,0,0.6234,0.1247,0.4987,0,0.2494,0.1247,0.1247,0.4987,0,0.1247,0,0.2494,0,0,0,0,0.1247,0.1247,0,0.1247,0.1247,0.1247,0.4987,0,0.4987,0.1247,0.3741,0,0.3741,0,0.1247,0,0.3741,0,0,0,0,0.1247,0,0.2494,0.1247,0.2494,0.2494,0.1247,0.1247,0,0.4987,0.2494,0,0,0.2494,0.2494,0.1247,0,0.6234,0.1247,0,0.4987,0.1247,0,0.1247,0,0.1247,0,0.1247,0.2494,0,0,0,0.1031,0.1594,0.1827,0.147,0.1396,0.1434
1.0833,1.2037,1.4444,3.7314,1.5648,3.7314,0.7222,1.0833,1.2037,0.7222,0,0.1204,0.1204,0,0.2407,0.2407,0,0.2407,0.1204,0,0,0.3611,0.1204,0,0.2407,0.4815,0,0,0,0,0.2407,0,0.2407,0.1204,0.2407,0.2407,0.1204,0.2407,0,0,0,0.7222,0.1204,1.0833,0,0.6018,0.2407,0,0.6018,0.2407,0.4815,0,0.3611,0.2407,0.2407,0,0.1204,0,0,0.1204,0.1204,0,0.2407,1.4444,0.2407,0.9629,0.1204,0.2407,0,0.3611,0,0,0,0.3611,0.1204,0.2407,0,0,0,0,0.1204,0,0.1204,0.2407,0.1204,0.1204,0.1204,0.2407,0,0,0.1204,0,0.1204,0,0,0.6018,0,0,0.3611,0,0,0,0,0.2407,0,0.2407,0,0.1204,0.1204,0,0.1009,0.1441,0.1642,0.1629,0.1536,0.154
1.9995,1.6246,1.6246,2.4994,0.9998,2.4994,0.7498,1.4996,1.6246,0.7498,0.4999,0,0.125,0.2499,0.4999,0.3749,0.125,0,0,0,0.125,0.2499,0,0.4999,0,0.3749,0.2499,0.125,0,0,0.4999,0.2499,0.2499,0,0,0.125,0,0.2499,0.125,0.125,0,0.4999,0.3749,0.6248,0,0.2499,0,0,0.3749,0.3749,0.3749,0,0,0,0.125,0,0,0.2499,0.125,0.125,0,0.2499,0.3749,0.3749,0.125,0.4999,0.125,0.125,0.4999,0.125,0.125,0,0,0.125,0.125,0.3749,0,0,0,0,0.3749,0,0.3749,0.2499,0,0,0.125,0.3749,0,0,0,0.2499,0.125,0.2499,0,0.4999,0.125,0.125,0.2499,0,0,0.125,0,0.125,0.125,0,0,0.125,0.2499,0,0.1016,0.1352,0.1479,0.1431,0.1664,0.1809
1.401,1.0007,1.9013,3.2022,1.2008,3.2022,0.3002,0.4003,1.0007,0.3002,0.3002,0,0.3002,0.2001,0.1001,0.4003,0,0.1001,0,0,0.2001,0.1001,0.3002,0,0,0.3002,0.1001,0,0,0,0.3002,0,0.4003,0.1001,0.2001,0.4003,0,0.1001,0.4003,0,0.1001,0.3002,0.5003,1.0007,0.4003,0.2001,0,0.1001,0.3002,0.3002,0.1001,0.1001,0.1001,0.3002,0.2001,0.2001,0,0.1001,0.1001,0,0.2001,0.5003,0.2001,0.9006,0.1001,1.1007,0.2001,0,0,0,0.1001,0,0,0,0,0.2001,0,0,0,0,0.1001,0,0.1001,0,0,0.1001,0,0,0,0,0,0,0,0.5003,0.1001,0.3002,0,0,0.1001,0,0,0,0,0.2001,0,0,0,0,0.1001,0,0.1178,0.1546,0.1513,0.1657,0.1595,0.1511
3.0027,3.4121,1.0919,2.3202,1.5013,2.3202,0.273,2.4567,3.4121,0.273,1.0919,0.5459,0.1365,0.1365,0,0.1365,0,0.4095,0.5459,0,0.4095,0.4095,0.1365,0.4095,0.1365,0.6824,0.273,0.273,0.5459,0.1365,0,0,0,0.273,0,0,0,0.5459,0.273,0,0.273,0.8189,0.1365,0.1365,0,0,0,0.273,0.6824,0,0.4095,0.273,0.1365,0,0.4095,0,0,0.1365,0,0,0.273,0.9554,0.1365,0.273,0,0.1365,0,0,0.4095,0.1365,0,0,0,0.1365,0,0,0,0,0.1365,0,0.273,0.1365,0.273,0,0.8189,0.273,0,0.6824,0,0,0.273,0.273,0.1365,0.9554,0.1365,1.0919,0,0,0.5459,0,0,0,0,0,0,0,0,0,0.273,0,0.1047,0.1506,0.1547,0.1619,0.1496,0.1421
1.9896,4.4766,0.9948,2.9844,1.4922,2.9844,1.1606,1.3264,4.4766,1.1606,0.1658,0,0.1658,0.1658,0.4974,0,0.6632,0,0.3316,0,0.1658,1.3264,0,0.829,0,0.9948,0,0.1658,0.9948,0,0.1658,0.3316,0,0.1658,0,0,0,0.1658,0,0.1658,0.1658,1.3264,0,0.1658,0,0,0.1658,0.1658,0.829,0.1658,0.829,0,0.1658,0,0.1658,0,0,0.1658,0,0,0.1658,0.4974,0.4974,0,0,0.3316,0,0.1658,0.829,0.4974,0,0.3316,0,0.4974,0,0.1658,0,0.1658,0,0,0.3316,0,0,0.3316,0.1658,0,0,0.3316,0.1658,0,0,0.3316,0.1658,0.6632,0,1.3264,0.3316,0,1.3264,0.3316,0,0.3316,0,0.1658,0.4974,0.1658,0,0,0,0,0.1134,0.1201,0.1346,0.1602,0.1574,0.1486
1.62,1.3255,1.0309,2.0619,1.62,2.0619,1.0309,1.1782,1.3255,1.0309,0.5891,0,0,0,0.2946,0,0,0.2946,0.1473,0.1473,0,0.5891,0.1473,0,0.1473,0.1473,0.2946,0,0,0,0.2946,0,0.1473,0.1473,0,0,0,0.4418,0,0,0,0.1473,0.1473,0.8837,0,0.2946,0,0,0.1473,0.4418,0.2946,0.1473,0.4418,0.1473,0.1473,0,0.1473,0,0.2946,0,0,0,0,0.5891,0.1473,0.7364,0.1473,0.2946,0,0.1473,0,0.1473,0,0.1473,0.1473,0.4418,0.1473,0,0,0,0.2946,0,0.1473,0,0.2946,0.2946,0,0.1473,0,0,0,0,0,0,0.2946,0.1473,0.2946,0,0.4418,0.1473,0,0.2946,0,0.1473,0.1473,0,0,0,0.2946,0.1473,0.0994,0.1352,0.1598,0.1622,0.1486,0.1476
1.9042,2.7202,1.2241,3.9443,0.408,3.9443,0.408,0.9521,2.7202,0.408,0.408,0,0,0.6801,0.136,0.136,0,0.136,0.272,0.136,0,0.272,0.272,0.6801,0,0.9521,0,0,0.544,0,0,0.272,0.136,0.136,0,0.408,0,0.136,0,0,0.6801,0.6801,0.136,1.0881,0,0.272,0,0.272,0.8161,0,0,0.136,0.136,0,0,0.136,0,0,0,0,0.272,0.544,0.544,0.544,0.136,1.0881,0,0,0.6801,0.136,0,0.136,0,0.136,0.136,0,0,0,0,0,0.136,0,0,0,0,0.272,0,0.408,0.136,0,0.408,0.272,0,0.544,0,0.6801,0.408,0,0.272,0.136,0,0.408,0,0,0,0,0,0,0,0,0.142,0.1298,0.1559,0.1334,0.1377,0.1653
0.3416,0.5693,2.9603,3.985,0.5693,3.985,0.2277,1.4802,0.5693,0.2277,0,0,0.1139,0.2277,0,0,0,0,0,0,0,0,0.1139,0,0,0.4554,0,0,0,0,0,0,1.1386,0.3416,0.1139,0.6831,0.2277,0.4554,0,0,0.2277,0.3416,0.2277,1.3663,0,0.6831,0,0.4554,0.4554,0.2277,0.1139,0,0.1139,0,0,0,0,0.2277,0,0,0,0.2277,0.797,1.1386,0.2277,1.3663,0,0.2277,0,0,0,0,0,0,0,0.2277,0,0,0,0,0,0,0.3416,0.4554,0.2277,0.2277,0,0.1139,0.1139,0,0,0,0,0.2277,0,0.3416,0,0,0,0,0,0,0,0.2277,0,0,0,0,0,0,0.1317,0.1409,0.1316,0.1571,0.1572,0.1676
1.2433,2.4866,2.0203,3.2636,0.1554,3.2636,1.7095,1.7095,2.4866,1.7095,0.4662,0.3108,0.1554,0,0,0,0,0.3108,0,0,0,0.1554,0,0.3108,0,1.3987,0.3108,0,0,0.3108,0.1554,0.3108,0.3108,0.3108,0,0.1554,0,0.6216,0,0,0.1554,0.4662,0.1554,0.7771,0,0,0,0,1.3987,0.3108,0.1554,0,0,0,0,0,0,0,0,0,0,0.6216,0.1554,0,0,0.7771,0.7771,0.4662,0.3108,0.1554,0,0.3108,0,0.1554,0,0.3108,0,0,0.3108,0.6216,0.3108,0,0.4662,0.3108,0,0.1554,0.3108,0.1554,0,0,0,0,0.6216,0.6216,0,0.4662,0.3108,0,0.1554,0.3108,0,0.3108,0.1554,0.7771,0,0,0,0.1554,0.3108,0,0.1263,0.1297,0.1278,0.1402,0.1674,0.1531
1.666,1.785,1.547,2.1419,0.952,2.1419,0.714,0.714,1.785,0.714,0.119,0,0.476,0.119,0.238,0.238,0.119,0.119,0.119,0,0.833,0.238,0.119,0.238,0.119,0.119,0,0,0,0.119,0.238,0,0.476,0,0,0,0,0.357,0.476,0,0.238,0.595,0.119,0.476,0.119,0,0,0,0.238,0.357,0.238,0,0,0.238,0,0.119,0,0,0.357,0,0,0.476,0,0.476,0.238,0.476,0.119,0.119,0.238,0,0,0.119,0,0,0,0.357,0.119,0,0.119,0,0,0,0.238,0,0.119,0.238,0,0.119,0,0,0,0,0,0.476,0,0.595,0.357,0,0.238,0.119,0,0.357,0,0.119,0.119,0,0,0,0,0.119,0.1097,0.1538,0.1567,0.1643,0.1549,0.1415
3.701,2.6647,1.3324,2.6647,1.7765,2.6647,0.148,1.3324,2.6647,0.148,1.3324,0.148,0.5922,0,0.7402,0.5922,0,0.2961,0,0,0,0.4441,0,0.8882,0,0.4441,0,0,0.8882,0,1.0363,0,0,0,0,0,0,0.2961,0,0,0.148,0.8882,0.2961,0.4441,0,0,0.148,0.148,0.4441,0.148,0.5922,0.148,0.148,0.148,0.4441,0,0,0.148,0,0,0,0.5922,0.148,0.5922,0.148,0.2961,0,0,0.8882,0,0,0,0,0,0,0.148,0,0,0,0,0.2961,0.148,0.148,0,0.2961,0.148,0,0.2961,0,0,0.148,0.2961,0,0.5922,0.148,0.8882,0,0.148,0.4441,0,0,0,0,0,0,0.148,0,0,0,0,0.086,0.1203,0.1363,0.1497,0.1772,0.1825
2.3635,1.5363,1.4181,2.4817,1.2999,2.4817,0.4727,1.1817,1.5363,0.4727,0.709,0,0.1182,0.2363,0.4727,0.4727,0,0,0.3545,0,0.1182,0.3545,0,0.1182,0.3545,0.3545,0.1182,0.1182,0,0,0.2363,0.1182,0.3545,0.1182,0,0,0,0.3545,0.2363,0,0.1182,0.3545,0.1182,0.9454,0.1182,0,0.2363,0,0.2363,0.3545,0.2363,0.1182,0.1182,0.2363,0.2363,0,0,0.1182,0.1182,0,0.5909,0.4727,0.2363,0.2363,0,0.709,0.1182,0,0.1182,0,0,0.1182,0,0,0,0.3545,0,0,0,0,0,0,0.4727,0,0.1182,0,0,0.5909,0,0,0.2363,0,0,0.4727,0,0.3545,0,0,0.3545,0.1182,0,0,0,0.1182,0,0.2363,0,0,0.1182,0,0.1123,0.1414,0.1816,0.1668,0.1414,0.1384
0.9709,1.1867,1.9419,3.3444,0.5394,3.3444,0.4315,1.6182,1.1867,0.4315,0.2158,0,0.2158,0.1079,0,0.3236,0,0.1079,0,0,0.1079,0.3236,0,0.1079,0.1079,0.3236,0.1079,0,0,0.1079,0,0,0.6473,0.2158,0.1079,0.1079,0.1079,0.7552,0,0,0.1079,0.2158,0.1079,1.1867,0,0.8631,0.1079,0.2158,0.3236,0.2158,0.1079,0.1079,0,0.1079,0,0,0,0.1079,0.1079,0,0.3236,0.3236,0.3236,0.8631,0.1079,0.8631,0,0.2158,0.1079,0.1079,0,0,0,0.1079,0,0.2158,0,0,0.1079,0,0.1079,0.1079,0.5394,0.1079,0.1079,0.3236,0,0.2158,0.1079,0,0,0,0,0.4315,0.1079,0.2158,0.1079,0,0.3236,0,0,0.1079,0.1079,0,0,0.1079,0,0,0.1079,0,0.0976,0.1342,0.1663,0.1605,0.1597,0.1739
1.3218,0.6008,0.8412,2.6437,0.4807,2.6437,0,0.3605,0.6008,0,0.4807,0,0.1202,0.2403,0,0.4807,0,0,0,0,0,0,0,0,0,0.6008,0,0,0,0,0.3605,0,0.2403,0.1202,0,0,0,0.1202,0,0,0.2403,0.1202,0.2403,1.0815,0.1202,0.3605,0,0,0.4807,0,0.1202,0,0.1202,0,0.1202,0,0,0.1202,0,0,0.1202,0.4807,0,0.6008,0.1202,1.0815,0,0.1202,0,0,0,0,0,0,0,0,0,0,0,0,0,0,0.1202,0.1202,0,0,0,0,0.1202,0,0,0,0,0.4807,0,0.1202,0,0,0,0,0,0,0,0,0,0,0,0,0,0,0.1029,0.1273,0.1512,0.1589,0.165,0.1745
1.5375,1.4276,0.6589,1.9767,0.5491,1.9767,0.3295,1.3178,1.4276,0.3295,0.6589,0.1098,0,0,0.2196,0.2196,0,0.1098,0.1098,0.1098,0,0.2196,0,0.3295,0.1098,0.2196,0,0.3295,0.2196,0,0.3295,0.1098,0,0,0,0,0,0.1098,0.1098,0,0.1098,0.5491,0.1098,0.8785,0,0,0,0,0.2196,0.1098,0.2196,0,0.1098,0.1098,0.1098,0,0,0,0,0,0,0.2196,0.1098,0.2196,0.1098,0.8785,0,0,0.3295,0.1098,0,0.1098,0,0.1098,0,0.1098,0,0,0,0,0.1098,0,0.2196,0.2196,0,0,0,0.6589,0,0,0.1098,0,0.1098,0.1098,0,0.5491,0.1098,0.1098,0.3295,0,0,0.1098,0,0,0,0,0.2196,0,0,0,0.071,0.1335,0.1723,0.1735,0.1704,0.1695
1.784,0.9445,0.8395,3.4631,0.8395,3.4631,0.3148,0.7346,0.9445,0.3148,0.4198,0,0,0,0.2099,0.9445,0,0,0.2099,0,0.1049,0,0.2099,0.2099,0.1049,0.3148,0,0,0,0,0.3148,0.1049,0,0.1049,0.1049,0.1049,0,0.1049,0,0,0.4198,0.5247,0.3148,1.0494,0.2099,0.1049,0.1049,0.3148,0.4198,0,0.1049,0,0.1049,0,0.1049,0.2099,0.1049,0.1049,0,0,0.1049,0.2099,0.1049,1.6791,0,0.8395,0,0.2099,0.2099,0.1049,0,0.1049,0,0.1049,0,0,0.1049,0,0,0,0.1049,0,0,0.1049,0,0.4198,0,0,0.1049,0,0,0,0.1049,0.2099,0.1049,0.4198,0,0,0,0.1049,0.1049,0,0,0,0,0.1049,0,0,0,0.1049,0.1269,0.1741,0.1729,0.1363,0.1447,0.1401
1.2383,3.5084,1.2383,1.651,0.8255,1.651,0.8255,0.6191,3.5084,0.8255,0.4128,0.2064,0.2064,0,0.2064,0,0,0,0.2064,0,0,0.6191,0.2064,0.4128,0,0.4128,0.2064,0.2064,1.2383,0.2064,0,0.2064,0.2064,0.2064,0,0,0,0.4128,0.2064,0,0,0.6191,0,0.2064,0,0,0,0,0.4128,0.2064,0.2064,0,0.6191,0,0,0,0,0,0,0,0.2064,0.2064,0,0.4128,0,0.2064,0.2064,0,0.4128,0,0,0.2064,0,0,0,0.2064,0.2064,0,0.2064,0,0.2064,0,0,0,0.4128,0,0,0,0,0,0.2064,1.2383,0,0.2064,0.2064,0.6191,0.2064,0,0.6191,0.2064,0,0.2064,0,0.2064,0,0,0,0,0.2064,0.2064,0.0978,0.1365,0.0915,0.1402,0.1789,0.1488
0.8805,2.2894,0.7044,1.7611,0.1761,1.7611,1.0566,0.8805,2.2894,1.0566,0,0.1761,0,0.1761,0.1761,0,0,0.3522,0,0,0,0.3522,0,0.1761,0,0.3522,0.3522,0,0.7044,0.3522,0.3522,0,0,0.1761,0,0,0,0.1761,0,0,0,0.7044,0,0.3522,0,0,0,0.1761,0.3522,0.1761,0,0,0.1761,0,0,0,0,0,0,0,0.3522,0.1761,0,0,0,0.5283,0,0.1761,0.1761,0.1761,0,0,0,0.3522,0,0.1761,0.1761,0,0.3522,0,0.1761,0,0.3522,0.1761,0,0,0,0,0,0.1761,0,0.7044,0.1761,0.1761,0,0.7044,0.1761,0,0.3522,0,0,0.1761,0,0,0,0,0.3522,0,0.3522,0.1761,0.1154,0.123,0.1308,0.1511,0.1637,0.1398
0.5632,1.9714,0.9857,2.3938,0.4224,2.3938,0.7041,1.5489,1.9714,0.7041,0,0.1408,0,0,0,0.1408,0,0.1408,0,0,0,0.4224,0.1408,0.4224,0,0.4224,0.1408,0,0,0.4224,0,0.2816,0,0.2816,0.1408,0,0,0.2816,0,0,0.2816,0.7041,0.2816,0.5632,0,0,0.1408,0,0.4224,0,0,0,0,0.1408,0,0.1408,0,0.1408,0,0,0.1408,0.2816,0,0.2816,0,0.4224,0.2816,0.4224,0.4224,0.1408,0,0,0,0.1408,0,0,0,0.1408,0.4224,0,0,0.1408,0.2816,0,0.1408,0.4224,0.1408,0.1408,0.1408,0.1408,0.1408,0,0.1408,0.2816,0.1408,0.5632,0,0.2816,0.4224,0,0,0,0.1408,0.2816,0,0.1408,0,0,0.1408,0,0.1508,0.1512,0.1198,0.1684,0.1347,0.1343
0.1359,1.7668,0.4077,2.5822,0.4077,2.5822,0.9513,1.3591,1.7668,0.9513,0,0,0,0.1359,0,0,0,0,0,0,0,0.4077,0,0.4077,0,0.4077,0.1359,0,0.2718,0.1359,0,0,0,0,0,0,0,0.2718,0,0,0,0.1359,0,0.8154,0,0.5436,0,0.2718,0.4077,0.4077,0,0.1359,0,0,0,0,0.1359,0.1359,0,0,0,0,0.1359,0.8154,0.1359,0.6795,0.2718,0.1359,0.4077,0,0,0.1359,0,0,0,0.2718,0,0.1359,0.1359,0.2718,0,0.1359,0.2718,0.1359,0,0.5436,0.1359,0.1359,0,0,0,0.5436,0,0,0.1359,0.1359,0.2718,0.1359,0.4077,0.1359,0,0.2718,0,0.2718,0.1359,0,0,0.1359,0.1359,0,0.1041,0.1672,0.1784,0.1386,0.1365,0.1393
0.7658,1.9911,0.4595,2.4505,0.6126,2.4505,0.7658,0.7658,1.9911,0.7658,0.1532,0,0,0,0,0.3063,0,0.1532,0,0,0,0.3063,0,0.6126,0,0.6126,0.1532,0.1532,0,0.1532,0,0,0.1532,0,0.1532,0,0,0.1532,0,0,0.1532,0.4595,0.1532,0.919,0,0,0,0,0.6126,0.1532,0.3063,0,0,0.1532,0,0,0,0,0,0.1532,0.1532,0.1532,0,0.3063,0,0.919,0,0.1532,0.6126,0.1532,0,0.1532,0,0.1532,0,0.1532,0,0.1532,0.1532,0,0,0.1532,0.1532,0,0.3063,0,0.1532,0,0,0,0,0.3063,0,0.1532,0,0.4595,0.4595,0,0.4595,0.1532,0,0.4595,0,0.1532,0,0,0,0,0.1532,0,0.0948,0.1211,0.139,0.1422,0.1777,0.1722
0.9519,3.0143,1.1105,2.0624,0.7932,2.0624,0.4759,0.3173,3.0143,0.4759,0,0.1586,0.3173,0,0.1586,0.1586,0,0,0,0,0.1586,0.7932,0,0.1586,0.1586,0.9519,0,0,0.6346,0.1586,0.3173,0,0.1586,0.1586,0.1586,0,0,0,0.1586,0.1586,0.1586,0.1586,0.3173,0.1586,0,0,0.3173,0,0.9519,0,0.1586,0,0,0,0,0.1586,0,0.1586,0.3173,0,0.1586,0.6346,0,0.6346,0,0.1586,0.1586,0.1586,0.1586,0,0,0.1586,0.1586,0,0,0,0,0,0.1586,0,0,0.1586,0,0,0,0.1586,0,0,0,0,0,0.9519,0.1586,0.7932,0.1586,0.1586,0,0,0.6346,0.1586,0,0,0,0.1586,0,0.3173,0,0,0,0,0.1226,0.1702,0.1605,0.1372,0.1269,0.1239
1.6712,3.1752,1.504,2.0054,1.3369,2.0054,0.5013,2.5067,3.1752,0.5013,0.5013,0.3342,0.1671,0.1671,0.1671,0,0,0.1671,0,0,0,0.5013,0.1671,0.5013,0,0.3342,0.1671,0.1671,1.3369,0,0.1671,0,0.3342,0.1671,0.1671,0,0,0.3342,0.3342,0,0,0.6685,0,0.3342,0,0.3342,0,0.1671,0.3342,0.1671,0.3342,0,0.1671,0,0.3342,0,0,0.3342,0.1671,0,0.1671,0.5013,0,0,0,0.3342,0,0.5013,0.5013,0,0,0,0,0,0,0.1671,0,0,0,0.3342,0.3342,0.1671,0.3342,0.3342,0.3342,0.1671,0,0.8356,0,0,0.1671,0.6685,0.3342,0.5013,0,0.6685,0.3342,0,0.5013,0,0,0.3342,0,0,0.1671,0,0,0,0,0,0.1055,0.156,0.1712,0.1476,0.1248,0.1279
0.9009,2.2524,0.4505,1.5016,0.3003,1.5016,0.3003,0.4505,2.2524,0.3003,0,0.1502,0.1502,0.1502,0.1502,0,0,0.1502,0.1502,0,0,0.3003,0.1502,0.3003,0,0.1502,0.3003,0,0.9009,0,0,0.1502,0,0.3003,0,0,0,0,0,0,0.1502,0.3003,0,0.4505,0,0.3003,0,0,0.1502,0.1502,0,0,0,0,0,0,0,0.1502,0.1502,0,0.3003,0.3003,0,0,0,0.4505,0,0.1502,0.3003,0,0,0.1502,0,0,0,0.1502,0,0,0,0,0.3003,0,0.1502,0,0,0,0,0,0,0,0.1502,0.9009,0,0.3003,0,0.4505,0,0,0.3003,0.1502,0,0,0,0,0.1502,0,0,0,0.1502,0,0.104,0.1474,0.1756,0.1558,0.1392,0.1279
0.6111,2.1389,1.6806,2.75,0.3056,2.75,0.6111,0.9167,2.1389,0.6111,0,0,0.1528,0.1528,0,0.1528,0.1528,0,0,0,0.1528,0.6111,0,0.1528,0.1528,0.6111,0.3056,0.1528,0,0,0.1528,0,0.7639,0.1528,0,0.1528,0,0.3056,0,0,0,0.6111,0.3056,0.4583,0,0,0,0.4583,0.9167,0,0.1528,0,0,0,0,0,0,0,0,0.1528,0,0.4583,0.3056,1.2222,0,0.4583,0,0,0.1528,0.1528,0,0,0,0.1528,0,0,0,0,0.1528,0.3056,0,0,0,0,0.1528,0.7639,0,0,0,0,0,0.3056,0,0.4583,0,0.6111,0.1528,0,0.6111,0,0,0.1528,0.1528,0,0,0,0,0,0.3056,0,0.13,0.1669,0.1608,0.1101,0.1283,0.1511
1.5215,1.7981,0.4149,1.5215,0.6916,1.5215,0.5533,1.7981,1.7981,0.5533,0.4149,0,0,0.1383,0.2766,0,0,0.4149,0.1383,0,0,0.2766,0,0.2766,0.1383,0.1383,0.2766,0.1383,0.5533,0,0.1383,0.1383,0,0,0,0,0,0.1383,0,0,0,0.2766,0,0.5533,0,0,0.1383,0.2766,0.1383,0.1383,0.2766,0.2766,0,0,0.1383,0,0,0,0,0,0.1383,0.4149,0,0,0,0.5533,0,0,0.2766,0.1383,0,0.1383,0,0.1383,0,0.1383,0,0.1383,0,0,0.2766,0,0.2766,0,0,0.2766,0,0.6916,0.1383,0.1383,0.1383,0.1383,0.1383,0.4149,0.1383,0.2766,0.1383,0,0.2766,0.1383,0,0.1383,0,0,0,0.1383,0,0,0.2766,0,0.0916,0.1248,0.1549,0.1752,0.1573,0.1579
0.4423,2.2116,0.7372,1.7693,0.8847,1.7693,0.5898,1.7693,2.2116,0.5898,0,0,0,0,0,0,0,0.1474,0.1474,0,0,0.2949,0,0.5898,0.2949,0.1474,0.2949,0.1474,0.4423,0,0,0.1474,0.1474,0,0,0,0,0.1474,0.2949,0,0,0.5898,0,0.2949,0,0.2949,0,0.1474,0.1474,0.2949,0.1474,0,0.1474,0,0.1474,0,0,0.2949,0.1474,0,0.1474,0.4423,0,0,0.1474,0.2949,0.1474,0,0.4423,0.1474,0,0.1474,0,0.1474,0,0.2949,0,0,0,0,0,0,0.2949,0.1474,0.2949,0.1474,0,0.8847,0,0,0,0.4423,0.1474,0.4423,0,0.5898,0.1474,0,0.2949,0.1474,0,0.1474,0,0.1474,0,0,0,0,0.2949,0,0.0976,0.1193,0.1665,0.1545,0.1506,0.164
0.1974,3.1583,0.7896,1.9739,0.5922,1.9739,0.987,2.1713,3.1583,0.987,0,0,0,0,0,0,0,0.1974,0,0,0,0.5922,0.1974,0.1974,0,0.987,0.1974,0,0.7896,0.1974,0.1974,0.1974,0.1974,0,0,0,0,0.1974,0,0,0,0.7896,0,0.1974,0,0,0,0,0.987,0,0,0,0,0.1974,0,0,0,0.1974,0.1974,0,0,0.3948,0,0.1974,0.1974,0.1974,0.3948,0,0.1974,0.1974,0,0.3948,0,0.1974,0,0,0.1974,0,0.1974,0,0,0.3948,0.3948,0,0.1974,0,0,0.987,0.1974,0,0,0.1974,0,0.3948,0,0.7896,0.1974,0.5922,0.5922,0.3948,0,0.1974,0,0.3948,0.1974,0,0,0,0,0.1974,0.1105,0.1319,0.1235,0.1395,0.1351,0.1621
1.3604,2.1766,0.8162,2.7207,0.5441,2.7207,0.4081,1.0883,2.1766,0.4081,0.2721,0,0.2721,0.2721,0.136,0.136,0,0,0.136,0.136,0.2721,0.2721,0,0.2721,0.136,0.5441,0.136,0,0.5441,0,0,0.136,0,0.136,0,0,0,0.2721,0.2721,0,0.136,0.6802,0.136,0.4081,0,0,0.136,0.5441,0.5441,0.136,0.2721,0.2721,0,0,0,0,0,0,0,0,0,0.4081,0.2721,1.0883,0,0.4081,0.136,0.136,0.2721,0,0.136,0.136,0,0,0,0.136,0,0,0,0,0.136,0,0,0,0.136,0.6802,0,0,0,0,0.136,0.2721,0.136,0.4081,0.136,0.6802,0,0,0.2721,0.136,0,0,0,0.136,0,0.136,0,0,0.136,0,0.1389,0.1549,0.1659,0.1174,0.1433,0.1437
0.5598,1.2595,0.4198,1.6793,0,1.6793,0.8396,1.1195,1.2595,0.8396,0.1399,0,0,0.1399,0,0.1399,0,0.1399,0,0,0,0.1399,0,0.2799,0,0,0.1399,0,0.2799,0.4198,0.1399,0.1399,0,0,0,0,0,0.1399,0,0,0,0.9796,0.1399,0.1399,0,0,0.1399,0,0,0.2799,0,0,0,0,0,0,0,0,0,0,0,0,0.1399,0.5598,0,0.1399,0.1399,0.1399,0.2799,0.1399,0,0,0,0.1399,0,0.1399,0,0.1399,0.4198,0,0.1399,0,0.1399,0.1399,0,0.1399,0.1399,0.4198,0,0,0.1399,0,0,0,0,0.9796,0,0,0.1399,0,0,0,0,0.1399,0,0.1399,0.2799,0.1399,0.1399,0,0.112,0.147,0.1527,0.124,0.1627,0.1617
1.4688,2.4969,0.5875,1.7625,0.2938,1.7625,0.1469,0.1469,2.4969,0.1469,0.1469,0.1469,0,0,0.2938,0.5875,0.1469,0.1469,0,0,0.2938,0.4406,0.1469,0.8813,0,0.4406,0,0,0.2938,0,0,0.1469,0,0.1469,0,0,0,0,0.2938,0,0.4406,0.4406,0.1469,0.1469,0,0,0,0,0.4406,0.1469,0,0,0,0,0,0,0,0,0.2938,0,0,0.2938,0.2938,0.2938,0,0.1469,0,0,0.7344,0,0,0,0,0,0,0.1469,0,0,0,0,0.1469,0,0,0,0,0,0,0,0,0,0.2938,0.8813,0,0.2938,0,0.4406,0,0,0.4406,0,0.1469,0,0,0,0,0,0,0,0,0,0.1391,0.1567,0.1461,0.1352,0.1436,0.1324
0.865,1.8535,0.7414,1.6064,0.7414,1.6064,0.2471,0.6178,1.8535,0.2471,0.2471,0.1236,0,0,0,0.1236,0.1236,0.1236,0.1236,0,0,0.4943,0.1236,0.6178,0,0.3707,0,0,0.2471,0,0.1236,0,0,0.1236,0.2471,0,0,0.1236,0.1236,0,0.2471,0.6178,0,0.1236,0,0,0,0,0.3707,0.1236,0,0.1236,0.1236,0,0.1236,0.1236,0,0.2471,0,0,0,0.1236,0.1236,0.4943,0,0.1236,0,0.1236,0.4943,0.1236,0,0,0,0.1236,0,0.1236,0,0,0,0,0.2471,0,0.2471,0,0,0,0.1236,0,0,0,0,0.3707,0,0.1236,0.2471,0.6178,0,0,0.4943,0,0,0,0.1236,0,0.1236,0,0,0,0,0,0.0822,0.1302,0.1635,0.1668,0.1689,0.1648
1.0514,2.7037,0.4506,2.2531,0.9012,2.2531,0.9012,1.2016,2.7037,0.9012,0.1502,0.1502,0,0,0.1502,0.1502,0.1502,0.1502,0.1502,0,0.1502,0.4506,0,0.3004,0.1502,0.9012,0.3004,0,0,0.4506,0,0,0,0.1502,0,0,0,0.1502,0.1502,0,0,1.0514,0.1502,0.1502,0,0,0,0,0.9012,0,0.1502,0.1502,0,0.1502,0.1502,0,0,0.1502,0.1502,0,0,0.3004,0,0.6008,0,0.1502,0.1502,0.3004,0.3004,0.4506,0,0,0.1502,0.4506,0,0,0,0,0.3004,0,0.1502,0.3004,0,0,0.1502,0.1502,0,0.3004,0,0,0.3004,0,0,0.3004,0.3004,0.9012,0.3004,0.1502,0.4506,0,0.1502,0.3004,0,0.1502,0,0,0,0,0.3004,0,0.119,0.1418,0.1724,0.1484,0.1375,0.1308
0.5913,2.0696,0.887,2.0696,0.887,2.0696,0.887,1.0348,2.0696,0.887,0,0,0,0,0,0.1478,0.1478,0.1478,0,0,0,0.1478,0.1478,0.7392,0,0.4435,0,0,0.5913,0,0.1478,0.1478,0,0.1478,0,0,0,0.2957,0.1478,0,0,0.887,0,0.1478,0.2957,0,0,0,0.4435,0.2957,0.2957,0.1478,0.1478,0,0.1478,0,0,0.1478,0,0,0,0,0.1478,0.5913,0,0.1478,0,0,0.7392,0.4435,0,0.1478,0,0.4435,0,0.2957,0,0,0,0,0,0,0.1478,0,0.4435,0.1478,0.1478,0.1478,0,0,0,0.2957,0,0,0,0.887,0.2957,0.2957,0.1478,0.1478,0.1478,0.2957,0.1478,0,0,0,0.2957,0,0,0,0.1025,0.1289,0.1512,0.159,0.1547,0.1558
1.2738,1.7833,0.8916,2.4201,0.7643,2.4201,0.7643,1.019,1.7833,0.7643,0.2548,0,0.1274,0.1274,0.2548,0.3821,0,0,0.1274,0,0.1274,0.1274,0,0.3821,0.1274,0.6369,0,0.1274,0.2548,0,0.1274,0.2548,0.1274,0,0,0,0,0.1274,0,0.2548,0,0.8916,0.2548,0.1274,0,0,0,0.1274,0.7643,0.1274,0.1274,0.1274,0,0.2548,0,0,0,0.1274,0.1274,0,0.1274,0.1274,0.2548,0.7643,0.1274,0.1274,0.2548,0,0.3821,0.2548,0,0,0.1274,0.2548,0,0.1274,0.1274,0.1274,0,0,0.1274,0,0,0.1274,0.1274,0.1274,0.1274,0.3821,0,0,0.2548,0.2548,0,0.1274,0.1274,0.8916,0,0,0.1274,0,0,0,0,0.2548,0,0.1274,0.2548,0,0,0.1274,0.1231,0.1524,0.1615,0.132,0.1622,0.1415
0.3618,1.0853,0.9647,1.9295,0.7236,1.9295,0.3618,0.8442,1.0853,0.3618,0,0,0,0,0.1206,0.2412,0,0,0,0,0,0,0.1206,0.3618,0,0.4824,0.1206,0,0,0,0.1206,0,0.1206,0.1206,0,0,0.1206,0.2412,0.1206,0,0,0.7236,0.1206,0.3618,0.1206,0,0,0.1206,0.3618,0.1206,0,0,0.1206,0.1206,0.2412,0,0,0.2412,0,0,0,0.1206,0.1206,0.7236,0.1206,0.3618,0,0.1206,0.2412,0.1206,0,0,0,0.1206,0,0.1206,0.1206,0,0,0,0,0.1206,0.2412,0,0,0.2412,0,0,0.2412,0,0.2412,0,0,0.1206,0.1206,0.4824,0,0.1206,0,0,0,0,0.1206,0,0,0,0,0,0.1206,0.1206,0.1148,0.128,0.1485,0.1657,0.1595,0.163
0.1504,1.3532,0.7518,1.6539,0.6014,1.6539,1.0525,2.4057,1.3532,1.0525,0,0,0.1504,0,0,0,0,0,0,0,0,0.1504,0,0.3007,0,0.3007,0,0,0.3007,0.3007,0,0.1504,0,0,0,0.1504,0,0.4511,0,0,0,0.4511,0,0.4511,0,0,0.1504,0.1504,0.3007,0.1504,0,0.1504,0,0,0.1504,0,0,0,0,0.1504,0,0.1504,0,0.3007,0,0.4511,0,0.1504,0.3007,0.3007,0,0,0,0.3007,0,0.1504,0.1504,0.1504,0.3007,0,0,0,0.3007,0.1504,0.4511,0.1504,0.1504,1.2028,0,0,0.1504,0,0.1504,0.1504,0,0.3007,0.3007,0.1504,0.1504,0,0,0.3007,0,0,0,0.1504,0.3007,0.1504,0,0.1504,0.0944,0.1588,0.1468,0.1567,0.158,0.1349
0.3889,2.2038,1.1667,2.2038,0.7778,2.2038,0.6482,1.2963,2.2038,0.6482,0.1296,0.1296,0,0,0,0,0,0,0,0.1296,0,0.3889,0.1296,0.2593,0.1296,0.5185,0,0.2593,0.5185,0,0.1296,0.1296,0.1296,0.2593,0,0,0,0.2593,0.1296,0,0,0.7778,0,0.2593,0.1296,0,0.2593,0.1296,0.5185,0.1296,0,0.1296,0,0.2593,0.1296,0.1296,0,0.1296,0,0,0.1296,0,0.1296,0.7778,0,0.2593,0.1296,0.1296,0.3889,0.2593,0,0.1296,0.1296,0.2593,0,0.1296,0,0,0,0,0,0.1296,0.5185,0,0.1296,0,0.1296,0.1296,0.2593,0,0,0.2593,0,0,0.2593,0.7778,0.1296,0.2593,0.3889,0.1296,0,0.1296,0,0.1296,0,0.3889,0,0,0,0,0.1156,0.1237,0.1561,0.1688,0.1694,0.1369
1.4924,1.3568,1.0854,1.7638,0.5427,1.7638,0.6784,0.8141,1.3568,0.6784,0.2714,0.1357,0.1357,0.2714,0,0.1357,0.1357,0.407,0,0,0.1357,0.407,0,0.1357,0,0.2714,0,0,0.2714,0.1357,0.407,0.1357,0.2714,0,0,0.1357,0,0,0.1357,0,0.1357,0.1357,0.1357,0.2714,0.1357,0.2714,0,0.1357,0.2714,0.2714,0.1357,0,0,0,0,0.1357,0,0.1357,0,0,0,0.2714,0.1357,0.5427,0.1357,0.2714,0.1357,0,0.1357,0.1357,0,0.1357,0,0.1357,0,0.2714,0,0,0.1357,0,0.2714,0,0.2714,0,0.1357,0.1357,0,0,0,0,0,0,0.1357,0.2714,0,0.1357,0.1357,0.1357,0.407,0.1357,0,0.1357,0,0.1357,0.1357,0,0.2714,0,0,0,0.1189,0.1713,0.1747,0.1193,0.1194,0.1608
0.5286,0.9251,0.5286,1.718,0.6608,1.718,0.7929,0.3965,0.9251,0.7929,0,0.1322,0,0.1322,0,0.1322,0.1322,0,0,0,0,0,0.1322,0.2643,0.1322,0.3965,0,0,0,0,0.1322,0,0.1322,0.2643,0,0,0,0,0,0,0,0.2643,0,0.5286,0.1322,0,0,0,0.3965,0.3965,0.1322,0,0,0,0.2643,0,0,0.1322,0.1322,0,0.1322,0.2643,0,0,0.1322,0.5286,0,0.1322,0.2643,0.1322,0,0.2643,0,0.1322,0,0.3965,0,0,0,0,0.1322,0,0.1322,0,0,0,0,0,0.1322,0,0,0,0,0.2643,0,0.2643,0.1322,0,0,0.2643,0,0,0.1322,0,0,0,0.5286,0.1322,0,0,0.1183,0.1906,0.1496,0.0942,0.1309,0.1842
1.8247,1.8247,1.4337,1.8247,1.4337,1.8247,0.1303,1.3033,1.8247,0.1303,0.2607,0.6517,0.1303,0,0.391,0,0,0.2607,0,0,0,0.5213,0,0.2607,0,0.391,0,0.1303,0.5213,0,0.5213,0,0.2607,0.1303,0.2607,0.1303,0,0,0.1303,0,0.1303,0.391,0.1303,0.391,0,0,0,0.391,0.391,0,0.391,0,0.5213,0.1303,0,0.1303,0,0.1303,0,0.1303,0.1303,0.1303,0,0.782,0.1303,0.391,0,0,0.2607,0,0.1303,0,0,0,0,0,0,0,0,0,0,0,0.1303,0,0.391,0.391,0,0.391,0,0,0.1303,0,0.2607,0.1303,0.2607,0.391,0.1303,0,0.5213,0,0,0.1303,0,0,0,0,0,0,0,0,0.0992,0.1615,0.1518,0.1522,0.1432,0.1617
0.4725,1.8901,0.7875,1.5751,0.315,1.5751,0.7875,0.7875,1.8901,0.7875,0,0,0.315,0,0.1575,0,0,0,0,0,0,0.4725,0.315,0,0,0.315,0.4725,0,0.315,0,0,0,0,0,0,0.1575,0,0.1575,0.315,0.1575,0.1575,0.315,0,0.63,0,0,0,0,0.315,0.1575,0.1575,0,0,0.1575,0,0,0,0,0,0,0.1575,0.315,0,0,0,0.63,0.1575,0,0,0.1575,0,0.1575,0,0.1575,0,0,0,0.4725,0,0,0,0.1575,0.1575,0,0.1575,0.1575,0,0,0,0.1575,0,0.315,0,0.315,0,0.315,0.1575,0.1575,0.4725,0.1575,0,0.1575,0,0.1575,0,0,0,0,0.4725,0,0.1075,0.1881,0.1585,0.1086,0.1319,0.148
0.3305,1.9829,0.661,1.9829,0.8262,1.9829,0.4957,0.8262,1.9829,0.4957,0,0,0,0.1652,0,0,0,0,0.1652,0,0,0.3305,0,0.3305,0.1652,0.1652,0,0.3305,0.661,0,0,0.1652,0,0.1652,0,0,0,0.1652,0.1652,0,0,0.3305,0,0.3305,0,0.3305,0,0,0.3305,0.4957,0.1652,0,0.1652,0,0.1652,0,0,0.3305,0,0,0,0.4957,0.1652,0.661,0,0.3305,0,0,0.3305,0,0,0,0,0,0,0.4957,0,0,0,0,0,0.1652,0.1652,0,0.3305,0.1652,0,0,0,0,0.1652,0.3305,0.1652,0.3305,0.1652,0.3305,0.1652,0,0.3305,0,0,0.1652,0,0,0,0,0.3305,0,0,0,0.113,0.1186,0.1263,0.1562,0.1688,0.1518
0.4241,1.9789,1.1308,1.8376,0.2827,1.8376,0.7068,0.8481,1.9789,0.7068,0,0,0.1414,0.1414,0,0,0,0,0.1414,0,0,0.2827,0,0.2827,0,0.2827,0,0.4241,0.2827,0.4241,0.2827,0,0,0.2827,0,0,0,0.2827,0.1414,0,0,0.4241,0.1414,0.2827,0,0,0.2827,0,0.4241,0.2827,0,0,0.1414,0,0,0,0.1414,0,0,0,0,0.7068,0.4241,0,0,0.2827,0,0.1414,0.2827,0,0,0,0,0,0,0.2827,0,0,0.4241,0,0,0,0,0.1414,0.2827,0.2827,0.1414,0,0,0,0,0.5654,0,0.7068,0,0.4241,0,0,0.2827,0,0.1414,0,0.1414,0,0,0.2827,0.1414,0,0,0,0.1283,0.1256,0.1583,0.1546,0.145,0.1469
0.9572,1.0769,2.3931,2.752,0.8376,2.752,0.359,0.5983,1.0769,0.359,0.1197,0,0.1197,0.359,0.2393,0,0,0,0,0.1197,0,0,0.2393,0.359,0,0.4786,0,0,0,0,0.2393,0,0.4786,0.359,0.359,0.359,0,0.2393,0.2393,0,0.1197,0.9572,0.1197,0.7179,0,0.2393,0,0,0.4786,0.1197,0.1197,0,0.4786,0,0,0,0.1197,0.1197,0,0,0.2393,0,0.4786,0.4786,0.1197,0.5983,0.2393,0.2393,0.359,0,0.1197,0.1197,0.1197,0,0,0,0,0,0,0,0,0,0.2393,0.2393,0,0.1197,0,0,0,0,0,0,0,0,0,0.9572,0,0,0,0.1197,0,0,0,0.2393,0.1197,0,0,0,0,0,0.1229,0.1445,0.1525,0.1445,0.1691,0.1468
0.7901,1.1851,2.2385,3.292,0.6584,3.292,0.5267,0.7901,1.1851,0.5267,0.2634,0.1317,0.1317,0,0,0.2634,0,0,0,0,0.1317,0.1317,0,0.2634,0,0.2634,0.1317,0,0,0.2634,0.1317,0,0.6584,0,0.2634,0.5267,0,0.5267,0.1317,0,0,0.2634,0.6584,0.9217,0,0.9217,0.1317,0.1317,0.2634,0,0.1317,0,0.1317,0,0.1317,0,0,0,0,0.1317,0.1317,0.6584,0,1.0534,0,0.7901,0.2634,0,0.2634,0.1317,0,0,0,0.1317,0.1317,0,0,0,0.2634,0,0,0,0.395,0,0.1317,0.2634,0,0,0,0,0,0,0.1317,0.6584,0,0.2634,0,0,0.1317,0,0,0,0,0.2634,0,0,0,0.1317,0.1317,0,0.1015,0.1302,0.1516,0.164,0.1635,0.1575
0.9982,1.3725,0.6238,2.4954,0.2495,2.4954,0.8734,0.7486,1.3725,0.8734,0.2495,0,0.2495,0.2495,0,0.2495,0,0,0,0,0.1248,0.2495,0,0.2495,0,0.2495,0,0,0.4991,0,0,0,0,0.1248,0,0.2495,0.1248,0,0.1248,0,0.2495,0.4991,0,0.4991,0,0.1248,0.2495,0.3743,0.2495,0.2495,0,0,0.2495,0,0,0,0,0,0,0,0.1248,0.3743,0,0.2495,0.1248,0.3743,0.3743,0.1248,0.2495,0.3743,0,0.2495,0,0.3743,0,0.2495,0,0,0,0,0.1248,0,0,0,0.1248,0.3743,0.1248,0,0,0,0,0,0,0.3743,0,0.3743,0,0.1248,0.2495,0.2495,0,0,0.1248,0.3743,0,0.2495,0,0.1248,0,0,0.1471,0.1277,0.1715,0.1433,0.1551,0.1305
0.4451,0.5564,1.0015,1.6691,0.3338,1.6691,0.1113,0.6677,0.5564,0.1113,0,0,0.1113,0.1113,0.1113,0.1113,0,0,0,0,0,0.2226,0.1113,0.1113,0,0.1113,0,0,0,0,0,0.1113,0.2226,0.2226,0,0.1113,0,0.2226,0,0,0,0.1113,0.1113,0.3338,0,0.8902,0.1113,0,0.1113,0,0.2226,0,0,0.1113,0,0,0,0,0,0,0.2226,0.1113,0.2226,0.3338,0.1113,0.2226,0,0.2226,0.1113,0.1113,0,0,0,0.1113,0,0,0,0,0,0,0,0,0.1113,0.2226,0.1113,0,0,0.1113,0.1113,0,0,0,0,0.1113,0,0.1113,0,0.1113,0.2226,0,0,0,0,0,0,0.1113,0,0,0,0,0.13,0.1709,0.1372,0.1461,0.1411,0.1635
2.3981,1.0658,0.3997,1.5988,0.9326,1.5988,0.5329,1.0658,1.0658,0.5329,1.0658,0.1332,0.1332,0.1332,0.2665,0.2665,0,0.2665,0,0,0,0.1332,0,0.1332,0,0.2665,0.1332,0.1332,0.2665,0,0,0,0,0.1332,0,0,0,0.1332,0.1332,0,0.1332,0.7994,0.1332,0.2665,0,0,0,0,0.2665,0,0.3997,0,0,0,0.1332,0,0,0.2665,0,0.1332,0.1332,0,0,0.5329,0.1332,0.2665,0,0.1332,0.1332,0.2665,0,0,0,0.2665,0.1332,0,0.1332,0,0,0,0.5329,0,0,0.1332,0.2665,0,0,0.1332,0,0,0.1332,0,0,0,0,0.7994,0,0,0.1332,0,0,0,0,0,0,0,0.2665,0,0.1332,0.1332,0.0925,0.1391,0.1237,0.1519,0.1916,0.1681
1.4224,2.5287,0.6322,2.0545,0.9482,2.0545,0.7902,0.9482,2.5287,0.7902,0.3161,0.158,0,0,0.158,0.158,0,0.158,0.3161,0,0.4741,0.3161,0.158,0.3161,0.158,0.3161,0.3161,0,0.3161,0.158,0,0,0,0.158,0,0.158,0,0.158,0.158,0,0,0.7902,0.158,0.158,0.158,0.158,0,0.3161,0.3161,0,0.3161,0.158,0,0,0.158,0.158,0,0,0.158,0,0,0,0.158,0.6322,0,0.158,0.158,0.158,0.3161,0.4741,0,0.158,0,0.4741,0,0,0,0,0.158,0,0,0,0.158,0.158,0.158,0.158,0,0.158,0.158,0,0.158,0.6322,0,0,0.158,0.7902,0.3161,0,0.3161,0.158,0,0.3161,0,0.158,0,0,0,0,0.3161,0,0.1553,0.1237,0.1292,0.1563,0.1322,0.1453
2.134,2.4388,0.6097,1.8291,0.6097,1.8291,0.4573,1.6767,2.4388,0.4573,0.7621,0.3049,0,0.1524,0.1524,0,0,0.6097,0,0,0,0.3049,0,0.6097,0,0.4573,0.1524,0,0.9146,0,0,0.1524,0,0.1524,0,0.1524,0,0.1524,0,0,0.1524,0.7621,0,0.1524,0,0,0.1524,0,0.4573,0.1524,0.1524,0.1524,0,0.1524,0,0,0,0.1524,0,0,0,0,0.1524,0.6097,0.1524,0.1524,0,0.1524,0.6097,0,0,0.1524,0,0,0,0.1524,0,0.1524,0,0,0.6097,0.3049,0,0,0.1524,0,0.1524,0.3049,0,0.1524,0.4573,0.3049,0.1524,0,0.1524,0.7621,0,0.1524,0.3049,0.1524,0,0,0.1524,0,0,0.1524,0,0,0.1524,0,0.109,0.1416,0.1405,0.1608,0.145,0.1507
0.7181,1.8671,0.8618,1.149,0.1436,1.149,0.4309,0.5745,1.8671,0.4309,0,0.1436,0.1436,0.2873,0.1436,0,0,0,0,0,0,0.1436,0.1436,0,0,0.5745,0,0,0.8618,0.1436,0.2873,0.2873,0,0,0,0,0.1436,0,0,0.1436,0,0.5745,0,0,0,0,0,0,0.5745,0,0,0,0,0,0,0,0,0.1436,0,0,0,0.1436,0.1436,0.5745,0,0,0.1436,0,0,0,0,0.1436,0,0,0,0,0,0.1436,0.1436,0,0,0.2873,0.1436,0,0,0,0,0,0.1436,0,0.2873,0,0.2873,0,0,0.5745,0.1436,0.2873,0.1436,0.1436,0.1436,0.1436,0,0.1436,0,0,0,0,0,0,0.104,0.1464,0.1375,0.113,0.1772,0.1783
0.8572,1.8369,0.1225,1.592,0.9797,1.592,0.3674,0.7348,1.8369,0.3674,0,0.2449,0,0.2449,0.1225,0,0.2449,0,0,0,0,0.2449,0,0.2449,0.2449,0.3674,0,0,0.7348,0,0.1225,0,0,0,0,0,0,0,0,0,0,0.8572,0,0,0,0,0,0.1225,0.3674,0.1225,0,0,0,0.2449,0,0,0,0.4898,0.2449,0,0.2449,0.2449,0,0.4898,0.1225,0,0,0.1225,0.2449,0.1225,0,0,0,0.1225,0,0.1225,0.1225,0,0,0,0.3674,0,0,0,0.2449,0.1225,0,0,0,0,0,0.2449,0,0.2449,0.2449,0.8572,0,0,0.2449,0,0.1225,0,0.1225,0,0,0,0,0,0,0.1225,0.1003,0.1302,0.1512,0.1714,0.1711,0.1532
1.0612,2.6531,0.6633,2.2551,0.7959,2.2551,0.5306,0.7959,2.6531,0.5306,0.1327,0.398,0,0.1327,0.2653,0,0,0,0.1327,0,0,0.1327,0.1327,0.6633,0.1327,1.0612,0.1327,0.1327,0,0.2653,0,0.2653,0,0.1327,0,0,0.1327,0.1327,0,0,0,0.7959,0.1327,0.1327,0,0,0,0,1.1939,0,0.1327,0.1327,0.1327,0,0,0,0,0,0.2653,0,0,0.1327,0.1327,0.7959,0.1327,0,0,0.398,0.5306,0.1327,0,0.1327,0,0.1327,0,0,0,0,0.2653,0,0.1327,0,0.1327,0,0,0.398,0.1327,0,0,0,0.5306,0.5306,0,0.1327,0.1327,0.7959,0.1327,0.1327,0.1327,0.1327,0.1327,0.1327,0,0.1327,0,0,0,0,0.1327,0,0.1181,0.1526,0.1327,0.1551,0.1623,0.1466
1.0311,2.2095,0.8838,1.9149,0.4419,1.9149,1.0311,1.473,2.2095,1.0311,0.1473,0,0.1473,0,0.4419,0,0.1473,0,0.1473,0,0.1473,0.4419,0,0.1473,0,0.7365,0.1473,0.1473,0,0.4419,0,0.1473,0,0.1473,0,0,0,0.1473,0.2946,0,0,0.4419,0.1473,0.1473,0,0,0.1473,0.1473,0.7365,0.1473,0.1473,0,0,0.1473,0,0,0,0.1473,0,0,0.2946,0,0.1473,0.5892,0,0.1473,0,0.4419,0.1473,0.1473,0,0.1473,0,0.2946,0,0.1473,0,0,0.4419,0,0.2946,0,0.1473,0.4419,0,0.2946,0.1473,0,0,0.1473,0,0.5892,0,0,0,0.4419,0.4419,0.2946,0.2946,0.1473,0,0.4419,0.2946,0,0,0.1473,0,0,0.1473,0,0.1451,0.1366,0.147,0.1319,0.1153,0.1768
0.9796,2.6122,0.3265,2.2857,0.4898,2.2857,0.4898,0.8163,2.6122,0.4898,0.3265,0,0,0,0.3265,0,0,0.1633,0.1633,0,0.3265,0.653,0,0.4898,0.1633,0.4898,0,0,0.3265,0.1633,0,0,0,0.3265,0,0,0,0,0,0,0,0.9796,0,0.1633,0,0,0,0.1633,0.653,0.1633,0.3265,0,0,0,0,0,0,0.1633,0,0,0,0,0.3265,0.9796,0,0.1633,0,0.1633,0.653,0,0,0.1633,0,0,0,0.1633,0,0,0.1633,0,0,0,0,0.3265,0,0.3265,0,0.1633,0,0,0,0.653,0,0,0,0.9796,0.1633,0,0.653,0.1633,0,0.1633,0,0,0,0,0.3265,0,0,0,0.1177,0.1273,0.1223,0.1875,0.134,0.1478
0.849,2.3773,0.3396,2.3773,0.5094,2.3773,0.849,1.8679,2.3773,0.849,0.1698,0,0,0,0,0,0,0.5094,0.1698,0,0,0.849,0,0.5094,0,0.5094,0,0.3396,0,0.1698,0,0,0,0.1698,0,0,0,0.1698,0,0,0.1698,1.0189,0,0.1698,0,0,0,0.1698,0.3396,0.5094,0,0,0,0,0.1698,0,0,0.3396,0,0,0,0,0,1.0189,0,0.1698,0,0.1698,0.849,0,0,0.1698,0,0,0,0.5094,0,0,0.1698,0,0.5094,0,0.3396,0.3396,0.1698,0.1698,0.1698,0.1698,0,0,0,0,0,0,0,1.0189,0.3396,0,0.849,0.1698,0,0.3396,0,0,0.1698,0,0.3396,0,0,0,0.1058,0.1438,0.1358,0.162,0.1325,0.1501
0.5964,2.3857,0.5964,2.2366,0.1491,2.2366,1.0438,1.0438,2.3857,1.0438,0,0,0,0.1491,0,0.1491,0,0.1491,0.1491,0,0.1491,0.1491,0.1491,0.5964,0.1491,0.2982,0,0.1491,0.2982,0.4473,0,0,0.1491,0,0,0,0,0.1491,0.1491,0,0.1491,0.8946,0,0.1491,0,0.1491,0.1491,0,0.2982,0.4473,0,0,0,0.1491,0,0,0,0,0,0,0.2982,0.7455,0,0.4473,0,0.1491,0,0,0.5964,0,0,0,0,0,0,0.4473,0.1491,0,0.4473,0,0,0,0.1491,0,0,0.1491,0.1491,0.2982,0.2982,0,0,0.2982,0,0.7455,0,0.7455,0.2982,0.1491,0.1491,0,0,0.2982,0.1491,0,0,0.1491,0.2982,0,0,0.1491,0.1154,0.1392,0.1662,0.164,0.133,0.1332
0.7599,1.2665,0.6332,1.7731,0.5066,1.7731,0.6332,0.2533,1.2665,0.6332,0,0,0,0.5066,0.1266,0,0,0,0.1266,0,0.1266,0.2533,0,0.1266,0,0.1266,0,0.1266,0.5066,0,0.1266,0,0.1266,0,0,0.1266,0,0,0.1266,0,0.1266,0.6332,0.1266,0.5066,0,0,0.1266,0,0.1266,0.1266,0,0,0,0.1266,0,0.1266,0.1266,0.1266,0,0,0.3799,0.1266,0.2533,0,0.2533,0.5066,0.2533,0,0,0,0,0.2533,0,0,0,0.1266,0.1266,0,0.1266,0,0,0,0,0.1266,0,0,0,0,0,0.1266,0,0,0,0.1266,0,0.6332,0,0,0.2533,0.2533,0,0,0,0.2533,0.1266,0.1266,0,0,0,0.1266,0.1533,0.1346,0.1407,0.1413,0.1404,0.163
0.9045,2.1105,0.603,1.5075,0.3015,1.5075,0.3015,0.3015,2.1105,0.3015,0.4522,0.1507,0.1507,0,0,0,0,0,0.1507,0,0,0.4522,0.1507,0.4522,0,0.4522,0,0.1507,0.3015,0.1507,0.1507,0.1507,0.1507,0.1507,0,0,0,0,0,0,0,0.7537,0,0.1507,0,0,0.1507,0,0.4522,0,0,0.1507,0,0,0.1507,0,0,0,0,0,0,0.1507,0,0.3015,0,0.1507,0,0.1507,0.603,0.1507,0,0,0,0.1507,0,0,0,0,0.1507,0,0,0,0.1507,0.1507,0,0,0,0,0,0,0.3015,0,0,0.1507,0.1507,0.7537,0.1507,0,0.4522,0,0,0.1507,0,0,0,0.1507,0,0,0,0,0.1002,0.1244,0.1206,0.1595,0.1878,0.1568
0.6705,1.8773,0.8046,1.4751,0.4023,1.4751,0.2682,0.6705,1.8773,0.2682,0.1341,0,0.2682,0.1341,0,0.1341,0,0,0,0,0.1341,0.2682,0.1341,0.5364,0,0.1341,0,0,0.5364,0,0.1341,0,0,0,0.1341,0.1341,0,0.4023,0,0,0.2682,0.4023,0,0.1341,0.1341,0.2682,0.1341,0,0.1341,0,0,0,0.1341,0,0,0.1341,0,0,0.1341,0,0,0.2682,0.2682,0.2682,0,0.1341,0,0,0.5364,0,0,0.1341,0,0,0,0,0,0.1341,0,0,0,0,0,0.1341,0.1341,0,0.1341,0,0.1341,0.1341,0,0.8046,0,0.2682,0,0.4023,0,0,0.2682,0.1341,0,0,0,0,0,0.1341,0,0.1341,0,0,0.1043,0.1466,0.1548,0.171,0.1451,0.1441
0.7969,1.7266,0.3985,0.9297,0.6641,0.9297,0.1328,0.2656,1.7266,0.1328,0.2656,0.1328,0.1328,0,0.1328,0.1328,0,0,0,0,0.1328,0.2656,0.1328,0.3985,0,0.1328,0.1328,0,0.5313,0,0.1328,0.1328,0,0,0,0.1328,0,0,0,0,0.1328,0.1328,0,0.1328,0.1328,0.2656,0,0,0.1328,0,0,0,0,0.1328,0,0,0,0.2656,0.1328,0,0.1328,0.1328,0,0,0,0.1328,0,0,0.3985,0.1328,0,0,0,0.1328,0,0,0,0,0,0,0,0,0,0,0.2656,0,0,0,0,0,0,0.7969,0.1328,0.1328,0.1328,0.1328,0,0,0.3985,0,0,0,0,0,0,0,0,0,0.1328,0,0.0969,0.1328,0.1681,0.1495,0.1584,0.1614
1.2122,1.0775,0.4041,1.8857,0.8081,1.8857,0.8081,0.2694,1.0775,0.8081,0.2694,0.1347,0.1347,0,0.2694,0.1347,0.1347,0.1347,0,0,0,0,0,0.4041,0.1347,0.4041,0.1347,0,0,0,0.1347,0,0,0.2694,0,0,0,0,0,0,0,0.5388,0,0.2694,0,0.2694,0,0,0.4041,0.4041,0.1347,0,0.1347,0.1347,0,0,0,0.1347,0.1347,0.1347,0.4041,0.2694,0,0,0,0.2694,0.2694,0,0.4041,0.1347,0,0,0,0.1347,0.1347,0.4041,0.1347,0,0,0,0.1347,0,0,0,0.1347,0,0,0,0,0,0.1347,0,0.1347,0.2694,0,0.4041,0.1347,0,0,0,0,0.1347,0,0.2694,0.1347,0,0,0,0.1347,0.1347,0.1164,0.1223,0.1594,0.1631,0.1563,0.1478
1.0973,1.7831,0.823,2.1946,0.2743,2.1946,0.2743,1.0973,1.7831,0.2743,0.1372,0.1372,0.2743,0.2743,0,0,0.1372,0.1372,0,0,0.1372,0.1372,0,0.2743,0,0.6858,0.1372,0.1372,0.2743,0,0.1372,0.1372,0,0,0.1372,0,0,0.1372,0.2743,0,0,0.6858,0,0.2743,0.1372,0.2743,0,0.1372,0.6858,0,0,0.2743,0,0,0,0,0,0,0,0,0,0.1372,0.4115,0.823,0,0.2743,0,0,0.2743,0.1372,0,0,0,0.1372,0,0,0,0.1372,0,0,0.2743,0,0,0.1372,0,0.1372,0,0.4115,0,0.1372,0.2743,0.2743,0.1372,0.1372,0,0.823,0,0,0.1372,0,0.1372,0,0,0,0,0,0,0,0.1372,0,0.1071,0.1594,0.1613,0.1512,0.1192,0.1646
0.669,1.0704,0.4014,1.8732,0.4014,1.8732,0.5352,0.4014,1.0704,0.5352,0.1338,0.1338,0.1338,0.1338,0,0,0.1338,0,0,0,0,0.1338,0,0.4014,0,0.1338,0.1338,0,0,0.2676,0,0.1338,0,0,0,0.2676,0,0,0,0,0.1338,0.2676,0,0.669,0,0,0.2676,0.1338,0.1338,0.1338,0.2676,0,0,0,0,0,0,0,0,0.1338,0,0.1338,0,0.5352,0.1338,0.669,0,0,0.4014,0,0,0,0,0,0.1338,0.1338,0,0,0.2676,0,0.1338,0,0.1338,0,0,0,0,0.1338,0,0,0,0.2676,0.1338,0.1338,0,0.2676,0,0.1338,0.1338,0,0,0,0,0,0.1338,0.2676,0,0,0.1338,0,0.0972,0.1823,0.1937,0.1398,0.1141,0.1392
0.3358,1.1192,1.7907,2.3504,0.4477,2.3504,0.1119,0.4477,1.1192,0.1119,0,0,0,0.3358,0,0,0,0,0,0,0,0.1119,0.1119,0.3358,0,0.5596,0,0,0,0,0.2238,0.1119,0.5596,0.1119,0.1119,0.3358,0,0.1119,0.1119,0,0,0.4477,0.1119,0.5596,0,0.4477,0,0.2238,0.5596,0,0,0,0.1119,0.3358,0,0,0,0,0,0,0.1119,0.1119,0.6715,0.2238,0.3358,0.4477,0.1119,0,0.2238,0.1119,0,0,0,0.1119,0,0,0,0,0,0,0,0.1119,0,0.1119,0,0,0,0.1119,0.1119,0,0,0.2238,0.2238,0.1119,0,0.4477,0,0,0.1119,0,0,0,0,0.1119,0,0,0,0,0,0,0.1418,0.1816,0.1658,0.1261,0.1364,0.1364
0.4639,2.0102,0,1.5463,0.9278,1.5463,1.0824,0.6185,2.0102,1.0824,0,0,0,0.1546,0.1546,0,0,0.1546,0,0,0,0.4639,0,0.4639,0,0.1546,0.1546,0,0.6185,0.1546,0,0,0,0,0,0,0,0,0,0,0,0,0,0,0.1546,0.9278,0,0,0.1546,0.3093,0.1546,0.3093,0,0.1546,0,0.1546,0,0,0,0.1546,0,0.3093,0,0,0.3093,0,0.1546,0.1546,0.3093,0.1546,0,0,0,0.1546,0.1546,0.3093,0.1546,0.1546,0.1546,0,0.1546,0,0,0,0.1546,0,0,0.1546,0.1546,0,0.1546,0.6185,0,0.3093,0,0,0.3093,0,0.4639,0.1546,0,0.3093,0,0.1546,0,0,0.3093,0,0.1546,0.1546,0.1151,0.1586,0.1697,0.1398,0.1219,0.1403
0.3122,1.4051,0.6245,1.8735,1.249,1.8735,0.6245,0.6245,1.4051,0.6245,0,0,0.1561,0.1561,0,0,0,0,0,0,0.1561,0,0,0.3122,0.1561,0.4684,0.1561,0,0,0.1561,0,0,0,0.1561,0.1561,0,0,0.1561,0,0,0.1561,0.3122,0.1561,0.1561,0,0.3122,0.1561,0,0.4684,0.1561,0,0.1561,0.1561,0,0.3122,0,0.1561,0.1561,0.3122,0,0,0.4684,0,0.3122,0,0.3122,0,0.3122,0.1561,0.3122,0,0,0,0.3122,0,0.1561,0,0,0.1561,0,0,0,0.1561,0,0.1561,0.1561,0,0,0.1561,0,0,0.3122,0,0.4684,0.1561,0.3122,0.1561,0,0,0,0,0.1561,0,0,0.1561,0.1561,0,0,0.1561,0,0.1398,0.1211,0.1114,0.1425,0.1457,0.1833
0.6812,1.8734,0.5109,2.5546,0,2.5546,0.6812,0.5109,1.8734,0.6812,0,0,0,0.1703,0,0.1703,0,0.1703,0.1703,0,0,0.1703,0.3406,0.6812,0,0.5109,0.1703,0,0,0,0.1703,0.1703,0,0,0,0.1703,0,0,0,0,0.1703,0.5109,0,1.0218,0,0.1703,0,0,0.6812,0,0,0,0,0,0,0,0,0,0,0,0.1703,0,0,0.1703,0,1.0218,0.1703,0,0.6812,0.1703,0,0.1703,0,0.1703,0,0,0,0.3406,0,0,0,0,0,0,0,0,0.1703,0,0,0.3406,0.1703,0.6812,0,0,0,0.5109,0.1703,0,0.1703,0.1703,0,0.1703,0.1703,0.1703,0,0,0,0,0.1703,0,0.1125,0.1463,0.1667,0.1486,0.1331,0.1224
1.11,1.6649,0.4162,1.2487,0.6937,1.2487,0.1387,0.555,1.6649,0.1387,0.1387,0.1387,0.2775,0.1387,0.2775,0,0,0.1387,0,0,0,0.4162,0,0.4162,0,0.4162,0.1387,0,0.2775,0,0,0,0,0.2775,0,0,0,0.1387,0,0,0.2775,0.2775,0,0.1387,0,0,0,0.1387,0.4162,0,0,0,0,0.1387,0,0.2775,0,0.1387,0,0,0.4162,0,0,0,0.1387,0.1387,0,0,0.4162,0.1387,0,0,0,0.1387,0,0,0,0,0,0,0.1387,0,0,0,0.2775,0.1387,0,0,0,0,0,0.8325,0.1387,0,0,0.2775,0,0,0.4162,0,0,0,0,0,0,0,0,0,0.1387,0,0.1409,0.154,0.1064,0.1656,0.1336,0.1608
0.7746,3.0984,2.4787,2.6336,0.9295,2.6336,0.3098,1.5492,3.0984,0.3098,0,0.1549,0.1549,0.1549,0.1549,0.1549,0,0,0,0,0.1549,0.4648,0.3098,0.9295,0,0.7746,0,0,0.3098,0.1549,0.1549,0.1549,0.9295,0,0.1549,0.1549,0,0.4648,0.4648,0,0.1549,1.0844,0,0.3098,0,0,0,0.1549,0.7746,0,0.1549,0,0.3098,0,0,0,0,0.4648,0,0,0,0.1549,0.3098,0.3098,0,0.3098,0.3098,0.3098,0.9295,0,0,0.1549,0,0,0,0,0,0,0.1549,0,0.1549,0,0.4648,0.3098,0.3098,0.1549,0,0.1549,0,0,0,0.9295,0,0.3098,0.1549,1.0844,0,0,0.4648,0.1549,0,0,0,0.3098,0,0,0,0,0,0,0.1103,0.1234,0.1267,0.1597,0.147,0.1779
0.2881,1.4404,0,1.8725,1.0083,1.8725,0.2881,0.5762,1.4404,0.2881,0,0.144,0,0,0.144,0,0,0,0,0,0,0,0,0.144,0.2881,0.7202,0,0,0.2881,0,0,0,0,0,0,0,0,0,0,0,0.144,0.5762,0,0.144,0,0,0,0.2881,0.7202,0,0,0,0,0.2881,0.144,0.144,0,0.144,0.144,0.144,0.144,0.5762,0,0.2881,0.144,0.144,0.144,0,0.144,0.144,0,0,0,0.144,0,0,0,0,0.144,0,0,0,0,0,0.144,0.2881,0,0.144,0,0,0,0,0,0.5762,0.144,0.5762,0.144,0,0,0,0,0.144,0,0.144,0,0,0,0,0,0,0.1468,0.1077,0.146,0.1289,0.1669,0.1597
0.74,1.48,0.592,1.776,0.592,1.776,0.296,1.332,1.48,0.296,0.148,0.148,0,0,0.148,0,0,0.296,0,0,0,0.296,0.148,0.148,0,0.444,0,0.148,0.296,0,0,0,0,0.296,0,0,0.148,0.148,0,0,0,0.444,0,0.592,0,0,0,0,0.444,0.296,0.296,0,0.148,0,0.148,0,0,0,0,0,0.148,0.444,0,0,0,0.592,0,0.296,0.148,0,0,0,0,0,0,0.296,0,0,0,0,0.148,0.148,0.148,0.148,0.296,0,0.148,0.148,0.148,0,0,0,0.148,0.444,0,0.444,0,0.148,0.296,0,0,0,0,0,0,0,0,0.148,0.148,0,0.1047,0.1428,0.1096,0.1794,0.1667,0.1489
1.1044,2.2088,0.9203,1.4725,0.1841,1.4725,0.7363,0.9203,2.2088,0.7363,0.1841,0.1841,0,0,0,0,0.1841,0.5522,0,0,0,0.5522,0,0.3681,0,0.7363,0,0,0.3681,0.1841,0.3681,0.1841,0,0.1841,0,0,0,0.1841,0,0,0,0.3681,0,0.1841,0,0,0,0,0.7363,0.1841,0,0,0,0,0,0,0,0.1841,0,0,0.1841,0.3681,0,0.3681,0,0.1841,0,0,0.3681,0,0,0.3681,0,0,0,0.1841,0,0,0.1841,0,0.1841,0,0.3681,0,0.1841,0,0.1841,0,0,0,0,0,0.3681,0.3681,0,0.3681,0,0,0.5522,0.3681,0.1841,0,0.1841,0,0,0,0.3681,0,0,0,0.0828,0.1332,0.1544,0.1448,0.1522,0.1485
1.6212,1.4861,1.4861,2.5668,0.9457,2.5668,0.5404,1.4861,1.4861,0.5404,0.1351,0,0.4053,0,0.4053,0.2702,0,0.1351,0.2702,0,0.1351,0.1351,0.1351,0.4053,0,0.5404,0,0.1351,0,0,0.1351,0,0.1351,0.1351,0,0.1351,0,0.4053,0.2702,0.1351,0.2702,0.2702,0.1351,0.6755,0,0,0.1351,0.4053,0.4053,0.2702,0.6755,0.2702,0,0,0,0,0,0,0,0,0,0.2702,0.2702,0.8106,0,0.5404,0.1351,0.2702,0.2702,0,0,0.1351,0.1351,0,0,0.2702,0,0,0,0,0.2702,0,0.2702,0.1351,0.1351,0.4053,0,0.1351,0.1351,0,0,0.2702,0,0.2702,0.1351,0.2702,0.2702,0,0.1351,0.1351,0,0.1351,0,0.1351,0.1351,0.1351,0,0,0,0,0.1331,0.1677,0.1285,0.1318,0.1465,0.1574
1.2521,2.6608,0.6261,2.5042,0.4695,2.5042,0.9391,0.9391,2.6608,0.9391,0,0.1565,0,0.4695,0.1565,0,0.1565,0.1565,0,0.1565,0,0.4695,0,0.6261,0.1565,1.2521,0.1565,0,0,0,0.1565,0,0.1565,0,0,0.1565,0,0,0,0,0,0.7826,0,0.1565,0,0,0,0.1565,1.2521,0.1565,0.1565,0,0,0,0,0,0,0.313,0,0,0.313,0.7826,0.1565,0,0,0.1565,0.1565,0,0.6261,0.313,0.1565,0.1565,0,0.313,0,0.1565,0,0,0.1565,0,0.1565,0.1565,0,0,0.1565,0.1565,0,0.1565,0,0.1565,0.1565,0,0.1565,0.7826,0,0.6261,0.1565,0.1565,0.4695,0.1565,0,0.1565,0.1565,0.1565,0,0,0.313,0,0.1565,0,0.1227,0.1239,0.1552,0.1423,0.1452,0.1542
0.2614,1.0456,0.7842,2.0913,0.1307,2.0913,0.2614,0.5228,1.0456,0.2614,0,0,0.1307,0.1307,0,0,0,0,0,0,0.1307,0,0,0.2614,0,0.5228,0,0,0,0.1307,0,0,0.2614,0.2614,0,0,0,0.1307,0.1307,0,0,0.5228,0.1307,0.7842,0,0,0,0,0.5228,0.1307,0,0,0.1307,0,0,0,0,0,0,0,0.1307,0.1307,0.1307,0.1307,0,0.7842,0.1307,0.2614,0.2614,0,0,0,0,0,0,0.1307,0,0,0.1307,0,0,0,0,0.1307,0.1307,0.2614,0,0,0,0,0,0.2614,0,0.1307,0,0.3921,0.1307,0.1307,0,0,0,0.1307,0,0.1307,0,0,0,0,0,0,0.1242,0.1361,0.1703,0.1577,0.1516,0.1294
0.3377,2.0263,0.5066,1.6885,0.3377,1.6885,0.5066,1.3508,2.0263,0.5066,0,0,0,0.1689,0,0,0,0,0.1689,0,0,0.5066,0,0.5066,0,0.5066,0,0,0.3377,0.1689,0,0,0.1689,0,0,0,0,0.3377,0,0,0,0.3377,0,0.3377,0,0,0,0.3377,0.5066,0.1689,0.1689,0,0.1689,0,0,0,0,0,0,0,0.1689,0,0,0.3377,0.1689,0.1689,0.1689,0.1689,0.3377,0,0,0.1689,0,0,0,0.1689,0,0,0.1689,0,0,0,0.1689,0,0.1689,0.5066,0.3377,0.1689,0,0,0,1.0131,0,0,0,0.3377,0,0,0.5066,0.1689,0,0,0,0.1689,0,0,0,0.3377,0,0,0.1309,0.1136,0.1285,0.1174,0.1598,0.1809
1.6271,2.0709,0.5917,2.2188,0.2958,2.2188,0.1479,1.4792,2.0709,0.1479,0.5917,0.2958,0,0.1479,0,0.1479,0,0.4438,0,0,0,0.5917,0,0.7396,0,0.2958,0,0.2958,0,0.1479,0.1479,0.1479,0,0.1479,0,0,0,0.1479,0,0,0,0.4438,0.1479,0.4438,0,0.5917,0,0.1479,0.2958,0,0.1479,0,0,0,0.1479,0,0,0,0,0,0.2958,0.2958,0.1479,0.2958,0,0.1479,0.1479,0.1479,0.7396,0,0,0,0,0,0,0,0,0,0.1479,0,0.1479,0.2958,0.2958,0,0,0.2958,0,0.1479,0.2958,0,0.2958,0,0,0.2958,0.1479,0.5917,0,0.1479,0.5917,0,0,0,0,0.1479,0,0,0,0,0,0,0.128,0.1559,0.1409,0.1369,0.1421,0.1483
1.1722,1.4326,0.6512,2.2141,1.1722,2.2141,0.521,0.2605,1.4326,0.521,0.1302,0,0,0.3907,0.2605,0.2605,0,0,0,0,0.1302,0.3907,0,0.3907,0,0,0.2605,0,0,0.2605,0.2605,0,0,0,0,0.1302,0,0.2605,0,0,0,0.6512,0.2605,0.7814,0,0.2605,0.1302,0,0.1302,0,0.3907,0,0.2605,0.2605,0.1302,0,0,0,0,0.1302,0.2605,0.2605,0,0,0.521,0.6512,0.1302,0,0.3907,0,0,0.1302,0,0,0.1302,0,0,0,0.2605,0,0,0,0.1302,0,0,0.1302,0,0,0,0,0,0,0,0.2605,0,0.6512,0,0,0.3907,0.1302,0,0,0,0.1302,0,0.1302,0,0,0.2605,0,0.122,0.1557,0.1284,0.1569,0.1668,0.14
1.5557,1.815,0.9075,1.6854,0.3889,1.6854,0.5186,0.6482,1.815,0.5186,0.7779,0,0.2593,0.1296,0,0,0,0.1296,0.1296,0,0.3889,0.3889,0.1296,0.2593,0,0,0,0,0.5186,0.1296,0.2593,0.1296,0.1296,0,0,0,0,0.2593,0.1296,0,0,0.9075,0,0.1296,0.1296,0,0.1296,0,0,0.3889,0.1296,0,0,0,0,0,0.1296,0,0.1296,0,0,0.3889,0.2593,0.5186,0,0.1296,0.1296,0,0.2593,0,0,0,0,0,0,0.3889,0,0,0.1296,0,0,0,0.1296,0,0.2593,0,0.1296,0.1296,0,0,0,0,0,0.3889,0,0.9075,0,0,0.5186,0,0,0,0,0.2593,0,0.2593,0,0,0,0,0.0849,0.1252,0.1688,0.1562,0.1741,0.1612
1.1325,1.0067,0.5033,1.2583,1.2583,1.2583,0.3775,0.8808,1.0067,0.3775,0.1258,0.1258,0.2517,0,0.2517,0.1258,0.1258,0.1258,0,0,0,0.1258,0,0.3775,0,0,0,0,0.5033,0,0.3775,0,0,0,0,0,0,0.1258,0,0,0.1258,0.3775,0,0.5033,0,0.2517,0,0,0,0,0.1258,0,0.1258,0.1258,0.2517,0,0.1258,0.3775,0,0.1258,0.1258,0.1258,0,0,0,0.5033,0.1258,0,0.3775,0,0,0.2517,0,0,0.1258,0,0,0,0,0,0.1258,0,0,0,0.3775,0,0,0.2517,0,0,0,0,0.1258,0.1258,0,0.3775,0,0,0.1258,0.2517,0,0,0,0.1258,0.2517,0,0,0,0,0,0.0539,0.1165,0.1488,0.1658,0.1848,0.2044
0.8472,1.4523,0.4841,1.4523,0.9682,1.4523,0,0.9682,1.4523,0,0.242,0,0.242,0.121,0.121,0,0,0.121,0,0,0,0.3631,0.121,0.3631,0.121,0.121,0,0.121,0.242,0,0.121,0,0,0.121,0,0,0,0.121,0.121,0,0,0.4841,0,0.4841,0,0.242,0,0.121,0.121,0,0.242,0,0,0,0.4841,0,0,0.121,0.121,0,0,0.121,0,0.242,0,0.6051,0,0.121,0.3631,0,0,0,0,0,0,0,0,0,0,0,0.242,0.121,0.121,0,0.242,0,0,0.121,0.121,0,0,0.242,0,0.121,0,0.4841,0,0.121,0.3631,0,0,0,0,0,0,0,0,0,0,0,0.0563,0.0995,0.1519,0.1841,0.1978,0.1894
0.7028,1.5461,1.1244,1.9678,0.1406,1.9678,0.4217,0.5622,1.5461,0.4217,0.1406,0,0.1406,0,0.1406,0.1406,0.1406,0,0,0,0.1406,0.4217,0,0.1406,0,0.4217,0,0.1406,0.2811,0,0.1406,0.2811,0.1406,0.2811,0,0,0,0.1406,0.1406,0,0.1406,0.4217,0.1406,0.2811,0,0.2811,0.1406,0,0.4217,0.1406,0.1406,0,0,0,0,0,0,0,0,0,0,0.1406,0.1406,0.8433,0,0.2811,0.1406,0.1406,0.1406,0.1406,0,0.1406,0,0.1406,0,0.1406,0,0,0,0,0,0,0.2811,0,0,0,0,0.1406,0.1406,0,0,0,0.1406,0.1406,0,0.5622,0,0,0.4217,0.1406,0,0,0.1406,0.1406,0,0.1406,0,0,0,0,0.1109,0.1577,0.1314,0.1606,0.1516,0.1472
0.4676,2.3379,2.0262,2.1821,0.4676,2.1821,0.1559,1.5586,2.3379,0.1559,0,0,0.1559,0.1559,0,0,0,0,0.1559,0,0,0.3117,0.1559,0.4676,0.1559,0.6234,0,0,0.6234,0,0,0.3117,0.1559,0.3117,0,0.1559,0,0.7793,0.1559,0,0,1.091,0.1559,0.3117,0,0,0,0,0.6234,0,0,0,0,0.1559,0,0,0.1559,0,0,0.1559,0.1559,0.3117,0.3117,0.3117,0.1559,0.3117,0,0.1559,0.4676,0,0,0,0,0,0.1559,0,0,0,0,0,0.1559,0,0.6234,0.3117,0,0,0,0.4676,0,0,0,0.3117,0.3117,0.1559,0,1.091,0,0.1559,0.3117,0,0.1559,0,0,0,0,0,0,0,0,0,0.1332,0.1247,0.1435,0.1262,0.1588,0.1577
0.9654,2.2065,1.1033,1.9307,0.9654,1.9307,0.8275,1.1033,2.2065,0.8275,0.1379,0,0,0.4137,0,0.1379,0.1379,0,0.1379,0,0,0.5516,0,0.6895,0.1379,0.4137,0,0,0.2758,0.1379,0,0.4137,0,0.1379,0,0.1379,0,0.2758,0,0,0.1379,0.5516,0.2758,0.1379,0,0,0.1379,0.2758,0.4137,0,0.1379,0.1379,0.2758,0,0.2758,0,0,0,0,0.1379,0.1379,0.1379,0,0.2758,0.2758,0.2758,0,0,0.6895,0.1379,0.1379,0.2758,0,0.1379,0,0,0.1379,0,0.1379,0,0.1379,0,0.1379,0,0.1379,0.2758,0.1379,0.2758,0,0,0.1379,0,0.2758,0.1379,0,0.5516,0.1379,0.1379,0.5516,0.2758,0,0.1379,0.1379,0,0.1379,0.1379,0.1379,0,0,0.1379,0.1311,0.1489,0.1538,0.1756,0.1274,0.1253
0.8825,2.6474,0.353,2.1179,0.5295,2.1179,1.4119,0.8825,2.6474,1.4119,0,0,0,0,0.1765,0.1765,0.1765,0,0.353,0,0.1765,0.706,0,0.706,0,0.706,0,0.1765,0.1765,0,0,0,0,0,0,0,0,0,0.1765,0,0.1765,0.706,0,0.1765,0,0,0.1765,0,0.706,0.1765,0.1765,0.1765,0,0,0,0,0,0.1765,0,0,0.1765,0.353,0,0,0,0.1765,0.1765,0,0.5295,0.706,0,0.1765,0,0.706,0,0.1765,0.353,0,0,0,0,0,0.1765,0,0.1765,0,0,0.5295,0,0,0,0,0,0.353,0.1765,0.706,0.5295,0,0.706,0.1765,0,0.5295,0.1765,0.1765,0,0.1765,0,0,0,0.353,0.1244,0.1548,0.1257,0.1255,0.1412,0.1519
0.15,2.0995,1.4997,1.6496,0.15,1.6496,1.0498,1.3497,2.0995,1.0498,0,0,0.15,0,0,0,0,0,0,0,0,0.15,0.2999,0.5999,0,0.4499,0.15,0.15,0.2999,0,0.15,0.2999,0.2999,0,0,0.15,0.15,0.15,0.2999,0,0,0.4499,0.15,0.15,0,0,0.15,0,0.4499,0.2999,0,0,0,0,0,0,0,0,0,0,0,0.2999,0,0,0,0.15,0.2999,0,0.5999,0.2999,0,0.2999,0,0.2999,0,0.2999,0,0.15,0,0,0,0.15,0.5999,0,0,0,0,0.4499,0.15,0,0,0,0,0.2999,0.15,0.4499,0.2999,0.4499,0.15,0.2999,0,0.2999,0,0.2999,0,0.15,0,0,0.15,0.15,0.1157,0.1619,0.1163,0.1318,0.1732,0.1511
1.3236,1.5643,0.8423,2.6472,0.722,2.6472,0.361,1.2033,1.5643,0.361,0.2407,0.1203,0.1203,0,0.1203,0.361,0,0.1203,0,0.1203,0,0,0,0.6016,0,0.722,0.1203,0,0,0.1203,0.2407,0.1203,0.1203,0.1203,0,0.1203,0,0,0.1203,0,0.2407,0.722,0.2407,0.4813,0.2407,0,0,0.1203,0.4813,0.1203,0.2407,0,0.1203,0.1203,0.1203,0,0,0.1203,0,0,0.2407,0.2407,0.1203,0.4813,0,0.4813,0.2407,0.2407,0.6016,0,0,0,0,0.1203,0,0.1203,0,0,0.1203,0,0.1203,0.1203,0.1203,0.2407,0.2407,0.1203,0,0.1203,0.1203,0,0,0.2407,0,0.2407,0,0.722,0,0.361,0,0,0,0,0,0.2407,0,0,0,0,0.1203,0,0.1281,0.1618,0.1727,0.1389,0.1426,0.1356
0.6158,2.1554,0.6158,2.1554,0.3079,2.1554,0.4619,0.6158,2.1554,0.4619,0,0,0,0.154,0.154,0.154,0,0,0.154,0,0.3079,0.3079,0.154,0.6158,0.154,0.3079,0.154,0,0,0.154,0,0.3079,0,0,0,0.154,0,0,0.154,0,0,0.7698,0.3079,0.4619,0,0,0,0.154,0.3079,0,0,0,0,0.154,0,0,0,0,0.154,0,0,0.3079,0,0.3079,0,0.4619,0.154,0.154,0.7698,0,0,0.3079,0,0,0,0,0,0,0.154,0,0.154,0.154,0,0,0,0.154,0.154,0,0,0,0.154,0,0.154,0.3079,0,0.7698,0,0.154,0.3079,0.3079,0,0,0,0.154,0,0,0,0.154,0.154,0,0.1462,0.1847,0.135,0.1283,0.1058,0.146
1.4655,1.4655,0.1628,1.954,0.8142,1.954,0.4885,0.8142,1.4655,0.4885,0.3257,0,0,0,0.3257,0.1628,0,0.4885,0.1628,0,0.1628,0.3257,0.1628,0.1628,0,0.3257,0,0.1628,0,0,0,0,0,0,0,0.1628,0,0,0,0,0.1628,0.3257,0,0.6513,0,0,0,0.1628,0.4885,0.1628,0.4885,0.1628,0,0,0.1628,0,0,0,0,0,0,0.3257,0,0.3257,0,0.6513,0.3257,0,0.1628,0.1628,0,0.1628,0,0.1628,0,0.1628,0,0,0,0,0.3257,0,0,0,0.1628,0.1628,0,0,0.1628,0,0,0,0,0.3257,0.1628,0.3257,0.1628,0,0.3257,0.1628,0,0.1628,0,0.3257,0,0,0,0,0,0,0.1205,0.1263,0.1503,0.1567,0.153,0.1303
0.6433,1.6725,1.0292,2.7017,0.6433,2.7017,0.7719,1.0292,1.6725,0.7719,0,0,0,0,0.1287,0.1287,0.1287,0,0.1287,0,0,0.386,0.386,0.2573,0.1287,0.5146,0,0,0,0,0.2573,0,0.1287,0,0,0,0,0.5146,0.1287,0,0,0.6433,0.2573,0.6433,0,0,0,0.2573,0.5146,0.386,0.1287,0.1287,0,0,0,0,0.1287,0.1287,0.1287,0,0.1287,0.386,0,0.7719,0,0.6433,0.2573,0,0.2573,0.2573,0,0,0,0.2573,0,0.386,0.1287,0,0,0,0,0,0.1287,0,0.2573,0.5146,0,0,0.1287,0,0.1287,0,0,0.386,0,0.5146,0.1287,0.1287,0.386,0,0,0.1287,0.1287,0.2573,0.1287,0,0,0,0,0.1287,0.1093,0.1633,0.1684,0.1549,0.1345,0.141
0.6043,1.5107,1.0575,1.6618,0.1511,1.6618,0.6043,0.9064,1.5107,0.6043,0.1511,0,0.1511,0,0,0.1511,0,0.1511,0,0,0,0.1511,0,0.1511,0,0.4532,0.4532,0,0,0.3021,0.1511,0,0.1511,0.3021,0,0.1511,0,0.3021,0,0,0.1511,0.6043,0.1511,0.1511,0,0,0,0,0.4532,0.1511,0,0,0.1511,0,0,0,0,0,0,0,0,0.6043,0.1511,0,0,0.1511,0.1511,0.3021,0.1511,0,0,0.1511,0,0,0,0.1511,0,0,0.3021,0,0.1511,0,0.3021,0.1511,0.1511,0,0,0.1511,0,0,0,0,0,0.6043,0,0.6043,0,0,0.1511,0.1511,0,0,0,0.1511,0,0,0,0,0.4532,0,0.1281,0.1227,0.1339,0.1492,0.1631,0.152
0.569,2.276,0.7112,1.707,0.9957,1.707,0.7112,0.1422,2.276,0.7112,0,0.1422,0.1422,0.1422,0,0.1422,0,0,0,0,0,0.569,0.2845,0.2845,0.2845,0.4267,0.1422,0,0.2845,0,0.1422,0,0,0.1422,0,0.1422,0,0,0.2845,0,0.1422,0.2845,0.2845,0.1422,0.1422,0.2845,0,0,0.4267,0,0.1422,0,0,0,0.1422,0.2845,0.1422,0,0.1422,0,0.1422,0.4267,0,0.569,0.1422,0.1422,0,0,0.2845,0,0,0.2845,0,0,0,0,0.1422,0,0,0.2845,0,0,0,0,0,0,0,0,0.1422,0,0,0.569,0,0.4267,0.1422,0.2845,0,0,0.569,0.2845,0,0,0,0,0.1422,0,0.2845,0,0.1422,0.1422,0.1221,0.1714,0.1323,0.1354,0.1546,0.1419
1.4532,2.1798,1.7438,3.197,0.5813,3.197,0.2906,0.8719,2.1798,0.2906,0.1453,0,0.7266,0.1453,0.1453,0.1453,0,0.1453,0,0,0,0.1453,0,0.7266,0,0.8719,0.1453,0,0.2906,0,0.7266,0.1453,0.2906,0.1453,0.1453,0,0,0.2906,0,0,0,1.4532,0,0.5813,0,0,0,0.1453,0.8719,0.1453,0.1453,0,0.2906,0,0.1453,0,0,0,0,0,0.2906,0.2906,0.1453,0.8719,0,0.436,0,0.2906,0.7266,0.1453,0,0,0,0.1453,0,0.1453,0,0,0,0,0,0,0.2906,0.2906,0,0.1453,0,0,0,0,0.1453,0,0,0.2906,0,1.4532,0.1453,0,0.1453,0,0,0.1453,0,0,0,0,0,0,0.1453,0,0.0971,0.1017,0.1423,0.1497,0.1733,0.1906
1.8904,2.3267,1.1633,2.0358,1.3088,2.0358,0.7271,1.4542,2.3267,0.7271,0.4363,0.1454,0,0.1454,0.4363,0.2908,0,0.2908,0,0,0,0.5817,0.1454,0.5817,0,0.1454,0,0.1454,0.2908,0.4363,0,0.1454,0.1454,0,0.1454,0,0.2908,0.2908,0,0.1454,0.4363,0.5817,0.1454,0.1454,0,0.2908,0,0,0.2908,0.1454,0.5817,0,0.2908,0.1454,0.1454,0,0,0.1454,0,0,0.1454,0.4363,0,0.5817,0.1454,0.1454,0,0,0.5817,0,0.1454,0,0,0,0,0.1454,0,0,0.4363,0,0.1454,0.2908,0.1454,0,0.2908,0.2908,0,0.1454,0.1454,0,0,0,0.1454,0.4363,0.1454,0.5817,0.1454,0.2908,0.5817,0,0,0.1454,0.1454,0,0,0,0.2908,0.1454,0,0,0.1062,0.139,0.1549,0.1449,0.1385,0.1711
1.2067,1.5688,1.3274,2.1721,1.2067,2.1721,0.362,1.3274,1.5688,0.362,0.362,0.1207,0.2413,0.1207,0,0,0,0.1207,0,0.1207,0,0.4827,0,0.362,0,0.362,0,0,0.2413,0.1207,0.1207,0,0.1207,0.2413,0.2413,0.2413,0,0.362,0,0,0.1207,0.6034,0.1207,0.2413,0,0.2413,0.1207,0.362,0.362,0,0.6034,0,0.1207,0,0.2413,0.1207,0,0,0,0.1207,0,0.2413,0.2413,0.724,0.1207,0.2413,0.1207,0.1207,0.362,0,0,0,0,0,0.2413,0,0,0,0.1207,0,0,0.1207,0.2413,0.1207,0.1207,0.2413,0.1207,0.362,0,0,0,0,0.1207,0.2413,0.1207,0.6034,0,0,0.4827,0,0,0,0.1207,0.1207,0,0.1207,0,0,0,0,0.101,0.1627,0.1719,0.1485,0.1292,0.1662
0.6706,2.28,1.0729,2.4141,0.8047,2.4141,0.6706,1.4753,2.28,0.6706,0,0.1341,0,0,0.1341,0,0,0.1341,0.1341,0.1341,0,0.4024,0,0.6706,0,0.8047,0.1341,0,0.2682,0,0.2682,0,0.2682,0.1341,0,0.1341,0,0.2682,0,0,0.1341,0.9388,0.4024,0,0,0,0.1341,0.1341,0.6706,0,0.1341,0,0,0,0.1341,0.1341,0,0.2682,0,0.1341,0,0.4024,0,0.2682,0,0,0.2682,0.2682,0.6706,0.4024,0,0,0.1341,0.4024,0,0,0,0.1341,0,0,0.1341,0,0.1341,0.2682,0.4024,0.4024,0,0.1341,0,0,0,0.2682,0.1341,0.4024,0.1341,0.8047,0.1341,0,0.4024,0,0,0.1341,0,0.2682,0,0.1341,0,0,0.1341,0,0.1216,0.0964,0.1599,0.1453,0.189,0.1537
1.2483,1.8031,1.5257,2.3579,0.9709,2.3579,0.4161,0.6935,1.8031,0.4161,0.2774,0,0.2774,0,0.2774,0.2774,0,0,0,0,0,0.2774,0.1387,0.2774,0,0.5548,0,0.1387,0.2774,0.1387,0.6935,0,0.1387,0.2774,0.1387,0.1387,0,0.1387,0,0,0.1387,0.8322,0.4161,0.2774,0,0,0,0,0.6935,0,0,0.1387,0.2774,0,0,0.1387,0.1387,0.1387,0,0.1387,0.1387,0.4161,0,0.8322,0,0.1387,0.2774,0.1387,0.2774,0.1387,0,0,0,0.1387,0.1387,0,0,0,0.1387,0,0,0.1387,0,0,0.1387,0.2774,0,0,0.1387,0,0,0,0.1387,0.2774,0.1387,0.8322,0,0.1387,0.2774,0,0,0,0,0.2774,0.1387,0,0,0,0,0,0.1247,0.1375,0.1513,0.1617,0.1444,0.1417
0.6512,2.1165,0.6512,1.9537,0.1628,1.9537,0.814,0.4884,2.1165,0.814,0,0.1628,0,0,0.1628,0,0,0,0,0.1628,0.1628,0.4884,0.1628,0.6512,0,0.3256,0,0,0.3256,0,0.1628,0,0,0,0,0,0,0.1628,0.1628,0.1628,0,0.3256,0,0.6512,0,0.3256,0.1628,0,0.3256,0.1628,0,0,0,0,0,0,0,0.1628,0,0,0,0.1628,0,0.3256,0,0.6512,0.1628,0,0.6512,0,0.3256,0.1628,0.1628,0,0,0.1628,0,0,0,0,0,0,0,0,0,0,0,0.1628,0.1628,0.1628,0,0.6512,0.1628,0.1628,0,0.3256,0.1628,0,0.4884,0.1628,0,0.1628,0,0.1628,0,0.1628,0.3256,0,0,0,0.0697,0.1414,0.1661,0.1743,0.1613,0.1243
1.1205,1.8209,0.8404,1.6808,0.2801,1.6808,0.2801,0.2801,1.8209,0.2801,0.2801,0.1401,0.1401,0,0.1401,0.1401,0.1401,0,0,0.1401,0.1401,0.4202,0,0.5603,0,0.2801,0.1401,0,0.2801,0,0.2801,0.1401,0,0.1401,0,0.1401,0,0.1401,0,0,0.1401,0.2801,0.1401,0.5603,0,0.2801,0,0,0.2801,0,0,0,0,0,0,0,0,0,0.1401,0,0.1401,0.1401,0,0.2801,0,0.5603,0,0,0.5603,0,0,0.1401,0.1401,0,0,0,0,0,0,0,0,0,0.1401,0,0.1401,0,0,0,0,0,0.1401,0.5603,0.1401,0.1401,0,0.2801,0,0,0.4202,0.1401,0,0,0.1401,0,0,0,0,0,0.1401,0,0.0821,0.1537,0.1429,0.1664,0.1739,0.1409
